"x","y","Mx","My","Mz"
-3.455751918948773,-3.455751918948773,0.0015169002481013663,0.0015169065147968357,-5.656366564368853e-11
-3.346045508823415,-3.455751918948773,0.0012239839785251247,0.0010256829818257142,-4.510039184561082e-11
-3.236339098698057,-3.455751918948773,0.0010642767483812579,0.0007226179545538625,-3.9341869931090734e-11
-3.126632688572699,-3.455751918948773,0.00101427840790964,0.000538178017789024,-3.8193999720749494e-11
-3.0169262784473414,-3.455751918948773,0.0010667449472071201,0.00042682994231468385,-4.145220505822472e-11
-2.9072198683219836,-3.455751918948773,0.001231161502002003,0.0003595580705569796,-4.9810984763948296e-11
-2.7975134581966254,-3.455751918948773,0.0015337967933102632,0.0003176924676947828,-6.491683286844602e-11
-2.6878070480712677,-3.455751918948773,0.0020166746049553397,0.0002885065280939608,-8.941982874641208e-11
-2.57810063794591,-3.455751918948773,0.0027335709108595534,0.0002625883179030558,-1.2690802965800718e-10
-2.468394227820552,-3.455751918948773,0.003740414503276857,0.00023294171284501215,-1.8154610692371065e-10
-2.358687817695194,-3.455751918948773,0.005077954283276491,0.00019575413714475933,-2.572255993274486e-10
-2.248981407569836,-3.455751918948773,0.006747095417580989,0.0001524619722452331,-3.561328744926262e-10
-2.1392749974444785,-3.455751918948773,0.00868209737236656,0.00011204009755285413,-4.76902076856911e-10
-2.0295685873191207,-3.455751918948773,0.010732372399137963,0.000091640187843156,-6.129069612947902e-10
-1.9198621771937627,-3.455751918948773,0.012666349941136322,0.00011356516394518939,-7.51572606233486e-10
-1.8101557670684048,-3.455751918948773,0.014206659868572277,0.00019787538774331155,-8.755656633746556e-10
-1.700449356943047,-3.455751918948773,0.015093537556135222,0.00035260292985965155,-9.661413205921954e-10
-1.590742946817689,-3.455751918948773,0.015157588969736265,0.0005661273614457098,-1.0079047171526745e-9
-1.4810365366923313,-3.455751918948773,0.014373400801605977,0.0008065625104576165,-9.933108302898064e-10
-1.3713301265669733,-3.455751918948773,0.012870036333613532,0.0010299822174375996,-9.250269239827191e-10
-1.2616237164416155,-3.455751918948773,0.010892821689142303,0.0011944603395455042,-8.150962613195922e-10
-1.1519173063162575,-3.455751918948773,0.008732872937403704,0.0012734717254369028,-6.812780339870983e-10
-1.0422108961908998,-3.455751918948773,0.00665352564906684,0.0012626448641518324,-5.421557833749924e-10
-0.9325044860655419,-3.455751918948773,0.00483976114336789,0.001177761868584919,-4.1292216044000463e-10
-0.8227980759401841,-3.455751918948773,0.0033819547690306134,0.0010464417846777685,-3.031055426181567e-10
-0.7130916658148262,-3.455751918948773,0.00228904297039261,0.000898289013259077,-2.164340351905325e-10
-0.6033852556894683,-3.455751918948773,0.0015170092299584144,0.0007576356544254753,-1.5218277853168427e-10
-0.4936788455641104,-3.455751918948773,0.000998469653255351,0.0006406175499410213,-1.0706221206888827e-10
-0.38397243543875254,-3.455751918948773,0.0006646875493910659,0.0005560665948897423,-7.690264581822898e-11
-0.27426602531339467,-3.455751918948773,0.00045773492907087173,0.0005086696437225532,-5.778787165585872e-11
-0.1645596151880368,-3.455751918948773,0.00033470574336444907,0.0005030235215090603,-4.663012467473471e-11
-0.054853205062678934,-3.455751918948773,0.00026732476791620045,0.0005479873943005633,-4.13540439956131e-11
0.054853205062678934,-3.455751918948773,0.00023992405500965016,0.0006614798217398856,-4.088688480667624e-11
0.1645596151880368,-3.455751918948773,0.00024773804568757347,0.0008762258842935052,-4.5102822518461316e-11
0.27426602531339467,-3.455751918948773,0.0002965055634721572,0.001246742692451035,-5.479573327200893e-11
0.38397243543875254,-3.455751918948773,0.0004036239894391762,0.0018568812788708538,-7.168236913334541e-11
0.4936788455641104,-3.455751918948773,0.0006003938675494084,0.002825347365618026,-9.836905465535062e-11
0.6033852556894683,-3.455751918948773,0.0009339635880122976,0.00430394725003206,-1.3815266508912516e-10
0.7130916658148262,-3.455751918948773,0.001466402817633365,0.006460891491662442,-1.9449014230718542e-10
0.8227980759401841,-3.455751918948773,0.0022673912315075533,0.00944170732052532,-2.7000562896617453e-10
0.9325044860655419,-3.455751918948773,0.0033974103586782217,0.013306246855890746,-3.650630240811803e-10
1.0422108961908998,-3.455751918948773,0.004881319325467454,0.017953348005120422,-4.762179851847126e-10
1.1519173063162575,-3.455751918948773,0.006677994533634216,0.02306123210907136,-5.951782174745679e-10
1.2616237164416155,-3.455751918948773,0.008658213595861617,0.028081588509371216,-7.090268060172544e-10
1.3713301265669733,-3.455751918948773,0.01060573820707168,0.032316367482388,-8.021891761966771e-10
1.4810365366923313,-3.455751918948773,0.012251252289057265,0.035074397970507445,-8.599244961937647e-10
1.590742946817689,-3.455751918948773,0.01333514373081428,0.035862184049778416,-8.722928594717683e-10
1.700449356943047,-3.455751918948773,0.013679159121173023,0.03453496266700934,-8.370898176013331e-10
1.8101557670684048,-3.455751918948773,0.013238627309253447,0.031342377806672185,-7.605141100208712e-10
1.9198621771937627,-3.455751918948773,0.012113107712548686,0.026848259835264836,-6.552840318974074e-10
2.0295685873191207,-3.455751918948773,0.010511790121438835,0.021761052458860716,-5.370182701303072e-10
2.1392749974444785,-3.455751918948773,0.008690121917489472,0.01674699919960324,-4.203435776534148e-10
2.248981407569836,-3.455751918948773,0.006884362421174585,0.012294274351393878,-3.160739517338307e-10
2.358687817695194,-3.455751918948773,0.005266669294552742,0.00866113045154515,-2.301101887161594e-10
2.468394227820552,-3.455751918948773,0.003929802500786405,0.0058998558217912755,-1.6390119253126278e-10
2.57810063794591,-3.455751918948773,0.002896811800106506,0.003923111787209103,-1.1580794483101453e-10
2.6878070480712677,-3.455751918948773,0.002143861388743975,0.0025767487838891374,-8.264580708162994e-11
2.7975134581966254,-3.455751918948773,0.0016246270346029,0.0016959417758636874,-6.092108805269558e-11
2.9072198683219836,-3.455751918948773,0.0012892973759176213,0.0011373723964782088,-4.759341618726376e-11
3.0169262784473414,-3.455751918948773,0.0010962532578656205,0.000791082846318188,-4.0425364553238474e-11
3.126632688572699,-3.455751918948773,0.0010177494223918427,0.0005796738445127052,-3.8077560635813024e-11
3.236339098698057,-3.455751918948773,0.0010420387712538753,0.0004518380974117529,-4.010371082528025e-11
3.346045508823415,-3.455751918948773,0.0011740198882345765,0.00037473736150121865,-4.694944769328274e-11
3.455751918948773,-3.455751918948773,0.0014354154372438704,0.0003273928167977849,-5.999494445078218e-11
-3.455751918948773,-3.346045508823415,0.0010256780432949363,0.0012239890638463644,-4.5099907424080155e-11
-3.346045508823415,-3.346045508823415,0.0008246942406361246,0.0008246982200148652,-3.608624412742428e-11
-3.236339098698057,-3.346045508823415,0.0007167499360834215,0.0005795424667529968,-3.156294821858585e-11
-3.126632688572699,-3.346045508823415,0.0006848887172049012,0.00043105292989860204,-3.067374934780098e-11
-3.0169262784473414,-3.346045508823415,0.0007242989625061467,0.0003416340677082042,-3.326162603808566e-11
-2.9072198683219836,-3.346045508823415,0.0008425854477133118,0.0002871382933141667,-3.987665465844323e-11
-2.7975134581966254,-3.346045508823415,0.0010599977989670243,0.0002515403077789955,-5.1817803194999235e-11
-2.6878070480712677,-3.346045508823415,0.0014090953871276266,0.000223046273148537,-7.117335616268344e-11
-2.57810063794591,-3.346045508823415,0.0019323915228545633,0.0001916523696603871,-1.007690425243804e-10
-2.468394227820552,-3.346045508823415,0.002675869157143336,0.0001482138020789999,-1.4388288455645382e-10
-2.358687817695194,-3.346045508823415,0.003676437479174476,0.00008517075862555113,-2.0357370216633752e-10
-2.248981407569836,-3.346045508823415,0.004943127852254578,-1.1063796057381864e-6,-2.8154769618135567e-10
-2.1392749974444785,-3.346045508823415,0.006435448658582206,-0.0001070302405022077,-3.766955896516988e-10
-2.0295685873191207,-3.346045508823415,0.008046890952191198,-0.00021919507851939513,-4.83742434130574e-10
-1.9198621771937627,-3.346045508823415,0.009604393532939216,-0.00031471391635352376,-5.927136888933537e-10
-1.8101557670684048,-3.346045508823415,0.01089217420437145,-0.0003661651698985552,-6.898994943035919e-10
-1.700449356943047,-3.346045508823415,0.011699226522277706,-0.00035064672188306594,-7.605280571976181e-10
-1.590742946817689,-3.346045508823415,0.01187712699984482,-0.00025956496517161396,-7.925435169253703e-10
-1.4810365366923313,-3.346045508823415,0.01138598783293559,-0.0001042231784898701,-7.801456737566159e-10
-1.3713301265669733,-3.346045508823415,0.010308376580769609,0.00008633253832193363,-7.256096938579315e-10
-1.2616237164416155,-3.346045508823415,0.008824463392319046,0.0002747845647653917,-6.385673214162613e-10
-1.1519173063162575,-3.346045508823415,0.0071592542988418734,0.0004278972491123744,-5.330746083269389e-10
-1.0422108961908998,-3.346045508823415,0.005524124124531294,0.0005260198013905966,-4.237435337513251e-10
-0.9325044860655419,-3.346045508823415,0.004074018713785276,0.0005661321920330149,-3.2244278861531805e-10
-0.8227980759401841,-3.346045508823415,0.0028909321377282955,0.0005586023045177322,-2.3654963404728946e-10
-0.7130916658148262,-3.346045508823415,0.0019913216614442677,0.0005206572050873703,-1.6888484100779921e-10
-0.6033852556894683,-3.346045508823415,0.0013470659947959118,0.0004700977442687673,-1.187997040151545e-10
-0.4936788455641104,-3.346045508823415,0.000908650534026438,0.00042146763398783036,-8.366838320263137e-11
-0.38397243543875254,-3.346045508823415,0.0006232013478138076,0.00038511538379717064,-6.020488420950196e-11
-0.27426602531339467,-3.346045508823415,0.00044500891679707374,0.00036845344731244043,-4.534052961639029e-11
-0.1645596151880368,-3.346045508823415,0.00033968629325501485,0.00037849680221200996,-3.666336174544191e-11
-0.054853205062678934,-3.346045508823415,0.0002844612425567681,0.00042513412359290606,-3.2554591455295073e-11
0.054853205062678934,-3.346045508823415,0.0002669460609970871,0.0005250918709978217,-3.217698281215639e-11
0.1645596151880368,-3.346045508823415,0.000283966869344012,0.000706856190139456,-3.54296760657867e-11
0.27426602531339467,-3.346045508823415,0.00034125004162986153,0.001016696082656983,-4.292678333021188e-11
0.38397243543875254,-3.346045508823415,0.0004541177869601058,0.0015251799001920411,-5.600128813367661e-11
0.4936788455641104,-3.346045508823415,0.0006487293013447228,0.002332022467576037,-7.668315309995732e-11
0.6033852556894683,-3.346045508823415,0.0009626660348550697,0.003564853613753632,-1.0755168934270531e-10
0.7130916658148262,-3.346045508823415,0.0014428397062622971,0.005365435342547251,-1.513318862583768e-10
0.8227980759401841,-3.346045508823415,0.0021382309086665436,0.007856970735234853,-2.1012812323473185e-10
0.9325044860655419,-3.346045508823415,0.0030856644564474615,0.011091071459072612,-2.843088308182584e-10
1.0422108961908998,-3.346045508823415,0.004289466821307321,0.014983959509866926,-3.712797534694001e-10
1.1519173063162575,-3.346045508823415,0.005700266844774538,0.019265580797039137,-4.646360639987135e-10
1.2616237164416155,-3.346045508823415,0.007202499767175297,0.023473965059756696,-5.542946050068887e-10
1.3713301265669733,-3.346045508823415,0.008621043251143705,0.027019894954553737,-6.280043308298788e-10
1.4810365366923313,-3.346045508823415,0.009752132784505079,0.029319846181533972,-6.740836222540736e-10
1.590742946817689,-3.346045508823415,0.010412940131623312,0.02995837362349669,-6.845706918001682e-10
1.700449356943047,-3.346045508823415,0.010493144051599044,0.028816540794747346,-6.575848390116823e-10
1.8101557670684048,-3.346045508823415,0.009987672573658131,0.026109987085073946,-5.979032997871503e-10
1.9198621771937627,-3.346045508823415,0.008996548223758151,0.022319268426183335,-5.155014713709161e-10
2.0295685873191207,-3.346045508823415,0.007692451906351119,0.01804441862923279,-4.2269412275919294e-10
2.1392749974444785,-3.346045508823415,0.006270739313523789,0.013846048321598267,-3.310403383707805e-10
2.248981407569836,-3.346045508823415,0.004902183044487145,0.010131225967173746,-2.490943276298174e-10
2.358687817695194,-3.346045508823415,0.003703736975190771,0.007111574700884154,-1.8152538760335402e-10
2.468394227820552,-3.346045508823415,0.0027318076098068102,0.004825526622519181,-1.2948291440786908e-10
2.57810063794591,-3.346045508823415,0.001992836181796136,0.0031955888560116917,-9.167873578352914e-11
2.6878070480712677,-3.346045508823415,0.0014617640449351337,0.0020900576020087616,-6.560831348687013e-11
2.7975134581966254,-3.346045508823415,0.0011001199969953054,0.001369925754361506,-4.852641812685965e-11
2.9072198683219836,-3.346045508823415,0.0008692840219997388,0.0009153120702894709,-3.8046243672901214e-11
3.0169262784473414,-3.346045508823415,0.0007381483037206233,0.0006348152862938623,-3.241293350256594e-11
3.126632688572699,-3.346045508823415,0.0006865309653410703,0.0004644045078729722,-3.057745907603798e-11
3.236339098698057,-3.346045508823415,0.0007062764819266371,0.0003617278851221936,-3.21927582248166e-11
3.346045508823415,-3.346045508823415,0.0008015775350995049,0.00029955592370475555,-3.7613146267306136e-11
3.455751918948773,-3.346045508823415,0.0009892255104314073,0.0002600953513838463,-4.792809627906375e-11
-3.455751918948773,-3.236339098698057,0.0007226136036400078,0.0010642812848241322,-3.934109884650566e-11
-3.346045508823415,-3.236339098698057,0.0005795389901790866,0.0007167534572046563,-3.1562630818399856e-11
-3.236339098698057,-3.236339098698057,0.0005048551945901689,0.0005048582369338746,-2.7660920266531913e-11
-3.126632688572699,-3.236339098698057,0.0004857264950245174,0.00037796182554487834,-2.690126469024126e-11
-3.0169262784473414,-3.236339098698057,0.0005190586358616825,0.00030312015526794904,-2.9150611774702434e-11
-2.9072198683219836,-3.236339098698057,0.0006116460838842554,0.0002592565177525104,-3.4884741579796485e-11
-2.7975134581966254,-3.236339098698057,0.0007805412961338037,0.00023231330318856849,-4.5223931153734465e-11
-2.6878070480712677,-3.236339098698057,0.0010531953763268005,0.0002116161577627824,-6.196669186889908e-11
-2.57810063794591,-3.236339098698057,0.0014661544268060268,0.00018743553420033301,-8.754344666718483e-11
-2.468394227820552,-3.236339098698057,0.0020604799423866666,0.00014983473449734874,-1.2476871619204744e-10
-2.358687817695194,-3.236339098698057,0.00287203622150682,0.00008906870494815072,-1.7625943152937973e-10
-2.248981407569836,-3.236339098698057,0.003916022515467835,-2.253059923084527e-6,-2.4345451436064147e-10
-2.1392749974444785,-3.236339098698057,0.005168064512040914,-0.00012554665928932868,-3.2535224731358725e-10
-2.0295685873191207,-3.236339098698057,0.006548226582370666,-0.00027246588722044983,-4.1735163328754377e-10
-1.9198621771937627,-3.236339098698057,0.007917279946696328,-0.0004231887435335777,-5.108087113014914e-10
-1.8101557670684048,-3.236339098698057,0.009093365052056789,-0.0005490386917749879,-5.93894108370796e-10
-1.700449356943047,-3.236339098698057,0.009890078542989237,-0.0006200798950782948,-6.53922335551449e-10
-1.590742946817689,-3.236339098698057,0.010166116350354238,-0.000615460263554597,-6.806137927556355e-10
-1.4810365366923313,-3.236339098698057,0.009867999784744305,-0.0005319055922943542,-6.691226383734317e-10
-1.3713301265669733,-3.236339098698057,0.009047502788585005,-0.000385883091829188,-6.215586439636822e-10
-1.2616237164416155,-3.236339098698057,0.007845726143581058,-0.00020800271535960368,-5.463185407533766e-10
-1.1519173063162575,-3.236339098698057,0.0064508975997877695,-0.00003237058640034006,-4.5553055468341985e-10
-1.0422108961908998,-3.236339098698057,0.005047987719978767,0.00011395772181873156,-3.617236232766885e-10
-0.9325044860655419,-3.236339098698057,0.003779152869934674,0.00021703595947824314,-2.7501375851092524e-10
-0.8227980759401841,-3.236339098698057,0.0027257832566721972,0.0002762362120996715,-2.0163724943206285e-10
-0.7130916658148262,-3.236339098698057,0.0019117609268003294,0.0003002552609398967,-1.4392736362531938e-10
-0.6033852556894683,-3.236339098698057,0.001319819901094027,0.0003018565004944365,-1.012670040054578e-10
-0.4936788455641104,-3.236339098698057,0.0009112414655187762,0.0002937456265934628,-7.13736326984904e-11
-0.38397243543875254,-3.236339098698057,0.0006420131172958414,0.0002866110848455967,-5.1422495764546355e-11
-0.27426602531339467,-3.236339098698057,0.00047284120906622976,0.0002892175721960102,-3.878859055781933e-11
-0.1645596151880368,-3.236339098698057,0.0003736125504103018,0.00030997756560239046,-3.141416413023762e-11
-0.054853205062678934,-3.236339098698057,0.00032429419792897115,0.00035953156843915524,-2.7919924374840074e-11
0.054853205062678934,-3.236339098698057,0.00031427780936230045,0.000454205052785592,-2.7592379498852376e-11
0.1645596151880368,-3.236339098698057,0.000341570927515963,0.000620463064419192,-3.034421086796357e-11
0.27426602531339467,-3.236339098698057,0.00041253669898318044,0.0009004050297224146,-3.6695922776136536e-11
0.38397243543875254,-3.236339098698057,0.0005422594469607102,0.0013577071218777693,-4.7780193430241313e-11
0.4936788455641104,-3.236339098698057,0.0007550172681707668,0.0020820502787804885,-6.532618825223768e-11
0.6033852556894683,-3.236339098698057,0.001083704530442832,0.003188065919561821,-9.153913412864034e-11
0.7130916658148262,-3.236339098698057,0.0015664749413827168,0.0048029791297245555,-1.2876333029335219e-10
0.8227980759401841,-3.236339098698057,0.0022387865074398575,0.007037228073705836,-1.7883470052049155e-10
0.9325044860655419,-3.236339098698057,0.0031200670360363426,0.009936758024275811,-2.4212907547005447e-10
1.0422108961908998,-3.236339098698057,0.004196804980046024,0.01342559991822256,-3.165036080443606e-10
1.1519173063162575,-3.236339098698057,0.005407482159019981,0.01726008629620288,-3.965490002338923e-10
1.2616237164416155,-3.236339098698057,0.006637496607064075,0.021023934360708093,-4.736722923615044e-10
1.3713301265669733,-3.236339098698057,0.007731426757900684,0.024186895384962687,-5.37364141031671e-10
1.4810365366923313,-3.236339098698057,0.00852417104586228,0.026225094302320714,-5.775365758547979e-10
1.590742946817689,-3.236339098698057,0.008883329656213908,0.02676773662658419,-5.872415071578319e-10
1.700449356943047,-3.236339098698057,0.008747597135844682,0.02571254775337774,-5.647353956000911e-10
1.8101557670684048,-3.236339098698057,0.008145246578838774,0.02325887613728576,-5.140171639023139e-10
1.9198621771937627,-3.236339098698057,0.007184657546576469,0.019843194031347957,-4.436030761473253e-10
2.0295685873191207,-3.236339098698057,0.006021298706285933,0.016006662148909726,-3.640737451099385e-10
2.1392749974444785,-3.236339098698057,0.004815424741390875,0.012251693691700486,-2.853976404162961e-10
2.248981407569836,-3.236339098698057,0.0036966452433699684,0.008940123807926607,-2.1497360488953454e-10
2.358687817695194,-3.236339098698057,0.0027455439265556504,0.006257122133360074,-1.568559765581512e-10
2.468394227820552,-3.236339098698057,0.001993378198974472,0.0042327574691937144,-1.1206144822847874e-10
2.57810063794591,-3.236339098698057,0.0014339707862006472,0.002794401171548416,-7.950036484162537e-11
2.6878070480712677,-3.236339098698057,0.0010398058670851582,0.0018223650419006599,-5.703024641076637e-11
2.7975134581966254,-3.236339098698057,0.0007762261534020884,0.0011917048234545576,-4.2297517051370637e-11
2.9072198683219836,-3.236339098698057,0.0006110049165059803,0.0007954341909935588,-3.325410606602741e-11
3.0169262784473414,-3.236339098698057,0.0005193504828344941,0.000552459900821672,-2.839350412772723e-11
3.126632688572699,-3.236339098698057,0.00048578803814265675,0.0004062823898094444,-2.6815318086674533e-11
3.236339098698057,-3.236339098698057,0.0005045601158670024,0.0003197355708564318,-2.8222902530641858e-11
3.346045508823415,-3.236339098698057,0.0005797351453653655,0.00026903678485097485,-3.2923490865012506e-11
3.455751918948773,-3.236339098698057,0.000725528522909631,0.00023862569840674903,-4.185713630084145e-11
-3.455751918948773,-3.126632688572699,0.0005381736425287628,0.0010142829125970778,-3.819306958370572e-11
-3.346045508823415,-3.126632688572699,0.00043104946139007754,0.000684892185416908,-3.067323294230623e-11
-3.236339098698057,-3.126632688572699,0.000377958825889852,0.0004857294551491981,-2.6901043458787965e-11
-3.126632688572699,-3.126632688572699,0.0003684820589108833,0.00036848493620324734,-2.616939342092381e-11
-3.0169262784473414,-3.126632688572699,0.00040080242197363416,0.0003020251808190829,-2.8350686652901108e-11
-2.9072198683219836,-3.126632688572699,0.0004817690629084676,0.00026674639588051695,-3.390414484534185e-11
-2.7975134581966254,-3.126632688572699,0.0006274161743233049,0.0002498528265312754,-4.390959302972078e-11
-2.6878070480712677,-3.126632688572699,0.0008634986226485361,0.00024172153953638402,-6.009840785832846e-11
-2.57810063794591,-3.126632688572699,0.0012249189342203376,0.0002332777906049475,-8.480628959500747e-11
-2.468394227820552,-3.126632688572699,0.0017522888901049466,0.00021444596782043605,-1.2073068944313398e-10
-2.358687817695194,-3.126632688572699,0.002483688012447567,0.00017400606996280474,-1.703660068921864e-10
-2.248981407569836,-3.126632688572699,0.0034406221738309526,0.00010128510440592965,-2.3505592047431967e-10
-2.1392749974444785,-3.126632688572699,0.004609794629822899,-0.0000102533123903317,-3.1377905135299144e-10
-2.0295685873191207,-3.126632688572699,0.0059262201122932375,-0.0001584154106294049,-4.0204451530120866e-10
-1.9198621771937627,-3.126632688572699,0.00726653285936772,-0.00032878293113288055,-4.914872215808219e-10
-1.8101557670684048,-3.126632688572699,0.008461050945976744,-0.0004949874218245268,-5.707215620237571e-10
-1.700449356943047,-3.126632688572699,0.00932717965917247,-0.0006243855907987839,-6.276035437874361e-10
-1.590742946817689,-3.126632688572699,0.009716451346442813,-0.0006880648109325311,-6.523681135225945e-10
-1.4810365366923313,-3.126632688572699,0.009558338664779256,-0.0006711621590028559,-6.40512056587772e-10
-1.3713301265669733,-3.126632688572699,0.008882399580616715,-0.0005784809206627519,-5.942091246130543e-10
-1.2616237164416155,-3.126632688572699,0.0078087922314272066,-0.0004324827039545488,-5.216206884831043e-10
-1.1519173063162575,-3.126632688572699,0.006511505460288771,-0.0002647687323609942,-4.3441497187685085e-10
-1.0422108961908998,-3.126632688572699,0.005170376396870742,-0.00010542386607669267,-3.4457254584341346e-10
-0.9325044860655419,-3.126632688572699,0.003930576201346927,0.000024986922820531207,-2.617126758364119e-10
-0.8227980759401841,-3.126632688572699,0.002881536072904311,0.00011824593052081687,-1.9172107065985877e-10
-0.7130916658148262,-3.126632688572699,0.0020566675285776993,0.00017662720114503807,-1.367558045972661e-10
-0.6033852556894683,-3.126632688572699,0.001447095708635199,0.00020870369142930002,-9.617471511021158e-11
-0.4936788455641104,-3.126632688572699,0.0010201193740821885,0.00022526021182950535,-6.776733178521371e-11
-0.38397243543875254,-3.126632688572699,0.0007353102279977284,0.00023675467740156463,-4.882366397025023e-11
-0.27426602531339467,-3.126632688572699,0.0005551287081747977,0.00025266327772564834,-3.6835640223817356e-11
-0.1645596151880368,-3.126632688572699,0.00045017798155278996,0.00028242185343579825,-2.984168034209089e-11
-0.054853205062678934,-3.126632688572699,0.0004007987420834796,0.00033758980483326976,-2.6528718620726782e-11
0.054853205062678934,-3.126632688572699,0.0003969012837287612,0.0004350710066063621,-2.6217943018425754e-11
0.1645596151880368,-3.126632688572699,0.00043742027192533435,0.0006014289763848266,-2.8826090928309178e-11
0.27426602531339467,-3.126632688572699,0.000530080591487409,0.0008782602332905062,-3.484795340746166e-11
0.38397243543875254,-3.126632688572699,0.0006914867810038835,0.001327989639649831,-4.5361538527147194e-11
0.4936788455641104,-3.126632688572699,0.0009469021880175202,0.0020381377180825923,-6.201544941637771e-11
0.6033852556894683,-3.126632688572699,0.0013284730175899147,0.003120180624986204,-8.69179990568153e-11
0.7130916658148262,-3.126632688572699,0.0018702622009228258,0.004697357519242796,-1.2232092682501472e-10
0.8227980759401841,-3.126632688572699,0.002598732375477076,0.006875926773320361,-1.7000635751593385e-10
0.9325044860655419,-3.126632688572699,0.003518794966914895,0.009698719242802864,-2.3037987142981997e-10
1.0422108961908998,-3.126632688572699,0.004598352694262488,0.013089491968223574,-3.014542513182783e-10
1.1519173063162575,-3.126632688572699,0.005757482626562177,0.01680893128298504,-3.7812022610217433e-10
1.2616237164416155,-3.126632688572699,0.006869916765286284,0.020450689731310298,-4.5220264685563727e-10
1.3713301265669733,-3.126632688572699,0.007781988040964597,0.023499307760832547,-5.136482940371057e-10
1.4810365366923313,-3.126632688572699,0.008347264415910896,0.025447809737119464,-5.527488328160857e-10
1.590742946817689,-3.126632688572699,0.008466516296013494,0.025940226588681635,-5.627496333510118e-10
1.700449356943047,-3.126632688572699,0.008117618108306458,0.024882840226739648,-5.418558345071656e-10
1.8101557670684048,-3.126632688572699,0.007362545942465636,0.02247476369574782,-4.937876080246539e-10
1.9198621771937627,-3.126632688572699,0.006328327735607544,0.019143659862300596,-4.2663965936495796e-10
2.0295685873191207,-3.126632688572699,0.0051703185254483915,0.015416128519801762,-3.5054311536830696e-10
2.1392749974444785,-3.126632688572699,0.004032915281547928,0.011778443033767558,-2.7508990224633934e-10
2.248981407569836,-3.126632688572699,0.0030215269847530765,0.008578580948743355,-2.0743259714073314e-10
2.358687817695194,-3.126632688572699,0.0021922253575746703,0.005992463025321728,-1.5151876368163508e-10
2.468394227820552,-3.126632688572699,0.001557109789682768,0.004045981037576871,-1.0837021991588758e-10
2.57810063794591,-3.126632688572699,0.0010984048482197886,0.002666457889022087,-7.697161115947926e-11
2.6878070480712677,-3.126632688572699,0.0007839115687379436,0.0017367269444278784,-5.528272750601054e-11
2.7975134581966254,-3.126632688572699,0.0005790833122963179,0.001135448092233577,-4.105039832363877e-11
2.9072198683219836,-3.126632688572699,0.0004542588347341593,0.0007592750018316162,-3.2308686000008524e-11
3.0169262784473414,-3.126632688572699,0.0003878322259623253,0.0005302511605713347,-2.7609118387773163e-11
3.126632688572699,-3.126632688572699,0.00036700007620052525,0.0003943677409401261,-2.608517086144166e-11
3.236339098698057,-3.126632688572699,0.0003876127359018964,0.00031639193430987487,-2.745159682253709e-11
3.346045508823415,-3.126632688572699,0.0004541210672601056,0.00027408994339932734,-3.2005180678005424e-11
3.455751918948773,-3.126632688572699,0.0005799872135884528,0.0002532142334627406,-4.065232238293845e-11
-3.455751918948773,-3.0169262784473414,0.0004268249276561054,0.0010667499229607864,-4.145121453111994e-11
-3.346045508823415,-3.0169262784473414,0.0003416301139051954,0.0007243027675025967,-3.326097871517858e-11
-3.236339098698057,-3.0169262784473414,0.0003031167685860784,0.0005190618467293673,-2.91502205945586e-11
-3.126632688572699,-3.0169262784473414,0.00030202197338727614,0.0004008054986815049,-2.8350495995949077e-11
-3.0169262784473414,-3.0169262784473414,0.0003375820615427579,0.0003375854441765125,-3.072239573745188e-11
-2.9072198683219836,-3.0169262784473414,0.0004175236226262782,0.0003098373022808572,-3.676374954247538e-11
-2.7975134581966254,-3.0169262784473414,0.0005587803596360226,0.0003054382736347111,-4.7645516546880595e-11
-2.6878070480712677,-3.0169262784473414,0.0007884533504165709,0.000315806601723771,-6.524344253874478e-11
-2.57810063794591,-3.0169262784473414,0.0011438475218172454,0.00033286865536618233,-9.208308649009261e-11
-2.468394227820552,-3.0169262784473414,0.0016697087063490515,0.00034688353580229807,-1.3107114926833724e-10
-2.358687817695194,-3.0169262784473414,0.0024104503231275453,0.0003454849840684856,-1.8487687249157947e-10
-2.248981407569836,-3.0169262784473414,0.0033959307708680197,0.00031458838420601225,-2.549018645898321e-10
-2.1392749974444785,-3.0169262784473414,0.004621910451225953,0.00024164970129514568,-3.3996981054981723e-10
-2.0295685873191207,-3.0169262784473414,0.006030503415603664,0.00012087510516353706,-4.351481965557402e-10
-1.9198621771937627,-3.0169262784473414,0.0074999187412897635,-0.00004146740333688462,-5.313393384130671e-10
-1.8101557670684048,-3.0169262784473414,0.008853347867987107,-0.0002246322205307189,-6.162353865038495e-10
-1.700449356943047,-3.0169262784473414,0.009891372812153135,-0.00039651815054270916,-6.767839700119738e-10
-1.590742946817689,-3.0169262784473414,0.010441533183526554,-0.0005225659549356631,-7.02572624210196e-10
-1.4810365366923313,-3.0169262784473414,0.010408017406927319,-0.0005772570779792397,-6.889081475419667e-10
-1.3713301265669733,-3.0169262784473414,0.009801015351304187,-0.0005529214246454599,-6.382912896146786e-10
-1.2616237164416155,-3.0169262784473414,0.008732773131286155,-0.00046155509284696427,-5.596235332777644e-10
-1.1519173063162575,-3.0169262784473414,0.007382373277730455,-0.0003290592829413193,-4.6550638344022843e-10
-1.0422108961908998,-3.0169262784473414,0.005944957853670566,-0.00018524348663514047,-3.6880460881419386e-10
-0.9325044860655419,-3.0169262784473414,0.004585726970057036,-0.000054516831931159925,-2.797958397089684e-10
-0.8227980759401841,-3.0169262784473414,0.0034132046054707404,0.00004920431221431404,-2.04728491971784e-10
-0.7130916658148262,-3.0169262784473414,0.0024751145912376713,0.0001227278617882986,-1.458542050157552e-10
-0.6033852556894683,-3.0169262784473414,0.0017707838186546757,0.0001706289784513755,-1.0243657213703655e-10
-0.4936788455641104,-3.0169262784473414,0.0012703197609222638,0.00020148118668429925,-7.207511334723221e-11
-0.38397243543875254,-3.0169262784473414,0.0009324770391423769,0.00022503622574853355,-5.1848082088541e-11
-0.27426602531339467,-3.0169262784473414,0.0007171750946494831,0.0002510828497498261,-3.9059743232785354e-11
-0.1645596151880368,-3.0169262784473414,0.000592260818382314,0.0002899765420595254,-3.160568871505773e-11
-0.054853205062678934,-3.0169262784473414,0.0005360778117168458,0.00035459099328432063,-2.807923343709287e-11
0.054853205062678934,-3.0169262784473414,0.0005378281327005198,0.00046354014577715236,-2.7754274464601714e-11
0.1645596151880368,-3.0169262784473414,0.0005972559092158247,0.0006456674522665915,-3.0542901053361854e-11
0.27426602531339467,-3.0169262784473414,0.0007244125850218415,0.0009456962939578537,-3.6976738945065923e-11
0.38397243543875254,-3.0169262784473414,0.0009394524475231056,0.0014302966008780365,-4.8213543725993124e-11
0.4936788455641104,-3.0169262784473414,0.001271631522364707,0.0021924431688821813,-6.602549605140562e-11
0.6033852556894683,-3.0169262784473414,0.0017560338709592652,0.0033499342681410746,-9.268254176283963e-11
0.7130916658148262,-3.0169262784473414,0.0024263144535282394,0.005032142799325883,-1.3061567149044717e-10
0.8227980759401841,-3.0169262784473414,0.0033024444410435015,0.007349332627856256,-1.8176166387967596e-10
0.9325044860655419,-3.0169262784473414,0.0043745515660578976,0.010343563274438004,-2.465912743096488e-10
1.0422108961908998,-3.0169262784473414,0.005587290292158749,0.013930410019167507,-3.23016847644797e-10
1.1519173063162575,-3.0169262784473414,0.006832309897315252,0.017853591387450168,-4.0560065722727856e-10
1.2616237164416155,-3.0169262784473414,0.007956758526835517,0.021682207256019992,-4.855980288015482e-10
1.3713301265669733,-3.0169262784473414,0.008791240302554456,0.024873045816369246,-5.522103104643739e-10
1.4810365366923313,-3.0169262784473414,0.009191819380161653,0.026894946895914124,-5.949551563216859e-10
1.590742946817689,-3.0169262784473414,0.009081837509264078,0.02737823868795413,-6.064706046388091e-10
1.700449356943047,-3.0169262784473414,0.008476389714764842,0.026230277951191115,-5.846953407551148e-10
1.8101557670684048,-3.0169262784473414,0.007478439531665369,0.023665828490164596,-5.335071117523738e-10
1.9198621771937627,-3.0169262784473414,0.006248070168735411,0.020138133913163207,-4.6153523711178757e-10
2.0295685873191207,-3.0169262784473414,0.0049580879900574856,0.016202176879552867,-3.7966665228372776e-10
2.1392749974444785,-3.0169262784473414,0.0037535022129761833,0.012368607497997558,-2.982688844174741e-10
2.248981407569836,-3.0169262784473414,0.0027277927535204294,0.009001519458731828,-2.251204916925431e-10
2.358687817695194,-3.0169262784473414,0.001919346736705961,0.006283758617824496,-1.645564257773957e-10
2.468394227820552,-3.0169262784473414,0.0013229497115033696,0.004240665802994739,-1.1774566955127796e-10
2.57810063794591,-3.0169262784473414,0.0009075589556898342,0.0027944762529904573,-8.36373587574657e-11
2.6878070480712677,-3.0169262784473414,0.0006328074885842893,0.001821232355045589,-6.005180673476079e-11
2.7975134581966254,-3.0169262784473414,0.0004603487537070158,0.0011930810604454055,-4.456228799593759e-11
2.9072198683219836,-3.0169262784473414,0.0003596342785822063,0.0008014435077241533,-3.5042601416110375e-11
3.0169262784473414,-3.0169262784473414,0.0003096777365814166,0.000564680465717236,-2.992212380648063e-11
3.126632688572699,-3.0169262784473414,0.0002988045629449351,0.0004265257109059813,-2.8259592094789093e-11
3.236339098698057,-3.0169262784473414,0.0003239665537571371,0.00035065809465907946,-2.974440060032023e-11
3.346045508823415,-3.0169262784473414,0.00039053060089047875,0.0003146723020593864,-3.469801556537158e-11
3.455751918948773,-3.0169262784473414,0.0005128192518787104,0.00030484372027689564,-4.410342425466285e-11
-3.455751918948773,-2.9072198683219836,0.00035955166220445826,0.0012311675368296003,-4.9809994562104165e-11
-3.346045508823415,-2.9072198683219836,0.0002871332516507058,0.0008425900420942357,-3.9875923364077887e-11
-3.236339098698057,-2.9072198683219836,0.0002592522235865523,0.0006116499272439714,-3.4884202948157195e-11
-3.126632688572699,-2.9072198683219836,0.000266742363952235,0.00048177270159277855,-3.3903766296153326e-11
-3.0169262784473414,-2.9072198683219836,0.00030983309382419855,0.00041752757268062395,-3.676353524991599e-11
-2.9072198683219836,-2.9072198683219836,0.00039805742749186244,0.0003980622908316264,-4.406261781223636e-11
-2.7975134581966254,-2.9072198683219836,0.0005512570851059777,0.000411576615717646,-5.7212569425958704e-11
-2.6878070480712677,-2.9072198683219836,0.0008011023107662658,0.0004508605519406195,-7.847281375053528e-11
-2.57810063794591,-2.9072198683219836,0.0011917803684271292,0.0005095667004642263,-1.1087885384147844e-10
-2.468394227820552,-2.9072198683219836,0.0017776401929265671,0.0005790596796826938,-1.5791006393109375e-10
-2.358687817695194,-2.9072198683219836,0.002615049708450475,0.0006461913297574243,-2.2273555027284286e-10
-2.248981407569836,-2.9072198683219836,0.003746400790671068,0.0006929021270306939,-3.069700008507398e-10
-2.1392749974444785,-2.9072198683219836,0.005176991847459442,0.0006986929696849156,-4.0910585813111466e-10
-2.0295685873191207,-2.9072198683219836,0.006850429561357923,0.0006462695472681324,-5.231220504518796e-10
-1.9198621771937627,-2.9072198683219836,0.008633305905241103,0.0005289675168201604,-6.380314818144051e-10
-1.8101557670684048,-2.9072198683219836,0.010321467771048344,0.0003567014822969676,-7.390672995474801e-10
-1.700449356943047,-2.9072198683219836,0.011674713501258064,0.0001566207087331864,-8.106631026183475e-10
-1.590742946817689,-2.9072198683219836,0.012474414375285315,-0.00003347228231717885,-8.405004530906424e-10
-1.4810365366923313,-2.9072198683219836,0.012585098144025642,-0.0001770868143717236,-8.231537266048528e-10
-1.3713301265669733,-2.9072198683219836,0.011995160459679593,-0.0002511410281873369,-7.617920790708999e-10
-1.2616237164416155,-2.9072198683219836,0.010819008814375038,-0.0002524797182596938,-6.671737762947716e-10
-1.1519173063162575,-2.9072198683219836,0.009260172250628853,-0.00019614470383330813,-5.543910660404938e-10
-1.0422108961908998,-2.9072198683219836,0.007552200356608326,-0.00010720439928493851,-4.387740808707574e-10
-0.9325044860655419,-2.9072198683219836,0.005901563361343367,-0.000010834648635373208,-3.325211503715786e-10
-0.8227980759401841,-2.9072198683219836,0.004451410395318986,0.00007490150781736503,-2.43014084549964e-10
-0.7130916658148262,-2.9072198683219836,0.0032722566663180978,0.00014164452171321843,-1.7287997617666806e-10
-0.6033852556894683,-2.9072198683219836,0.0023738469342169887,0.00018946871389891702,-1.2120146878312477e-10
-0.4936788455641104,-2.9072198683219836,0.001727009463331422,0.00022387963700937934,-8.509287057530818e-11
-0.38397243543875254,-2.9072198683219836,0.0012854423749938618,0.00025306745478001816,-6.105766153091663e-11
-0.27426602531339467,-2.9072198683219836,0.0010018564393367,0.00028653049152380864,-4.587552961208413e-11
-0.1645596151880368,-2.9072198683219836,0.0008373343191679803,0.0003353768944214478,-3.7035551220861856e-11
-0.054853205062678934,-2.9072198683219836,0.0007654125507051682,0.00041423725502916415,-3.2861400774998606e-11
0.054853205062678934,-2.9072198683219836,0.0007731640058284751,0.000544711229649206,-3.2489643679405045e-11
0.1645596151880368,-2.9072198683219836,0.000861140270307652,0.0007603478701638328,-3.581860632748124e-11
0.27426602531339467,-2.9072198683219836,0.001043105463837687,0.0011129854787657394,-4.348635937023032e-11
0.38397243543875254,-2.9072198683219836,0.0013454390581842293,0.0016795191867840153,-5.687948744816096e-11
0.4936788455641104,-2.9072198683219836,0.0018050784017713192,0.0025665906458328222,-7.811994367362685e-11
0.6033852556894683,-2.9072198683219836,0.0024641150479947525,0.003908448442082775,-1.0992617449981368e-10
0.7130916658148262,-2.9072198683219836,0.00335908948270849,0.0058512855873475164,-1.5521112260025172e-10
0.8227980759401841,-2.9072198683219836,0.004504297680257478,0.008517821526361812,-2.1630104651837456e-10
0.9325044860655419,-2.9072198683219836,0.005871471929507843,0.011951392149834492,-2.937786741305515e-10
1.0422108961908998,-2.9072198683219836,0.0073724617604132205,0.016050420641457865,-3.8518314579572e-10
1.1519173063162575,-2.9072198683219836,0.008854824874126704,0.02051846427601222,-4.840653693855002e-10
1.2616237164416155,-2.9072198683219836,0.010119279535373487,0.024863099200417828,-5.800283395945849e-10
1.3713301265669733,-2.9072198683219836,0.01096069435613484,0.02846815401337838,-6.601991522914297e-10
1.4810365366923313,-2.9072198683219836,0.011222569779519917,0.03073491057986518,-7.120319646392037e-10
1.590742946817689,-2.9072198683219836,0.01084510981578169,0.031250093048984934,-7.26641403298034e-10
1.700449356943047,-2.9072198683219836,0.00988618110550707,0.029914559108905572,-7.014223334100844e-10
1.8101557670684048,-2.9072198683219836,0.00850508659265704,0.026975864424739524,-6.408543504893283e-10
1.9198621771937627,-2.9072198683219836,0.006915836052514581,0.02294954480411662,-5.551368167239223e-10
2.0295685873191207,-2.9072198683219836,0.00532968077130314,0.01846473701106728,-4.572458453533379e-10
2.1392749974444785,-2.9072198683219836,0.003908835818141582,0.014099662275339798,-3.5962042718717946e-10
2.248981407569836,-2.9072198683219836,0.002744719684634758,0.010266507514815944,-2.716626142790224e-10
2.358687817695194,-2.9072198683219836,0.0018612339216032307,0.007172308206977439,-1.9867468564402357e-10
2.468394227820552,-2.9072198683219836,0.0012340745978602079,0.0048457201380850525,-1.4215456589639075e-10
2.57810063794591,-2.9072198683219836,0.0008144317354539337,0.0031984959488951447,-1.0090795560246946e-10
2.6878070480712677,-2.9072198683219836,0.0005484976961813303,0.0020899264170977493,-7.235220755852367e-11
2.7975134581966254,-2.9072198683219836,0.0003893454969459012,0.0013748332313375043,-5.358186290493894e-11
2.9072198683219836,-2.9072198683219836,0.0003018421451241737,0.0009299385083049584,-4.203758380890571e-11
3.0169262784473414,-2.9072198683219836,0.000263139442576156,0.0006626719977766815,-3.5822462671978444e-11
3.126632688572699,-2.9072198683219836,0.00026134387660046386,0.0005095100161579914,-3.3796889603327634e-11
3.236339098698057,-2.9072198683219836,0.0002941815903598234,0.00042993627452204714,-3.5582865538612285e-11
3.346045508823415,-2.9072198683219836,0.00036858962848226477,0.0003997206980209404,-4.15663844489933e-11
3.455751918948773,-2.9072198683219836,0.0005014517342907649,0.0004050762136247325,-5.293232209968232e-11
-3.455751918948773,-2.7975134581966254,0.0003176836231311552,0.0015338046625294945,-6.49159162839294e-11
-3.346045508823415,-2.7975134581966254,0.00025153334511892884,0.0010600037790992004,-5.181701498001984e-11
-3.236339098698057,-2.7975134581966254,0.00023230738358850906,0.0007805462724075,-4.522324366113689e-11
-3.126632688572699,-2.7975134581966254,0.0002498472913826762,0.0006274208457284497,-4.3908988261748966e-11
-3.0169262784473414,-2.7975134581966254,0.0003054325301500052,0.0005587853801556374,-4.76450262706582e-11
-2.9072198683219836,-2.7975134581966254,0.0004115700239522282,0.0005512632093049322,-5.721226134991139e-11
-2.7975134581966254,-2.7975134581966254,0.0005934305018871335,0.0005934387441193373,-7.445528189212874e-11
-2.6878070480712677,-2.7975134581966254,0.0008911802850555096,0.000680492923275186,-1.0232404788930449e-10
-2.57810063794591,-2.7975134581966254,0.0013615220884639972,0.0008093962126357131,-1.4477151541372052e-10
-2.468394227820552,-2.7975134581966254,0.0020756201342918344,0.0009742373810389466,-2.0630719051520363e-10
-2.358687817695194,-2.7975134581966254,0.0031097694906768226,0.0011619560953179955,-2.91000031580127e-10
-2.248981407569836,-2.7975134581966254,0.004525794925571976,0.001349693787342995,-4.008510190445236e-10
-2.1392749974444785,-2.7975134581966254,0.006341482378630901,0.0015056139945485091,-5.33763530770337e-10
-2.0295685873191207,-2.7975134581966254,0.008497573593122098,0.0015946058990088064,-6.817697500299813e-10
-1.9198621771937627,-2.7975134581966254,0.010834802904759858,0.001588343362109218,-8.304986177931628e-10
-1.8101557670684048,-2.7975134581966254,0.013097379325034943,0.0014763370894433888,-9.607730982325036e-10
-1.700449356943047,-2.7975134581966254,0.014973368982319494,0.0012726779642368317,-1.052507771909239e-9
-1.590742946817689,-2.7975134581966254,0.01616710120781732,0.0010140549740807747,-1.0899393766000687e-9
-1.4810365366923313,-2.7975134581966254,0.016480721280996553,0.0007486602995437361,-1.0662844582981501e-9
-1.3713301265669733,-2.7975134581966254,0.015872644236225038,0.000520595236525109,-9.858570453047388e-10
-1.2616237164416155,-2.7975134581966254,0.01446788376719009,0.00035697634319211205,-8.626997406377401e-10
-1.1519173063162575,-2.7975134581966254,0.012516534802102082,0.0002632120691736387,-7.163523524367221e-10
-1.0422108961908998,-2.7975134581966254,0.01031975801436659,0.00022714136592562155,-5.66582615893485e-10
-0.9325044860655419,-2.7975134581966254,0.00815409469138106,0.00022827191098222883,-4.290787369506943e-10
-0.8227980759401841,-2.7975134581966254,0.0062199462800490565,0.00024691523642297484,-3.133121114981541e-10
-0.7130916658148262,-2.7975134581966254,0.004624395747190628,0.00026971331212107094,-2.2263387010681979e-10
-0.6033852556894683,-2.7975134581966254,0.0033928423406875603,0.000290963974697124,-1.5583568940477632e-10
-0.4936788455641104,-2.7975134581966254,0.0024957407674282076,0.00031125030665556824,-1.0917681927784251e-10
-0.38397243543875254,-2.7975134581966254,0.0018771051564051848,0.0003354093026946838,-7.813111540123235e-11
-0.27426602531339467,-2.7975134581966254,0.0014767086379465458,0.00037132154800146596,-5.853117708391753e-11
-0.1645596151880368,-2.7975134581966254,0.0012436953749696633,0.0004302227666538057,-4.712847614333354e-11
-0.054853205062678934,-2.7975134581966254,0.001143081543243585,0.0005287595345137144,-4.175584693549145e-11
0.054853205062678934,-2.7975134581966254,0.0011579464386788046,0.0006928849093676428,-4.129965976411992e-11
0.1645596151880368,-2.7975134581966254,0.0012897417260779264,0.000963660591935302,-4.563390962851466e-11
0.27426602531339467,-2.7975134581966254,0.0015579540563451597,0.0014047262746490652,-5.559221485929022e-11
0.38397243543875254,-2.7975134581966254,0.0019989122762357567,0.002110220799874826,-7.297927952058803e-11
0.4936788455641104,-2.7975134581966254,0.0026621524225857287,0.0032100207267672922,-1.0055298564279336e-10
0.6033852556894683,-2.7975134581966254,0.0036018065204117614,0.0048664947656033184,-1.418418767856755e-10
0.7130916658148262,-2.7975134581966254,0.004860628146288264,0.007254766195931659,-2.006213103630805e-10
0.8227980759401841,-2.7975134581966254,0.006446377079306153,0.010519267074695084,-2.7990091407831263e-10
0.9325044860655419,-2.7975134581966254,0.008304763050375452,0.014706231838138911,-3.804320712619269e-10
1.0422108961908998,-2.7975134581966254,0.010298850781619833,0.019685772985229173,-4.990375734176267e-10
1.1519173063162575,-2.7975134581966254,0.012208441988478695,0.02509396371318726,-6.274012871732015e-10
1.2616237164416155,-2.7975134581966254,0.013760155097648996,0.030334186803467875,-7.521203417015787e-10
1.3713301265669733,-2.7975134581966254,0.014687693563878662,0.03466576571994536,-8.565859341280735e-10
1.4810365366923313,-2.7975134581966254,0.014805785303498017,0.03737335161893829,-9.245668744495283e-10
1.590742946817689,-2.7975134581966254,0.014069615938415258,0.03796638782224076,-9.44486423098967e-10
1.700449356943047,-2.7975134581966254,0.012593328059892458,0.036330738917625706,-9.12808887504335e-10
1.8101557670684048,-2.7975134581966254,0.01061785842634983,0.032766121821691405,-8.351282512752967e-10
1.9198621771937627,-2.7975134581966254,0.008441341475116526,0.027891974954111522,-7.244778769954774e-10
2.0295685873191207,-2.7975134581966254,0.00634106749614929,0.02246377980706734,-5.975872921504255e-10
2.1392749974444785,-2.7975134581966254,0.004515971342532289,0.01717699009138154,-4.706139818122512e-10
2.248981407569836,-2.7975134581966254,0.0030648213170742507,0.012529069668175467,-3.558767091779713e-10
2.358687817695194,-2.7975134581966254,0.0019975488095913454,0.008771712019521406,-2.6041834747664305e-10
2.468394227820552,-2.7975134581966254,0.0012654422115054842,0.005941903383796804,-1.8633060675996016e-10
2.57810063794591,-2.7975134581966254,0.000794098971076772,0.003935086275550053,-1.3216188169892784e-10
2.6878070480712677,-2.7975134581966254,0.000508458313479342,0.0025825066541916917,-9.460347262513213e-11
2.7975134581966254,-2.7975134581966254,0.0003465930631257106,0.001709232581952371,-6.988623926524468e-11
2.9072198683219836,-2.7975134581966254,0.00026419675313982217,0.001166334886180337,-5.466877428181305e-11
3.0169262784473414,-2.7975134581966254,0.0002336948918746161,0.0008419143303247086,-4.646455643202499e-11
3.126632688572699,-2.7975134581966254,0.00024154336209939622,0.0006594381259994605,-4.377499805783419e-11
3.236339098698057,-2.7975134581966254,0.00028599857054806163,0.000570725696446514,-4.609943335268443e-11
3.346045508823415,-2.7975134581966254,0.00037642504384524005,0.0005480666450097708,-5.393937087348061e-11
3.455751918948773,-2.7975134581966254,0.0005343243547179886,0.0005773541440139055,-6.884292934978761e-11
-3.455751918948773,-2.6878070480712677,0.0002884937552025947,0.002016685373959839,-8.941907891218959e-11
-3.346045508823415,-2.6878070480712677,0.00022303619325114444,0.0014091035753044205,-7.117255092572994e-11
-3.236339098698057,-2.6878070480712677,0.00021160757988497678,0.0010532021762044788,-6.196583198815608e-11
-3.126632688572699,-2.6878070480712677,0.00024171352420576138,0.0008635049750996855,-6.00975206014806e-11
-3.0169262784473414,-2.6878070480712677,0.0003157983032400044,0.0007884601305368195,-6.524256948494539e-11
-2.9072198683219836,-2.6878070480712677,0.0004508510620531577,0.0008011105197371813,-7.847204364173216e-11
-2.7975134581966254,-2.6878070480712677,0.0006804811125878163,0.0008911912593073875,-1.0232353874796429e-10
-2.6878070480712677,-2.6878070480712677,0.0010584553068636428,0.0010584709485863333,-1.408505976782659e-10
-2.57810063794591,-2.6878070480712677,0.0016614656303296288,0.0013063502167080807,-1.994680911329011e-10
-2.468394227820552,-2.6878070480712677,0.002587324378262253,0.0016348358113766502,-2.843195806827986e-10
-2.358687817695194,-2.6878070480712677,0.003943537425456823,0.0020329488125235746,-4.0088917472105856e-10
-2.248981407569836,-2.6878070480712677,0.005821791464882396,0.0024721787131456703,-5.517616042879925e-10
-2.1392749974444785,-2.6878070480712677,0.00825809628927997,0.0029040557383765066,-7.338609268880969e-10
-2.0295685873191207,-2.6878070480712677,0.011186664825908662,0.003265086810949164,-9.360802705887794e-10
-1.9198621771937627,-2.6878070480712677,0.014405394720464959,0.0034901556609360203,-1.1386423626885689e-9
-1.8101557670684048,-2.6878070480712677,0.01757569216675083,0.003531274184563939,-1.3153678909971767e-9
-1.700449356943047,-2.6878070480712677,0.02027245532183307,0.003374439854357888,-1.4390334635711044e-9
-1.590742946817689,-2.6878070480712677,0.022079906857761712,0.0030464094731939327,-1.4884621157146283e-9
-1.4810365366923313,-2.6878070480712677,0.022704058230672317,0.002607123642068686,-1.454756402147206e-9
-1.3713301265669733,-2.6878070480712677,0.022058158314191816,0.0021306125506898796,-1.344050948662301e-9
-1.2616237164416155,-2.6878070480712677,0.020285120484330198,0.001683063820854965,-1.17556694240184e-9
-1.1519173063162575,-2.6878070480712677,0.017708518405537513,0.0013074686647379713,-9.758569074341805e-10
-1.0422108961908998,-2.6878070480712677,0.014735469475853155,0.0010196913395479294,-7.717026410253292e-10
-0.9325044860655419,-2.6878070480712677,0.01175227619758795,0.0008144412960506115,-5.843355608409206e-10
-0.8227980759401841,-2.6878070480712677,0.009049244647696906,0.0006756348979763942,-4.2657552837277457e-10
-0.7130916658148262,-2.6878070480712677,0.006791176174371016,0.0005856865162209091,-3.0296512477587245e-10
-0.6033852556894683,-2.6878070480712677,0.005028469611582155,0.0005310004199086779,-2.1187057143434718e-10
-0.4936788455641104,-2.6878070480712677,0.0037313440619330634,0.0005038352575301309,-1.482163094514155e-10
-0.38397243543875254,-2.6878070480712677,0.002828791803695917,0.0005022168956316366,-1.0585068433745237e-10
-0.27426602531339467,-2.6878070480712677,0.0022402790381399655,0.0005296570702739478,-7.910240388056544e-11
-0.1645596151880368,-2.6878070480712677,0.0018960729729445148,0.0005958805259412513,-6.35472785504021e-11
-0.054853205062678934,-2.6878070480712677,0.0017475853753833714,0.0007192562876483244,-5.6233909889735756e-11
0.054853205062678934,-2.6878070480712677,0.001771333288287776,0.0009313726146628293,-5.564901816267065e-11
0.1645596151880368,-2.6878070480712677,0.001969829347145406,0.001283998420348945,-6.162965407105481e-11
0.27426602531339467,-2.6878070480712677,0.00237112024952429,0.0018581420101761055,-7.532571246436637e-11
0.38397243543875254,-2.6878070480712677,0.0030266555674761607,0.0027735900360839638,-9.921450770319917e-11
0.4936788455641104,-2.6878070480712677,0.004005227301932786,0.00419485912871784,-1.3707232354373544e-10
0.6033852556894683,-2.6878070480712677,0.0053794798948376315,0.006326191908822617,-1.9371842931853456e-10
0.7130916658148262,-2.6878070480712677,0.0072019588793277725,0.009385642037875718,-2.742921141954402e-10
0.8227980759401841,-2.6878070480712677,0.00947104214524142,0.01354961404904347,-3.828675761846645e-10
0.9325044860655419,-2.6878070480712677,0.012093715704881833,0.018868161660768504,-5.204269012265561e-10
1.0422108961908998,-2.6878070480712677,0.014859972253045833,0.025168866941218348,-6.826076041216433e-10
1.1519173063162575,-2.6878070480712677,0.017447645190665034,0.03198742001698859,-8.580866850405044e-10
1.2616237164416155,-2.6878070480712677,0.01947094664167732,0.0385728000778637,-1.0286697847694537e-9
1.3713301265669733,-2.6878070480712677,0.020569023229299294,0.04399997235269154,-1.1718298935370353e-9
1.4810365366923313,-2.6878070480712677,0.020508744001669434,0.04738036100118202,-1.265520684773369e-9
1.590742946817689,-2.6878070480712677,0.019261706668607843,0.04810723925447926,-1.293921827322242e-9
1.700449356943047,-2.6878070480712677,0.017020646268380443,0.04604124531658734,-1.2520203658550333e-9
1.8101557670684048,-2.6878070480712677,0.01414547358581684,0.04155587442350491,-1.1471445321431517e-9
1.9198621771937627,-2.6878070480712677,0.011060892028954137,0.03542196550998366,-9.96779141865245e-10
2.0295685873191207,-2.6878070480712677,0.008147530769726824,0.028581825434127794,-8.235844367598943e-10
2.1392749974444785,-2.6878070480712677,0.005666127499658052,0.02190665944104584,-6.496324207738713e-10
2.248981407569836,-2.6878070480712677,0.003733502373784673,0.01602397120869046,-4.919183897028612e-10
2.358687817695194,-2.6878070480712677,0.0023441680153717163,0.01125563785081725,-3.6030937521774886e-10
2.468394227820552,-2.6878070480712677,0.0014160048966473725,0.007654203205883179,-2.578925263445331e-10
2.57810063794591,-2.6878070480712677,0.0008371964175464528,0.0050928234457669275,-1.8284030236029314e-10
2.6878070480712677,-2.6878070480712677,0.0005002067192842688,0.0033617954437377916,-1.307027897370916e-10
2.7975134581966254,-2.6878070480712677,0.0003192202049495076,0.0022418271761260617,-9.633640716752434e-11
2.9072198683219836,-2.6878070480712677,0.00023461121008207307,0.0015452877260385073,-7.514774089459331e-11
3.0169262784473414,-2.6878070480712677,0.0002103664942325218,0.0011308844359333445,-6.370246647888211e-11
3.126632688572699,-2.6878070480712677,0.00022950149885056801,0.0009022206214813657,-5.992283427271039e-11
3.236339098698057,-2.6878070480712677,0.00029053848222123724,0.0007994581813769635,-6.31086030330498e-11
3.346045508823415,-2.6878070480712677,0.0004063877799276932,0.0007897838219445818,-7.394483609408573e-11
3.455751918948773,-2.6878070480712677,0.0006058078750654273,0.0008590780600672891,-9.456097515257722e-11
-3.455751918948773,-2.57810063794591,0.0002625695221134594,0.00273358602326441,-1.2690758079830777e-10
-3.346045508823415,-2.57810063794591,0.00019163748554096272,0.0019324030394252463,-1.0076827610186467e-10
-3.236339098698057,-2.57810063794591,0.0001874228353943233,0.0014661639955741044,-8.754241092884946e-11
-3.126632688572699,-2.57810063794591,0.0002332659068279429,0.0012249278571498465,-8.480503473941303e-11
-3.0169262784473414,-2.57810063794591,0.00033285634926561206,0.001143857006336168,-9.208168570088576e-11
-2.9072198683219836,-2.57810063794591,0.0005095526455949199,0.0011917917874094968,-1.1087740979260491e-10
-2.7975134581966254,-2.57810063794591,0.0008093787691138642,0.0013615372625977093,-1.4477021578057636e-10
-2.6878070480712677,-2.57810063794591,0.0013063272080527208,0.0016614871372442731,-1.9946722008487572e-10
-2.57810063794591,-2.57810063794591,0.0021069279691663034,0.002106959451192752,-2.8256465179829493e-10
-2.468394227820552,-2.57810063794591,0.0033488177697942115,0.002709590654899815,-4.0262749167671585e-10
-2.358687817695194,-2.57810063794591,0.0051861481028566535,0.003464411360987645,-5.672072872150991e-10
-2.248981407569836,-2.57810063794591,0.007755207366320635,0.0043367124274201665,-7.796829779027625e-10
-2.1392749974444785,-2.57810063794591,0.01111919662166187,0.005253637024496667,-1.0354162050321691e-9
-2.0295685873191207,-2.57810063794591,0.015202627424891847,0.006106753574887362,-1.3185212574540195e-9
-1.9198621771937627,-2.57810063794591,0.019739779152724336,0.006769645800329877,-1.6011125047316055e-9
-1.8101557670684048,-2.57810063794591,0.02426929526309665,0.007128346411503521,-1.846615712772226e-9
-1.700449356943047,-2.57810063794591,0.028198459933962947,0.007114803912983157,-2.017306858018153e-9
-1.590742946817689,-2.57810063794591,0.030933458369920463,0.006729388882437199,-2.0841250600311945e-9
-1.4810365366923313,-2.57810063794591,0.03203706528607977,0.006041628653028401,-2.03516870370124e-9
-1.3713301265669733,-2.57810063794591,0.031353653528218776,0.005168229931015563,-1.8793257609839298e-9
-1.2616237164416155,-2.57810063794591,0.029049753713934895,0.004238309625457784,-1.6434601544240701e-9
-1.1519173063162575,-2.57810063794591,0.025554902418090043,0.003360818998043345,-1.3644368031251464e-9
-1.0422108961908998,-2.57810063794591,0.021431489221674063,0.00260574777138291,-1.079364181366671e-9
-0.9325044860655419,-2.57810063794591,0.017228629968627767,0.0020020741053999765,-8.176704625884046e-10
-0.8227980759401841,-2.57810063794591,0.013371778368430827,0.0015476244974234289,-5.971713635741227e-10
-0.7130916658148262,-2.57810063794591,0.010114122840716624,0.0012230633711842248,-4.2423410791248006e-10
-0.6033852556894683,-2.57810063794591,0.007545929240222808,0.001003990518414921,-2.966506081579501e-10
-0.4936788455641104,-2.57810063794591,0.00563919376369887,0.0008687631899737551,-2.0740406614372375e-10
-0.38397243543875254,-2.57810063794591,0.0043018747703516234,0.0008025545251307876,-1.479492791299497e-10
-0.27426602531339467,-2.57810063794591,0.0034238042322701913,0.0007994076623607757,-1.1038610954125505e-10
-0.1645596151880368,-2.57810063794591,0.0029072346693178523,0.0008641055738822375,-8.854051649839767e-11
-0.054853205062678934,-2.57810063794591,0.002683135855440731,0.0010153128619923809,-7.829090652687609e-11
0.054853205062678934,-2.57810063794591,0.0027179571300738996,0.001291058330094521,-7.752806274567703e-11
0.1645596151880368,-2.57810063794591,0.0030154604588943073,0.0017571651391005611,-8.603751305152896e-11
0.27426602531339467,-2.57810063794591,0.003616066975836403,0.0025183348212696613,-1.0544856914734835e-10
0.38397243543875254,-2.57810063794591,0.004593261772119032,0.0037297308035901667,-1.3925165751396684e-10
0.4936788455641104,-2.57810063794591,0.006043839630610378,0.005603696190112994,-1.927500771839452e-10
0.6033852556894683,-2.57810063794591,0.008067117464782647,0.008402066348910385,-2.7268792172213674e-10
0.7130916658148262,-2.57810063794591,0.010729209953018662,0.012401470608084718,-3.8622226423978834e-10
0.8227980759401841,-2.57810063794591,0.014013731857606695,0.01782116236908933,-5.389762143537258e-10
0.9325044860655419,-2.57810063794591,0.017770020624798013,0.024714793344705565,-7.322164940343212e-10
1.0422108961908998,-2.57810063794591,0.021680725586963785,0.0328498503890467,-9.597502896585564e-10
1.1519173063162575,-2.57810063794591,0.02527499613949781,0.04162329976912462,-1.205733544257237e-9
1.2616237164416155,-2.57810063794591,0.028003797554596303,0.050072657942042506,-1.4448444177195263e-9
1.3713301265669733,-2.57810063794591,0.02936882779224448,0.05702146029376454,-1.6458057486290478e-9
1.4810365366923313,-2.57810063794591,0.029066155765707872,0.061344788898014424,-1.7779956049124301e-9
1.590742946817689,-2.57810063794591,0.0270882408449582,0.0622759784348786,-1.8193214088024767e-9
1.700449356943047,-2.57810063794591,0.023738025541961333,0.05963779415169293,-1.7625343129434867e-9
1.8101557670684048,-2.57810063794591,0.01954508206554522,0.05389986107390274,-1.6174309461214342e-9
1.9198621771937627,-2.57810063794591,0.01511737241813247,0.0460360693503099,-1.4079878755957065e-9
2.0295685873191207,-2.57810063794591,0.010988228885650844,0.037243090151995256,-1.1656091543355007e-9
2.1392749974444785,-2.57810063794591,0.0075130694152655405,0.028634963752598656,-9.211772854927913e-10
2.248981407569836,-2.57810063794591,0.004840392105673588,0.02102218349966426,-6.987378470962868e-10
2.358687817695194,-2.57810063794591,0.0029466818693074845,0.014828504654847979,-5.124879218915135e-10
2.468394227820552,-2.57810063794591,0.0017037492230401589,0.010132604069575267,-3.6711121469135133e-10
2.57810063794591,-2.57810063794591,0.000946030439439773,0.006780063748251022,-2.60295627933782e-10
2.6878070480712677,-2.57810063794591,0.0005181334492240773,0.004506159937539824,-1.8592393596916779e-10
2.7975134581966254,-2.57810063794591,0.0002982511376206738,0.0030305825213696827,-1.3680607102890818e-10
2.9072198683219836,-2.57810063794591,0.00020312359719581606,0.0021118001472142547,-1.064677530165925e-10
3.0169262784473414,-2.57810063794591,0.00018330033068149755,0.0015672988243053162,-9.004274073316082e-11
3.126632688572699,-2.57810063794591,0.0002159361454286278,0.001272808405894416,-8.457395493568359e-11
3.236339098698057,-2.57810063794591,0.00029940610648431393,0.001152370725856088,-8.9054801727384e-11
3.346045508823415,-2.57810063794591,0.0004515480232609001,0.001166685664743114,-1.0444336324619274e-10
3.455751918948773,-2.57810063794591,0.0007117365547818575,0.0013028856183540584,-1.3374172591878314e-10
-3.455751918948773,-2.468394227820552,0.00023291410492947123,0.0037404358206998885,-1.8154615679701058e-10
-3.346045508823415,-2.468394227820552,0.000148191854895419,0.00267588545647539,-1.4388225246658726e-10
-3.236339098698057,-2.468394227820552,0.00014981594553163116,0.0020604935151861264,-1.2476750839082729e-10
-3.126632688572699,-2.468394227820552,0.00021442833711219104,0.0017523015515775128,-1.2072898063208992e-10
-3.0169262784473414,-2.468394227820552,0.0003468652488831367,0.0016697221386674159,-1.3106903182149438e-10
-2.9072198683219836,-2.468394227820552,0.0005790387908475624,0.0017776563004280577,-1.579076731568832e-10
-2.7975134581966254,-2.468394227820552,0.0009742114945719485,0.0020756414275424975,-2.0630472178685688e-10
-2.6878070480712677,-2.468394227820552,0.0016348017685402856,0.0025873543910661075,-2.843173712956115e-10
-2.57810063794591,-2.468394227820552,0.002709544267725644,0.0033488614693631385,-4.026260210648891e-10
-2.468394227820552,-2.468394227820552,0.004392656622411625,0.004392720698973769,-5.731885716932228e-10
-2.358687817695194,-2.468394227820552,0.006904827293125133,0.005726762537668793,-8.063980412240102e-10
-2.248981407569836,-2.468394227820552,0.010446305621059923,0.0073102686721925126,-1.1066129341000264e-9
-2.1392749974444785,-2.468394227820552,0.01511990676399443,0.009035292116352955,-1.4667982106697508e-9
-2.0295685873191207,-2.468394227820552,0.020837839834914402,0.01072417527566302,-1.864137809393096e-9
-1.9198621771937627,-2.468394227820552,0.027246132636632323,0.012152276056258356,-2.259211864460986e-9
-1.8101557670684048,-2.468394227820552,0.033711807484938655,0.013095812654978597,-2.600856894435788e-9
-1.700449356943047,-2.468394227820552,0.03940696345993545,0.013391634602995446,-2.8367897059178304e-9
-1.590742946817689,-2.468394227820552,0.043486738238820564,0.012986173124144166,-2.927168365335353e-9
-1.4810365366923313,-2.468394227820552,0.045309702252663384,0.011952244664184849,-2.8561284413919363e-9
-1.3713301265669733,-2.468394227820552,0.04461815494389913,0.010465910923326925,-2.6365269585604256e-9
-1.2616237164416155,-2.468394227820552,0.04160507191685225,0.00875392501778483,-2.30588420926936e-9
-1.1519173063162575,-2.468394227820552,0.03684273488005948,0.0070344131671404905,-1.9153680794192773e-9
-1.0422108961908998,-2.468394227820552,0.031108353791577118,0.0054727952458333545,-1.5164222863517374e-9
-0.9325044860655419,-2.468394227820552,0.025180380308729447,0.00416384942998187,-1.1499125453923176e-9
-0.8227980759401841,-2.468394227820552,0.019678151213372547,0.0031375870532413972,-8.40699326126737e-10
-0.7130916658148262,-2.468394227820552,0.014984766965734083,0.0023786722981225727,-5.978028081235487e-10
-0.6033852556894683,-2.468394227820552,0.01125208107679249,0.0018485342391630875,-4.183062837087581e-10
-0.4936788455641104,-2.468394227820552,0.00845875844248725,0.0015033511304321633,-2.925380640853015e-10
-0.38397243543875254,-2.468394227820552,0.006485606544770316,0.0013058530070308141,-2.0862702754601004e-10
-0.27426602531339467,-2.468394227820552,0.005181735778287893,0.001232100614760876,-1.5555049696219791e-10
-0.1645596151880368,-2.468394227820552,0.004410014629392598,0.0012757431193888705,-1.246699579508792e-10
-0.054853205062678934,-2.468394227820552,0.004072255980646596,0.0014523751670590134,-1.1021065006791564e-10
0.054853205062678934,-2.468394227820552,0.004120281385293388,0.001806132968123225,-1.0922228876539264e-10
0.1645596151880368,-2.468394227820552,0.004559254311275854,0.002419805934529993,-1.2142407955842427e-10
0.27426602531339467,-2.468394227820552,0.005446756264440134,0.0034282666743852283,-1.4913600432722718e-10
0.38397243543875254,-2.468394227820552,0.006886983666138318,0.005032391634042516,-1.972977276346044e-10
0.4936788455641104,-2.468394227820552,0.00901554000215888,0.007506404133483112,-2.7338605077670275e-10
0.6033852556894683,-2.468394227820552,0.011968093033628733,0.011186274894982525,-3.868678277035853e-10
0.7130916658148262,-2.468394227820552,0.015827921815965013,0.016423218034108362,-5.47727556018951e-10
0.8227980759401841,-2.468394227820552,0.02055538314853189,0.02348969338735728,-7.637156289319602e-10
0.9325044860655419,-2.468394227820552,0.02591638623687236,0.032441117681237676,-1.0364068527002335e-9
1.0422108961908998,-2.468394227820552,0.031441543390596884,0.04296482327004651,-1.356923125944709e-9
1.1519173063162575,-2.468394227820552,0.03645206402087872,0.05427794912802469,-1.702979521289727e-9
1.2616237164416155,-2.468394227820552,0.04017264695553912,0.06514712879476045,-2.0392195293483795e-9
1.3713301265669733,-2.468394227820552,0.041915598056629186,0.07407566645121362,-2.322127337639479e-9
1.4810365366923313,-2.468394227820552,0.04127949127311298,0.07963766745591862,-2.509112188853191e-9
1.590742946817689,-2.468394227820552,0.03828459240121908,0.08086074944289941,-2.569289773990402e-9
1.700449356943047,-2.468394227820552,0.03338394217781092,0.0775144268686837,-2.492173155344002e-9
1.8101557670684048,-2.468394227820552,0.027339789872869953,0.07018408941127077,-2.2908317881542573e-9
1.9198621771937627,-2.468394227820552,0.02101385326372952,0.06009705924566917,-1.9981656121381697e-9
2.0295685873191207,-2.468394227820552,0.015154032091985214,0.04877329778317175,-1.6577699941955348e-9
2.1392749974444785,-2.468394227820552,0.010252253478904764,0.03764092725203435,-1.3129748364926197e-9
2.248981407569836,-2.468394227820552,0.006506656131713173,0.02775219791492588,-9.979307501878365e-10
2.358687817695194,-2.468394227820552,0.00387310658491352,0.01967018026419558,-7.331666766752232e-10
2.468394227820552,-2.468394227820552,0.0021616888238008974,0.013514492744571628,-5.258214480149959e-10
2.57810063794591,-2.468394227820552,0.0011323931461353041,0.009099993990989333,-3.730311901387062e-10
2.6878070480712677,-2.468394227820552,0.0005622177254188407,0.00609315976535638,-2.6638100362672e-10
2.7975134581966254,-2.468394227820552,0.0002776730291919533,0.00413514324481089,-1.9579111292314377e-10
2.9072198683219836,-2.468394227820552,0.00016099574965851608,0.0029140325908058582,-1.5210219520521429e-10
3.0169262784473414,-2.468394227820552,0.0001426912575272092,0.0021931058345268438,-1.2838976496537535e-10
3.126632688572699,-2.468394227820552,0.00019076315881658124,0.00181149954739002,-1.2042557120776898e-10
3.236339098698057,-2.468394227820552,0.0003027137575140098,0.0016725918482211638,-1.2675420077695038e-10
3.346045508823415,-2.468394227820552,0.0005028549097639901,0.0017298766847335225,-1.487176834588308e-10
3.455751918948773,-2.468394227820552,0.0008452204483968379,0.001974505937305418,-1.9056079435773865e-10
-3.455751918948773,-2.358687817695194,0.00019571428721390505,0.005077984025574865,-2.57226445438824e-10
-3.346045508823415,-2.358687817695194,0.00008513895289599823,0.003676460308719917,-2.0357337430360056e-10
-3.236339098698057,-2.358687817695194,0.00008904137254270024,0.0028720552945000186,-1.762581025143567e-10
-3.126632688572699,-2.358687817695194,0.00017398033733843476,0.002483705837431015,-1.7036378536193497e-10
-3.0169262784473414,-2.358687817695194,0.0003454582299529978,0.002410469226335394,-1.8487386643263604e-10
-2.9072198683219836,-2.358687817695194,0.0006461607388664332,0.002615072315366006,-2.2273190366725593e-10
-2.7975134581966254,-2.358687817695194,0.0011619182109234292,0.003109799243980975,-2.909959590999267e-10
-2.6878070480712677,-2.358687817695194,0.0020328991028798235,0.003943579141993788,-4.008850230940997e-10
-2.57810063794591,-2.358687817695194,0.0034643438616961723,0.0051862085132544835,-5.672036191423091e-10
-2.468394227820552,-2.358687817695194,0.0057266697020560645,0.006904915409530378,-8.063956603160394e-10
-2.358687817695194,-2.358687817695194,0.009130642789728633,0.009130769834639226,-1.132517911048292e-9
-2.248981407569836,-2.358687817695194,0.013963693108517186,0.011818408191248082,-1.5510017766645623e-9
-2.1392749974444785,-2.358687817695194,0.02038369445060985,0.014810934934372159,-2.05130125559283e-9
-2.0295685873191207,-2.358687817695194,0.02828883682250767,0.017828382451991955,-2.6010582472590915e-9
-1.9198621771937627,-2.358687817695194,0.03720992625059996,0.020496593642909483,-3.1453327581365542e-9
-1.8101557670684048,-2.358687817695194,0.046287558159302,0.02242016392914733,-3.613650476075314e-9
-1.700449356943047,-2.358687817695194,0.05438204729162914,0.023281809879213355,-3.9347436454895135e-9
-1.590742946817689,-2.358687817695194,0.06031369079890102,0.022932701080440484,-4.054954101662123e-9
-1.4810365366923313,-2.358687817695194,0.06316515779896702,0.021436554454909624,-3.953574641279989e-9
-1.3713301265669733,-2.358687817695194,0.06253477576169919,0.019048581236854212,-3.648882286599875e-9
-1.2616237164416155,-2.358687817695194,0.05863994246053807,0.016139308812654476,-3.192394289891487e-9
-1.1519173063162575,-2.358687817695194,0.05223269277131633,0.013096036776037974,-2.6539440332873365e-9
-1.0422108961908998,-2.358687817695194,0.04437001873959117,0.010239041059313664,-2.1037042524651994e-9
-0.9325044860655419,-2.358687817695194,0.03613556779429862,0.007776112390622076,-1.5975785520871977e-9
-0.8227980759401841,-2.358687817695194,0.02841224056176224,0.005798490509313148,-1.1698115497116301e-9
-0.7130916658148262,-2.358687817695194,0.021764609692031353,0.004305739794346962,-8.330866586858665e-10
-0.6033852556894683,-2.358687817695194,0.01643515647985452,0.0032421071048854876,-5.837091643368097e-10
-0.4936788455641104,-2.358687817695194,0.012418092408405985,0.002530524227762914,-4.08605245992566e-10
-0.38397243543875254,-2.358687817695194,0.009562058008676327,0.002097478416962905,-2.915524341048914e-10
-0.27426602531339467,-2.358687817695194,0.007663589366599329,0.0018882079704600242,-2.17399731897161e-10
-0.1645596151880368,-2.358687817695194,0.00653325095394029,0.0018753223569459225,-1.7422855519422242e-10
-0.054853205062678934,-2.358687817695194,0.0060334873283582734,0.002065129285294177,-1.5405573951937646e-10
0.054853205062678934,-2.358687817695194,0.006096005995544386,0.002505500320079496,-1.5280898595093628e-10
0.1645596151880368,-2.358687817695194,0.006727401339490762,0.003297680962968799,-1.701299552625546e-10
0.27426602531339467,-2.358687817695194,0.008007885340740309,0.004612135390734792,-2.0928429041860985e-10
0.38397243543875254,-2.358687817695194,0.010082314761261984,0.006704824107444879,-2.771797973435963e-10
0.4936788455641104,-2.358687817695194,0.013137293784555323,0.009924752484431842,-3.842284528737805e-10
0.6033852556894683,-2.358687817695194,0.017355261563286425,0.014696987342908006,-5.435479948079358e-10
0.7130916658148262,-2.358687817695194,0.022839411078703825,0.021461236992645776,-7.688725593701928e-10
0.8227980759401841,-2.358687817695194,0.02951506826697961,0.03055117988391968,-1.070708324085734e-9
0.9325044860655419,-2.358687817695194,0.03703290663601657,0.0420203894132797,-1.4509018396446915e-9
1.0422108961908998,-2.358687817695194,0.044718580827116834,0.05545607131331032,-1.896838922044175e-9
1.1519173063162575,-2.358687817695194,0.0516170705180303,0.06985763273827669,-2.3775443697138243e-9
1.2616237164416155,-2.358687817695194,0.05665571545576928,0.08366803581938884,-2.8442944527418135e-9
1.3713301265669733,-2.358687817695194,0.05889987687743087,0.09501027274885074,-3.237380918896804e-9
1.4810365366923313,-2.358687817695194,0.05782163767122502,0.10210072598209237,-3.4984026300866056e-9
1.590742946817689,-2.358687817695194,0.053477234878648944,0.10371925776823561,-3.5847923518517177e-9
1.700449356943047,-2.358687817695194,0.04651425386746825,0.0995643781256652,-3.4815902522078446e-9
1.8101557670684048,-2.358687817695194,0.037998020360461154,0.0903489744792897,-3.2059133125983408e-9
1.9198621771937627,-2.358687817695194,0.029123736223199925,0.07759370906057123,-2.8022279496831004e-9
2.0295685873191207,-2.358687817695194,0.020925271295872787,0.06320150828333095,-2.3302118568047092e-9
2.1392749974444785,-2.358687817695194,0.014080933311584318,0.04898055126774484,-1.8498608513051185e-9
2.248981407569836,-2.358687817695194,0.00886157817954863,0.03628298000291784,-1.4090784476727958e-9
2.358687817695194,-2.358687817695194,0.005201546383308096,0.02585141305487629,-1.0371995103064524e-9
2.468394227820552,-2.358687817695194,0.0028323169708057774,0.017865442724306606,-7.449561037486951e-10
2.57810063794591,-2.358687817695194,0.0014157698456601152,0.012110014470954354,-5.289500686414539e-10
2.6878070480712677,-2.358687817695194,0.0006380494433846457,0.008171866624458669,-3.777781655209256e-10
2.7975134581966254,-2.358687817695194,0.00025514008034901786,0.005597745417186207,-2.77492508138355e-10
2.9072198683219836,-2.358687817695194,0.00010148542767781819,0.003989679114017116,-2.15294148828149e-10
3.0169262784473414,-2.358687817695194,0.00007929284292571329,0.003044156173518232,-1.81447244165453e-10
3.126632688572699,-2.358687817695194,0.00014312330653914692,0.0025554070869489094,-1.6997601611813684e-10
3.236339098698057,-2.358687817695194,0.0002883803550191999,0.002402327538369324,-1.787981900123331e-10
3.346045508823415,-2.358687817695194,0.0005473176704105033,0.0025317901719573706,-2.097648727893836e-10
3.455751918948773,-2.358687817695194,0.0009930372992901508,0.0029438375179428656,-2.6879601842944023e-10
-3.455751918948773,-2.248981407569836,0.0001524061107965836,0.006747135948349066,-3.561348715930279e-10
-3.346045508823415,-2.248981407569836,-1.151140298399e-6,0.00494315908942399,-2.81547923430131e-10
-3.236339098698057,-2.248981407569836,-2.2916758550073444e-6,0.003916048712706239,-2.434531699499476e-10
-3.126632688572699,-2.248981407569836,0.00010124861831718257,0.0034406467239660936,-2.350531663839611e-10
-3.0169262784473414,-2.248981407569836,0.000314550344573382,0.003395956824684718,-2.548978226841331e-10
-2.9072198683219836,-2.248981407569836,0.0006928585686713257,0.0037464318967406385,-3.069648103412592e-10
-2.7975134581966254,-2.248981407569836,0.0013496398507017511,0.004525835714166196,-4.0084488592967427e-10
-2.6878070480712677,-2.248981407569836,0.002472108058518635,0.005821848375304205,-5.517548818008422e-10
-2.57810063794591,-2.248981407569836,0.004336616767349741,0.007755289338972379,-7.796762385020584e-10
-2.468394227820552,-2.248981407569836,0.007310137608253095,0.01044642454792743,-1.1066070776735715e-9
-2.358687817695194,-2.248981407569836,0.011818229625482023,0.013963863693544387,-1.5509980279271307e-9
-2.248981407569836,-2.248981407569836,0.018260202100417185,0.018260440708886036,-2.1192727486102347e-9
-2.1392749974444785,-2.248981407569836,0.02686597713772857,0.023113758293147272,-2.7960276663407946e-9
-2.0295685873191207,-2.248981407569836,0.03751941619803338,0.028100340633239417,-3.5365351376548393e-9
-1.9198621771937627,-2.248981407569836,0.049610351618270224,0.03263176542243161,-4.266254568369154e-9
-1.8101557670684048,-2.248981407569836,0.06199919474558104,0.036062174886225526,-4.890787337619162e-9
-1.700449356943047,-2.248981407569836,0.07315853933641672,0.03784375280891452,-5.315757348189898e-9
-1.590742946817689,-2.248981407569836,0.08148963099797965,0.03767713483276367,-5.471034146553588e-9
-1.4810365366923313,-2.248981407569836,0.08572508396751924,0.0355972028721977,-5.330477122200694e-9
-1.3713301265669733,-2.248981407569836,0.08527236572230705,0.03195907018269151,-4.919306843820248e-9
-1.2616237164416155,-2.248981407569836,0.0803644528609214,0.027332192074033753,-4.306224613004339e-9
-1.1519173063162575,-2.248981407569836,0.07196343029657655,0.02234798538561087,-3.5838156400846977e-9
-1.0422108961908998,-2.248981407569836,0.061466745408426955,0.017558469179105016,-2.845120063155182e-9
-0.9325044860655419,-2.248981407569836,0.05033868911034796,0.013347937510403791,-2.164546715477389e-9
-0.8227980759401841,-2.248981407569836,0.039798730619918114,0.009910107362126514,-1.5880704806736645e-9
-0.7130916658148262,-2.248981407569836,0.03065002745329978,0.007277135777749134,-1.1331495915201106e-9
-0.6033852556894683,-2.248981407569836,0.023260549104038627,0.005374747176162472,-7.953663543752709e-10
-0.4936788455641104,-2.248981407569836,0.017653530013855383,0.00407951091028621,-5.575971906424115e-10
-0.38397243543875254,-2.248981407569836,0.01364321087133116,0.0032638404226730897,-3.982995426532465e-10
-0.27426602531339467,-2.248981407569836,0.010962850053305558,0.0028247453426332326,-2.972078434054781e-10
-0.1645596151880368,-2.248981407569836,0.009357872081387783,0.0026996649004244902,-2.383065784636318e-10
-0.054853205062678934,-2.248981407569836,0.00864075938754676,0.0028758403738226588,-2.108421831223395e-10
0.054853205062678934,-2.248981407569836,0.008717207289897203,0.003399530293818425,-2.0933777714754465e-10
0.1645596151880368,-2.248981407569836,0.009595055261398224,0.00438923231729384,-2.3335575659311214e-10
0.27426602531339467,-2.248981407569836,0.011382628441426991,0.006053604337629361,-2.8738569510244893e-10
0.38397243543875254,-2.248981407569836,0.01427549187226641,0.00870970081598541,-3.80858287615804e-10
0.4936788455641104,-2.248981407569836,0.018523337223204064,0.012789988913422307,-5.279245460926285e-10
0.6033852556894683,-2.248981407569836,0.024365114591710733,0.01881847807534322,-7.463167809446114e-10
0.7130916658148262,-2.248981407569836,0.03192513301580119,0.027331808634000268,-1.0544514948696015e-9
0.8227980759401841,-2.248981407569836,0.041079530007953544,0.038728436975928114,-1.4661872653476404e-9
0.9325044860655419,-2.248981407569836,0.05132923375810754,0.053055293310185055,-1.9835294448600216e-9
1.0422108961908998,-2.248981407569836,0.06173989719883297,0.06978413733798056,-2.5889717522598055e-9
1.1519173063162575,-2.248981407569836,0.07101122601593367,0.08767099428491903,-3.2405015337744203e-9
1.2616237164416155,-2.248981407569836,0.0777028001111262,0.10480174595955016,-3.872633019819105e-9
1.3713301265669733,-2.248981407569836,0.08057675022809327,0.11888197534032516,-4.405481091040997e-9
1.4810365366923313,-2.248981407569836,0.0789501604094314,0.1277342001468515,-4.760961874739067e-9
1.590742946817689,-2.248981407569836,0.07292223335550488,0.12986034274164518,-4.881851256577363e-9
1.700449356943047,-2.248981407569836,0.06337705062134993,0.12486919489186192,-4.7473309033874145e-9
1.8101557670684048,-2.248981407569836,0.05175104961139614,0.11359924289594084,-4.3791649889657336e-9
1.9198621771937627,-2.248981407569836,0.03965206750912224,0.0978824438146575,-3.835911331628861e-9
2.0295685873191207,-2.248981407569836,0.028473336341386928,0.08004071470322098,-3.197231528140332e-9
2.1392749974444785,-2.248981407569836,0.019133414376443832,0.062309026875569766,-2.5441702702910796e-9
2.248981407569836,-2.248981407569836,0.0120034848736679,0.046386144488815215,-1.9422964868398562e-9
2.358687817695194,-2.248981407569836,0.006999030875020072,0.03323107926527803,-1.4325081468258283e-9
2.468394227820552,-2.248981407569836,0.0037578713736567933,0.023104929797899076,-1.0304888956036429e-9
2.57810063794591,-2.248981407569836,0.0018202337061364758,0.01576904257760904,-7.324434791317058e-10
2.6878070480712677,-2.248981407569836,0.0007571662930046935,0.01072559635600216,-5.233151603029063e-10
2.7975134581966254,-2.248981407569836,0.00023383414509133222,0.007416401217118089,-3.8427206685773263e-10
2.9072198683219836,-2.248981407569836,0.00002217391977701725,0.0053458488964483256,-2.9785752206704097e-10
3.0169262784473414,-2.248981407569836,-0.000013337749071839046,0.004134034459926976,-2.5070866389864666e-10
3.126632688572699,-2.248981407569836,0.00006322917505261448,0.003524195239834981,-2.345794173057997e-10
3.236339098698057,-2.248981407569836,0.00024329193532922713,0.003368841556519297,-2.465576501645139e-10
3.346045508823415,-2.248981407569836,0.0005680347407343678,0.003610843632027966,-2.891253193890858e-10
3.455751918948773,-2.248981407569836,0.0011337254188866497,0.004266535440617561,-3.7032442910811536e-10
-3.455751918948773,-2.1392749974444785,0.00011196473237810043,0.008682150799477003,-4.769056538567185e-10
-3.346045508823415,-2.1392749974444785,-0.00010709085711137125,0.006435489998541351,-3.766966664812965e-10
-3.236339098698057,-2.1392749974444785,-0.000125599157270805,0.005168099322264355,-3.2535109328879486e-10
-3.126632688572699,-2.1392749974444785,-0.000010303096654941347,0.004609827357920091,-3.137758403798374e-10
-3.0169262784473414,-2.1392749974444785,0.0002415976438684337,0.004621945234814066,-3.399646762020092e-10
-2.9072198683219836,-2.1392749974444785,0.0006986332558729348,0.005177033339408478,-4.0909892487506205e-10
-2.7975134581966254,-2.1392749974444785,0.001505540034463853,0.006341536622772231,-5.337549694763022e-10
-2.6878070480712677,-2.1392749974444785,0.0029039589707523334,0.008258171640113339,-7.338510502399864e-10
-2.57810063794591,-2.1392749974444785,0.005253506326919959,0.011119304601208496,-1.0354055902592196e-9
-2.468394227820552,-2.1392749974444785,0.00903511364408863,0.015120062588231677,-1.4667877815122132e-9
-2.358687817695194,-2.1392749974444785,0.014810692745034812,0.020383916785077165,-2.0512923928905913e-9
-2.248981407569836,-2.1392749974444785,0.0231134360981053,0.02686628656588225,-2.796022153389588e-9
-2.1392749974444785,-2.1392749974444785,0.03426123142371177,0.03426164728154513,-3.6793129098988686e-9
-2.0295685873191207,-2.1392749974444785,0.04812542463288698,0.04195735569378722,-4.641508823122198e-9
-1.9198621771937627,-2.1392749974444785,0.06393593339629022,0.04907814726279029,-5.585083166781413e-9
-1.8101557670684048,-2.1392749974444785,0.08023122398455418,0.05463863026103884,-6.388179235594649e-9
-1.700449356943047,-2.1392749974444785,0.09503595690915456,0.05777300580094239,-6.930428161910918e-9
-1.590742946817689,-2.1392749974444785,0.10626389994859886,0.057966144778330675,-7.123613504633752e-9
-1.4810365366923313,-2.1392749974444785,0.11223443720255338,0.055197296669851695,-6.9360657772854495e-9
-1.3713301265669733,-2.1392749974444785,0.11211945533468784,0.04993952630171383,-6.401249384724306e-9
-1.2616237164416155,-2.1392749974444785,0.10615089495458713,0.04301884784049376,-5.607379831296111e-9
-1.1519173063162575,-2.1392749974444785,0.09551592001962801,0.035393196537371455,-4.6726868277446876e-9
-1.0422108961908998,-2.1392749974444785,0.08199522913578966,0.027934215306477796,-3.7160495791610515e-9
-0.9325044860655419,-2.1392749974444785,0.06749379059848906,0.021278298033880063,-2.8329890655598433e-9
-0.8227980759401841,-2.1392749974444785,0.053630914683880954,0.01577348617139258,-2.0831138342058964e-9
-0.7130916658148262,-2.1392749974444785,0.041501986836936636,0.011509423760871428,-1.4896957244159292e-9
-0.6033852556894683,-2.1392749974444785,0.031636644564197985,0.008395161849281987,-1.0478179435224888e-9
-0.4936788455641104,-2.1392749974444785,0.024104457839873392,0.006247536357649788,-7.359298795361902e-10
-0.38397243543875254,-2.1392749974444785,0.018687410239780704,0.004864559898594641,-5.264713751756966e-10
-0.27426602531339467,-2.1392749974444785,0.015048505322989663,0.004074086282488322,-3.9329830451434455e-10
-0.1645596151880368,-2.1392749974444785,0.012857818622539433,0.003760536769746603,-3.156403333148816e-10
-0.054853205062678934,-2.1392749974444785,0.011868795008934807,0.0038787218045471757,-2.795127324040081e-10
0.054853205062678934,-2.1392749974444785,0.011955773964973663,0.004464389620032967,-2.778058208821599e-10
0.1645596151880368,-2.1392749974444785,0.013127376463110445,0.00564819178145552,-3.1001751426423807e-10
0.27426602531339467,-2.1392749974444785,0.01552448373676596,0.007674817975137456,-3.821226304129288e-10
0.38397243543875254,-2.1392749974444785,0.019401662324335166,0.010922284894267574,-5.065791224001526e-10
0.4936788455641104,-2.1392749974444785,0.025081442519389454,0.015907426379838167,-7.019942752095609e-10
0.6033852556894683,-2.1392749974444785,0.032866505769705734,0.023253987036885065,-9.915564688767198e-10
0.7130916658148262,-2.1392749974444785,0.042901625420537534,0.03359503415209945,-1.3991511040034599e-9
0.8227980759401841,-2.1392749974444785,0.0549997500206167,0.04739122190942901,-1.9424503533427284e-9
0.9325044860655419,-2.1392749974444785,0.06848125318013765,0.06467842881938766,-2.623442130200715e-9
1.0422108961908998,-2.1392749974444785,0.08210495061530451,0.08480824771408556,-3.418659758058773e-9
1.1519173063162575,-2.1392749974444785,0.09416840379678691,0.10629034356174813,-4.273003145760512e-9
1.2616237164416155,-2.1392749974444785,0.10280660834807848,0.12685321250687354,-5.101337963164809e-9
1.3713301265669733,-2.1392749974444785,0.1064330810413764,0.14378571179813682,-5.800249613940878e-9
1.4810365366923313,-2.1392749974444785,0.1041856061998388,0.15451410005206495,-6.268689164978802e-9
1.590742946817689,-2.1392749974444785,0.09620879583790411,0.15725294093193362,-6.432172294790206e-9
1.700449356943047,-2.1392749974444785,0.08365291612742236,0.15150440723997277,-6.2626689806277724e-9
1.8101557670684048,-2.1392749974444785,0.068377391326267,0.138212864736219,-5.786870663215815e-9
1.9198621771937627,-2.1392749974444785,0.052466696261891904,0.1195070149403977,-5.079392365048285e-9
2.0295685873191207,-2.1392749974444785,0.037736594249527265,0.09812533453434732,-4.243155812821975e-9
2.1392749974444785,-2.1392749974444785,0.02539600677945061,0.07674120192000478,-3.384109187321016e-9
2.248981407569836,-2.1392749974444785,0.01594585190296194,0.05742166057679125,-2.5890680779849795e-9
2.358687817695194,-2.1392749974444785,0.009290425036534825,0.041366409193137436,-1.9131259250404486e-9
2.468394227820552,-2.1392749974444785,0.004964573608626075,0.028938098009835447,-1.3783087501190172e-9
2.57810063794591,-2.1392749974444785,0.0023681522099844995,0.0198866568715444,-9.806784898036547e-10
2.6878070480712677,-2.1392749974444785,0.0009361215031179195,0.013634080766043114,-7.009987338865709e-10
2.7975134581966254,-2.1392749974444785,0.0002242965744291745,0.009516195359715606,-5.146621019982978e-10
2.9072198683219836,-2.1392749974444785,-0.00007193378858144292,0.006936276256364893,-3.986295122118677e-10
3.0169262784473414,-2.1392749974444785,-0.00013526652143726575,0.005434618393821047,-3.351560630589223e-10
3.126632688572699,-2.1392749974444785,-0.000054008252287616933,0.004701859550920421,-3.1323237319885733e-10
3.236339098698057,-2.1392749974444785,0.00015668558814666347,0.004565477406292965,-3.2891372134594143e-10
3.346045508823415,-2.1392749974444785,0.0005469438527845555,0.0049695489760655034,-3.854031933002433e-10
3.455751918948773,-2.1392749974444785,0.0012389755104369653,0.005956536276897953,-4.93242246959319e-10
-3.455751918948773,-2.0295685873191207,0.00009154300455693071,0.010732440022826483,-6.129125245529776e-10
-3.346045508823415,-2.0295685873191207,-0.0002192735206493126,0.008046943469192186,-4.837447187613919e-10
-3.236339098698057,-2.0295685873191207,-0.0002725340785179756,0.006548270981919328,-4.1735093983183424e-10
-3.126632688572699,-2.0295685873191207,-0.0001584803128095607,0.005926262003911367,-4.020410358795967e-10
-3.0169262784473414,-2.0295685873191207,0.00012080703329225796,0.006030548027067511,-4.3514205433359265e-10
-2.9072198683219836,-2.0295685873191207,0.0006461913124120515,0.006850482764610182,-5.231133343337746e-10
-2.7975134581966254,-2.0295685873191207,0.001594508945052623,0.008497642983789851,-6.81758578410796e-10
-2.6878070480712677,-2.0295685873191207,0.00326496006093591,0.01118676084134603,-9.36066904544397e-10
-2.57810063794591,-2.0295685873191207,0.0061065827178815625,0.015202764360997482,-1.318506160155608e-9
-2.468394227820552,-2.0295685873191207,0.010723942629285083,0.020838036427620162,-1.8641219436121848e-9
-2.358687817695194,-2.0295685873191207,0.017828067853263047,0.02828911585958978,-2.6010430129175255e-9
-2.248981407569836,-2.0295685873191207,0.028099923768875927,0.03751980255571104,-3.5365224707040177e-9
-2.1392749974444785,-2.0295685873191207,0.041956819948394286,0.048125941363663424,-4.641501245850055e-9
-2.0295685873191207,-2.0295685873191207,0.059262328592898365,0.059262991327025644,-5.839794092743489e-9
-1.9198621771937627,-2.0295685873191207,0.07908104660834292,0.06969978050803986,-7.009188472684169e-9
-1.8101557670684048,-2.0295685873191207,0.09961272461105329,0.07802561892451815,-7.999028342475789e-9
-1.700449356943047,-2.0295685873191207,0.11840729109156106,0.0829710655157063,-8.662290204575207e-9
-1.590742946817689,-2.0295685873191207,0.13285746345945865,0.0837388542480563,-8.892711150787491e-9
-1.4810365366923313,-2.0295685873191207,0.14083350761290458,0.0802210926942794,-8.653602542874061e-9
-1.3713301265669733,-2.0295685873191207,0.14123900818342272,0.07301937344686915,-7.987357594774203e-9
-1.2616237164416155,-2.0295685873191207,0.13428164883440322,0.06326585768857408,-7.002405016942603e-9
-1.1519173063162575,-2.0295685873191207,0.12136588576451131,0.05232142519620806,-5.843347139489197e-9
-1.0422108961908998,-2.0295685873191207,0.10466640227813141,0.04146311785032414,-4.655737989578412e-9
-0.9325044860655419,-2.0295685873191207,0.08655616864211256,0.03165694350313854,-3.5571500883735396e-9
-0.8227980759401841,-2.0295685873191207,0.06909131361125193,0.02346169020717031,-2.6217424134444833e-9
-0.7130916658148262,-2.0295685873191207,0.05369677450189618,0.01705460466360502,-1.879313041991404e-9
-0.6033852556894683,-2.0295685873191207,0.041093602775713355,0.012334109970649949,-1.3248307936808423e-9
-0.4936788455641104,-2.0295685873191207,0.03141595330160902,0.009046310538411834,-9.32366336914292e-10
-0.38397243543875254,-2.0295685873191207,0.02442070780082589,0.006895062519849493,-6.681467983049583e-10
-0.27426602531339467,-2.0295685873191207,0.01969988038058402,0.005617349956233998,-4.998412395790242e-10
-0.1645596151880368,-2.0295685873191207,0.016843570951552783,0.005025029941008342,-4.0161923786641296e-10
-0.054853205062678934,-2.0295685873191207,0.015541038184594744,0.005024706493245645,-3.560391304696653e-10
0.054853205062678934,-2.0295685873191207,0.015631792071751634,0.00562947862145366,-3.542537201084439e-10
0.1645596151880368,-2.0295685873191207,0.017124501870326665,0.006972595161506581,-3.9573268620363145e-10
0.27426602531339467,-2.0295685873191207,0.020194746739454053,0.009326406517864837,-4.881229951486654e-10
0.38397243543875254,-2.0295685873191207,0.025160402660066965,0.013121326707289181,-6.472459235240535e-10
0.4936788455641104,-2.0295685873191207,0.03242170691959422,0.018948739960629978,-8.966266409893286e-10
0.6033852556894683,-2.0295685873191207,0.042348002820897845,0.027520752573913614,-1.2654299101633182e-9
0.7130916658148262,-2.0295685873191207,0.05510250095070262,0.039554996039789,-1.7834673390892952e-9
0.8227980759401841,-2.0295685873191207,0.0704253471635082,0.055565011584318105,-2.472451257617969e-9
0.9325044860655419,-2.0295685873191207,0.08743812425258378,0.07557387753132483,-3.334172472835295e-9
1.0422108961908998,-2.0295685873191207,0.10456731030691033,0.09882449882565142,-4.338498754696829e-9
1.1519173063162575,-2.0295685873191207,0.1196790602155667,0.12360841351579156,-5.4159968454481344e-9
1.2616237164416155,-2.0295685873191207,0.13045517753384667,0.14733985429326257,-6.460192311652513e-9
1.3713301265669733,-2.0295685873191207,0.13493663471089365,0.16694005847352758,-7.342192562265204e-9
1.4810365366923313,-2.0295685873191207,0.1320658275464428,0.1794799840738513,-7.936021464982623e-9
1.590742946817689,-2.0295685873191207,0.12202716742035653,0.18290559024742686,-8.148263827556512e-9
1.700449356943047,-2.0295685873191207,0.1062441936255076,0.1766013982449798,-7.94263066428158e-9
1.8101557670684048,-2.0295685873191207,0.08701994770767857,0.16157965360514615,-7.350625080837503e-9
1.9198621771937627,-2.0295685873191207,0.06694760234194218,0.14021306212807774,-6.463879514972959e-9
2.0295685873191207,-2.0295685873191207,0.04830320075958431,0.11560531573875797,-5.410490194757145e-9
2.1392749974444785,-2.0295685873191207,0.03262148304307233,0.09083140860796866,-4.3237664282269606e-9
2.248981407569836,-2.0295685873191207,0.020559035457484373,0.0683100588002721,-3.314202114135245e-9
2.358687817695194,-2.0295685873191207,0.012021678838461265,0.04948307276007087,-2.4529842532206025e-9
2.468394227820552,-2.0295685873191207,0.006441497929972709,0.034827307053549236,-1.7695754202240455e-9
2.57810063794591,-2.0295685873191207,0.0030695549517950997,0.024097812780363735,-1.260197841912447e-9
2.6878070480712677,-2.0295685873191207,0.0011924467694830526,0.01665166219657724,-9.011636350336749e-10
2.7975134581966254,-2.0295685873191207,0.00024431824189460275,0.011730431685122271,-6.615248357780268e-10
2.9072198683219836,-2.0295685873191207,-0.00016624351072305537,0.008644472802166164,-5.120409912046098e-10
3.0169262784473414,-2.0295685873191207,-0.00027666775269920936,0.006860081623543976,-4.3006358977498715e-10
3.126632688572699,-2.0295685873191207,-0.00020458206749029897,0.006020241692599183,-4.0146738884694333e-10
3.236339098698057,-2.0295685873191207,0.0000252062527556717,0.005933040810129317,-4.211125862081666e-10
3.346045508823415,-2.0295685873191207,0.0004703730474816788,0.006551576613069203,-4.92948498860557e-10
3.455751918948773,-2.0295685873191207,0.001279376058190079,0.007955748692552124,-6.302147163503302e-10
-3.455751918948773,-1.9198621771937627,0.00011344602107692895,0.01266643167062916,-7.515804289690009e-10
-3.346045508823415,-1.9198621771937627,-0.00031481039782221094,0.009604457209811797,-5.927174957440218e-10
-3.236339098698057,-1.9198621771937627,-0.0004232729178378228,0.007917333987708206,-5.108087806904305e-10
-3.126632688572699,-1.9198621771937627,-0.0003288633325018403,0.007266584034281098,-4.914837764199986e-10
-3.0169262784473414,-1.9198621771937627,-0.00004155199123338912,0.007499973368919617,-5.313324628365701e-10
-2.9072198683219836,-1.9198621771937627,0.0005288700965182403,0.008633371076355341,-6.380212183229594e-10
-2.7975134581966254,-1.9198621771937627,0.0015882225316013513,0.010834887756663249,-8.304850088874938e-10
-2.6878070480712677,-1.9198621771937627,0.0034899977643111082,0.014405511737153175,-1.1386255081152763e-9
-2.57810063794591,-1.9198621771937627,0.006769433279854742,0.0197399453159804,-1.6010928086812592e-9
-2.468394227820552,-1.9198621771937627,0.012151987361539326,0.027246370028925194,-2.259190121436938e-9
-2.358687817695194,-1.9198621771937627,0.020496204419507183,0.037210261490743746,-3.1453103420397976e-9
-2.248981407569836,-1.9198621771937627,0.03263125145284284,0.04961081345475322,-4.26623351576505e-9
-2.1392749974444785,-1.9198621771937627,0.04907748920133342,0.06393654808328698,-5.585066263635863e-9
-2.0295685873191207,-1.9198621771937627,0.06969896966867571,0.07908183143808142,-7.0091786263937195e-9
-1.9198621771937627,-1.9198621771937627,0.09340901857220298,0.09340997496635688,-8.392578049187804e-9
-1.8101557670684048,-1.9198621771937627,0.11808822481203149,0.1050213150704652,-9.557573593665936e-9
-1.700449356943047,-1.9198621771937627,0.14083366677875264,0.11217657784440568,-1.033273568096238e-8
-1.590742946817689,-1.9198621771937627,0.15853485241232423,0.1137413065425531,-1.0595779892375035e-8
-1.4810365366923313,-1.9198621771937627,0.16861913484280044,0.10948852209140092,-1.0306054704090073e-8
-1.3713301265669733,-1.9198621771937627,0.16971138202354433,0.10014665599994653,-9.514572948954303e-9
-1.2616237164416155,-1.9198621771937627,0.16196904092631925,0.08718306208714466,-8.348450791784146e-9
-1.1519173063162575,-1.9198621771937627,0.14697983876502324,0.07241487861954019,-6.976523830859449e-9
-1.0422108961908998,-1.9198621771937627,0.127281086170307,0.05759024595097999,-5.569003327932087e-9
-0.9325044860655419,-1.9198621771937627,0.10569389480442683,0.044068863319058516,-4.264146501176125e-9
-0.8227980759401841,-1.9198621771937627,0.08470614375666626,0.03267074762980813,-3.1501078620599365e-9
-0.7130916658148262,-1.9198621771937627,0.06607949194201729,0.023691031746216975,-2.263315264372512e-9
-0.6033852556894683,-1.9198621771937627,0.0507399731508572,0.017027379343660456,-1.5990867553716814e-9
-0.4936788455641104,-1.9198621771937627,0.03890049457409785,0.012349269627225353,-1.1276666718462725e-9
-0.38397243543875254,-1.9198621771937627,0.030303975655376403,0.009251371948722022,-8.095454966106086e-10
-0.27426602531339467,-1.9198621771937627,0.024478442858930863,0.007361564336072015,-6.065481138184392e-10
-0.1645596151880368,-1.9198621771937627,0.020937458033134092,0.006401491541980256,-4.880036427040713e-10
-0.054853205062678934,-1.9198621771937627,0.019307151962531972,0.006213970623296462,-4.331459461937026e-10
0.054853205062678934,-1.9198621771937627,0.019391951084096457,0.006775649163197362,-4.3147179058788954e-10
0.1645596151880368,-1.9198621771937627,0.021199667456990173,0.008209003331864455,-4.82480071520297e-10
0.27426602531339467,-1.9198621771937627,0.024939277420024247,0.0107993210572432,-5.955382315764313e-10
0.38397243543875254,-1.9198621771937627,0.03099025340056158,0.01501167481953021,-7.898746726131556e-10
0.4936788455641104,-1.9198621771937627,0.03982833155661167,0.021490404707464026,-1.0939650088581665e-9
0.6033852556894683,-1.9198621771937627,0.051886963572451185,0.031011483938869575,-1.542956085814895e-9
0.7130916658148262,-1.9198621771937627,0.0673456308619822,0.0443535555592052,-2.172549855294914e-9
0.8227980759401841,-1.9198621771937627,0.08587139038557853,0.06206775236566183,-3.008420061678674e-9
0.9325044860655419,-1.9198621771937627,0.10639051537133037,0.08416721685062449,-4.052069804694192e-9
1.0422108961908998,-1.9198621771937627,0.12700556211333056,0.10981664382013342,-5.266656832869643e-9
1.1519173063162575,-1.9198621771937627,0.14516362022109044,0.13715183415390766,-6.568466270895357e-9
1.2616237164416155,-1.9198621771937627,0.15810565103010613,0.16336183364423046,-7.829829659633525e-9
1.3713301265669733,-1.9198621771937627,0.16350664645679155,0.18509995115496514,-8.896534814395451e-9
1.4810365366923313,-1.9198621771937627,0.16010948561896182,0.19916865591778535,-9.61772317342735e-9
1.590742946817689,-1.9198621771937627,0.14812258044572707,0.20329581368906577,-9.880866486122741e-9
1.700449356943047,-1.9198621771937627,0.12921949335797756,0.19674773485228686,-9.641017442718613e-9
1.8101557670684048,-1.9198621771937627,0.10612401278825422,0.1805526117313319,-8.933998679738764e-9
1.9198621771937627,-1.9198621771937627,0.08192329002360438,0.1572383080829822,-7.868078036321613e-9
2.0295685873191207,-1.9198621771937627,0.059351201167485795,0.13017172276488354,-6.596411833426075e-9
2.1392749974444785,-1.9198621771937627,0.04027713974253756,0.10273857856207282,-5.279861589602142e-9
2.248981407569836,-1.9198621771937627,0.025528623281741176,0.0776462975179311,-4.053008664794966e-9
2.358687817695194,-1.9198621771937627,0.015028810303603153,0.05654918063973956,-3.003600139439566e-9
2.468394227820552,-1.9198621771937627,0.008119072246596342,0.04003736275560684,-2.168916532485632e-9
2.57810063794591,-1.9198621771937627,0.003908319373582939,0.027888603128831485,-1.5455635469369122e-9
2.6878070480712677,-1.9198621771937627,0.0015365991918624778,0.019420534671130956,-1.1054701910817588e-9
2.7975134581966254,-1.9198621771937627,0.00031501466950128836,0.013806062512717413,-8.113087675634678e-10
2.9072198683219836,-1.9198621771937627,-0.00023756174753591106,0.010284226682812082,-6.275473639003049e-10
3.0169262784473414,-1.9198621771937627,-0.0004166286736584238,0.008263973354862609,-5.265347125318898e-10
3.126632688572699,-1.9198621771937627,-0.0003723724008093919,0.0073531698987541055,-4.909421306986683e-10
3.236339098698057,-1.9198621771937627,-0.0001422963206978078,0.0073506223829318835,-5.143616873572177e-10
3.346045508823415,-1.9198621771937627,0.00033584676196845306,0.008228019228406783,-6.014201307108502e-10
3.455751918948773,-1.9198621771937627,0.001233691166125291,0.010113500917442637,-7.679690642095616e-10
-3.455751918948773,-1.8101557670684048,0.00019773707135170137,0.014206753803131638,-8.755757958944788e-10
-3.346045508823415,-1.8101557670684048,-0.0003662775105875869,0.010892247587631911,-6.89904972560329e-10
-3.236339098698057,-1.8101557670684048,-0.000549137035607146,0.009093427551991294,-5.938952229306294e-10
-3.126632688572699,-1.8101557670684048,-0.0004950816869483863,0.008461110348705884,-5.707184985020985e-10
-3.0169262784473414,-1.8101557670684048,-0.00022473170308534617,0.008853411449647573,-6.162282273000641e-10
-2.9072198683219836,-1.8101557670684048,0.0003565866503785547,0.010321543690463175,-7.390559718031819e-10
-2.7975134581966254,-1.8101557670684048,0.0014761945058817142,0.01309747806013284,-9.607575403650093e-10
-2.6878070480712677,-1.8101557670684048,0.003531087871210591,0.017575827956508132,-1.315348076985634e-9
-2.57810063794591,-1.8101557670684048,0.007128095906806755,0.02426948734772688,-1.8465918794063896e-9
-2.468394227820552,-1.8101557670684048,0.013095472986730135,0.03371208069001924,-2.6008296280521925e-9
-2.358687817695194,-1.8101557670684048,0.022419707094474738,0.04628794214112939,-3.6136210655735024e-9
-2.248981407569836,-1.8101557670684048,0.03606157335720878,0.06199972118368477,-4.890757784870026e-9
-2.1392749974444785,-1.8101557670684048,0.05463786251040556,0.08023192137336066,-6.388152187786211e-9
-2.0295685873191207,-1.8101557670684048,0.07802467605401171,0.09961361114016239,-7.999007081704868e-9
-1.9198621771937627,-1.8101557670684048,0.10502020667170854,0.1180893009211365,-9.557561672646209e-9
-1.8101557670684048,-1.8101557670684048,0.1332470569905061,0.13324830002309274,-1.0864303012780852e-8
-1.700449356943047,-1.8101557670684048,0.1594272157616126,0.1428530609272546,-1.1728667412280736e-8
-1.590742946817689,-1.8101557670684048,0.18002441698090085,0.1454013829540283,-1.2016254005708937e-8
-1.4810365366923313,-1.8101557670684048,0.19207977493913792,0.1405202500860694,-1.1683840867027229e-8
-1.3713301265669733,-1.8101557670684048,0.19395909495988278,0.1290477733948023,-1.0789540649813745e-8
-1.2616237164416155,-1.8101557670684048,0.18574684207569248,0.11278406171513637,-9.47523637329084e-9
-1.1519173063162575,-1.8101557670684048,0.16915649226086626,0.09401638406662409,-7.928846662563771e-9
-1.0422108961908998,-1.8101557670684048,0.14701279103757053,0.07499113819759623,-6.340193314802178e-9
-0.9325044860655419,-1.8101557670684048,0.12251161495954282,0.05749518709253431,-4.864317865171941e-9
-0.8227980759401841,-1.8101557670684048,0.09851593538666718,0.04264121856416575,-3.6010924242546594e-9
-0.7130916658148262,-1.8101557670684048,0.0770907785071964,0.030865101751417226,-2.5928462710211875e-9
-0.6033852556894683,-1.8101557670684048,0.05935572993369072,0.022075217778929433,-1.8356512837547356e-9
-0.4936788455641104,-1.8101557670684048,0.04560670064375783,0.015865509527500397,-1.2969411065932857e-9
-0.38397243543875254,-1.8101557670684048,0.0355851161460546,0.011715348650188397,-9.326548734700513e-10
-0.27426602531339467,-1.8101557670684048,0.02876952475175337,0.009133656094849889,-6.998476295011491e-10
-0.1645596151880368,-1.8101557670684048,0.02460952564729854,0.007740668635809838,-5.638391645940155e-10
-0.054853205062678934,-1.8101557670684048,0.022676738817436648,0.007303744251856493,-5.010965340584983e-10
0.054853205062678934,-1.8101557670684048,0.022744403365769057,0.007750428914665862,-4.997608455542535e-10
0.1645596151880368,-1.8101557670684048,0.02481856005349281,0.00917734842656919,-5.594296484390249e-10
0.27426602531339467,-1.8101557670684048,0.029136201425683492,0.011863340843147933,-6.910485725319937e-10
0.38397243543875254,-1.8101557670684048,0.036129479021135495,0.016282804571583657,-9.169111338247493e-10
0.4936788455641104,-1.8101557670684048,0.04633916468676451,0.023101398725651555,-1.269922132729473e-9
0.6033852556894683,-1.8101557670684048,0.060254415436891466,0.03312336600586023,-1.790569532922337e-9
0.7130916658148262,-1.8101557670684048,0.07807001646609243,0.04715527379660684,-2.51981136650814e-9
0.8227980759401841,-1.8101557670684048,0.09939265984343648,0.06576630353197592,-3.4868704035240228e-9
0.9325044860655419,-1.8101557670684048,0.12298455743578338,0.08896749585688454,-4.693044466930196e-9
1.0422108961908998,-1.8101557670684048,0.14667435195434922,0.11589271079949165,-6.095607324452246e-9
1.1519173063162575,-1.8101557670684048,0.16755205554871663,0.14461340027021274,-7.598240134298884e-9
1.2616237164416155,-1.8101557670684048,0.18247823985969433,0.17222075413192897,-9.054477168035646e-9
1.3713301265669733,-1.8101557670684048,0.188804368441593,0.19524204981559048,-1.0287517615559238e-8
1.4810365366923313,-1.8101557670684048,0.18508485180044648,0.2103375937515852,-1.1124128895811936e-8
1.590742946817689,-1.8101557670684048,0.17152683811806987,0.21509760330585043,-1.143440822581887e-8
1.700449356943047,-1.8101557670684048,0.1499981320231003,0.2086838276941387,-1.1165305152660565e-8
1.8101557670684048,-1.8101557670684048,0.12357145739999684,0.19208284356058425,-1.0356212498674466e-8
1.9198621771937627,-1.8101557670684048,0.09575804752494543,0.1678629316284209,-9.130146347291479e-9
2.0295685873191207,-1.8101557670684048,0.06969689727525273,0.13951048161993856,-7.662739831548748e-9
2.1392749974444785,-1.8101557670684048,0.04756457904081755,0.1105823410984345,-6.139700088614308e-9
2.248981407569836,-1.8101557670684048,0.03035686908406294,0.08396642639620039,-4.717398451037358e-9
2.358687817695194,-1.8101557670684048,0.018029508289216803,0.061466646817776194,-3.4986013669469074e-9
2.468394227820552,-1.8101557670684048,0.009856913894281368,0.0437679823588833,-2.527708226757186e-9
2.57810063794591,-1.8101557670684048,0.004829923029198643,0.03068551753823643,-1.801713396532012e-9
2.6878070480712677,-1.8101557670684048,0.0019614687004375466,0.021529984971744614,-1.2886117884552961e-9
2.7975134581966254,-1.8101557670684048,0.00045274878239607696,0.015442969662214439,-9.453256458874515e-10
2.9072198683219836,-1.8101557670684048,-0.00025969674741722643,0.011626033675396694,-7.306415498661845e-10
3.0169262784473414,-1.8101557670684048,-0.0005263976837295817,0.00945752300641061,-6.123783407446792e-10
3.126632688572699,-1.8101557670684048,-0.0005300784108782622,0.008529594762397306,-5.702840890492444e-10
3.236339098698057,-1.8101557670684048,-0.00032314458106157476,0.008645263334244174,-5.967456199323928e-10
3.346045508823415,-1.8101557670684048,0.00015695075452903115,0.00980436272416034,-6.968938004794922e-10
3.455751918948773,-1.8101557670684048,0.0010983126755297343,0.012190839958935452,-8.887577670341207e-10
-3.455751918948773,-1.700449356943047,0.00035245129910878477,0.015093639934190172,-9.661535156982315e-10
-3.346045508823415,-1.700449356943047,-0.00035077020371753875,0.011699306669494548,-7.605352016562539e-10
-3.236339098698057,-1.700449356943047,-0.0006201883387458485,0.009890147022847707,-6.539246921732911e-10
-3.126632688572699,-1.700449356943047,-0.000624489893526189,0.009327244982007902,-6.27601256554533e-10
-3.0169262784473414,-1.700449356943047,-0.000396628573818579,0.009891442937212279,-6.767770267812612e-10
-2.9072198683219836,-1.700449356943047,0.00015649294106733977,0.011674797348348536,-8.106514097147577e-10
-2.7975134581966254,-1.700449356943047,0.0012725190983930964,0.014973477973882947,-1.0524911445847218e-9
-2.6878070480712677,-1.700449356943047,0.003374232193398963,0.02027260490611082,-1.439011678913693e-9
-2.57810063794591,-1.700449356943047,0.007114524862760192,0.028198670856445607,-2.017279957661211e-9
-2.468394227820552,-1.700449356943047,0.01339125671278116,0.039407262291482524,-2.8367582033395067e-9
-2.358687817695194,-1.700449356943047,0.023281302559204842,0.054382465496988955,-3.934708354275118e-9
-2.248981407569836,-1.700449356943047,0.03784308626690043,0.07315911016601062,-5.3157201834741485e-9
-2.1392749974444785,-1.700449356943047,0.057772157145366355,0.09503670981716053,-6.930391580062256e-9
-2.0295685873191207,-1.700449356943047,0.08297002596943834,0.11840824427291836,-8.66225789708519e-9
-1.9198621771937627,-1.700449356943047,0.11217535899745484,0.14083481952759713,-1.0332711131155747e-8
-1.8101557670684048,-1.700449356943047,0.1428516975620099,0.15942854314804802,-1.172865389531541e-8
-1.700449356943047,-1.700449356943047,0.17147496429298845,0.17147641656190066,-1.264811524959164e-8
-1.590742946817689,-1.700449356943047,0.19421618467780183,0.17511279464409232,-1.2949852301602505e-8
-1.4810365366923313,-1.700449356943047,0.2078359472335642,0.16980220750131922,-1.2589527781381449e-8
-1.3713301265669733,-1.700449356943047,0.21049322711036295,0.15645975944895357,-1.1629700896742534e-8
-1.2616237164416155,-1.700449356943047,0.20218639291562057,0.13717875226808135,-1.0221087670680973e-8
-1.1519173063162575,-1.700449356943047,0.18468216069946927,0.11468061619163594,-8.563045952869608e-9
-1.0422108961908998,-1.700449356943047,0.1609815729246241,0.09168518752200769,-6.857420631334321e-9
-0.9325044860655419,-1.700449356943047,0.13453324452631313,0.07039533811003121,-5.269915739902764e-9
-0.8227980759401841,-1.700449356943047,0.10846785214630073,0.05221680727241555,-3.908220441717347e-9
-0.7130916658148262,-1.700449356943047,0.085077412662599,0.03773349921030049,-2.818949657035219e-9
-0.6033852556894683,-1.700449356943047,0.06563441177204592,0.026874030510375048,-1.9991332964042208e-9
-0.4936788455641104,-1.700449356943047,0.0505078322783868,0.019165257129309853,-1.4147219853932747e-9
-0.38397243543875254,-1.700449356943047,0.03944814927553926,0.013977035092874596,-1.018879841607756e-9
-0.27426602531339467,-1.700449356943047,0.03190450705953383,0.010701997897611556,-7.656192381466642e-10
-0.1645596151880368,-1.700449356943047,0.02728339579811567,0.008858480155017709,-6.176489632248039e-10
-0.054853205062678934,-1.700449356943047,0.025117908417124815,0.008134471339124212,-5.496273280253261e-10
0.054853205062678934,-1.700449356943047,0.0251582491756295,0.008400331496816509,-5.488428531097433e-10
0.1645596151880368,-1.700449356943047,0.027407940177147202,0.009713270738035937,-6.150571354307521e-10
0.27426602531339467,-1.700449356943047,0.032122687423967226,0.012325021333042759,-7.60440328761991e-10
0.38397243543875254,-1.700449356943047,0.03977136214484575,0.016690286840532788,-1.0095967499512692e-9
0.4936788455641104,-1.700449356943047,0.05094129418661621,0.023458902666098423,-1.3987580295415913e-9
0.6033852556894683,-1.700449356943047,0.06616346299642752,0.03342154113744859,-1.9724395172726616e-9
0.7130916658148262,-1.700449356943047,0.0856486224270735,0.04737432697139128,-2.775610796756922e-9
0.8227980759401841,-1.700449356943047,0.10896909345718422,0.0658827797091826,-3.840300188961976e-9
0.9325044860655419,-1.700449356943047,0.13478180209214946,0.0889666733804934,-5.1678732820859e-9
1.0422108961908998,-1.700449356943047,0.16073216436367788,0.11578583707489426,-6.7114454410655e-9
1.1519173063162575,-1.700449356943047,0.18366342290303128,0.14445462353957692,-8.365430279044794e-9
1.2616237164416155,-1.700449356943047,0.2001633557205752,0.1721148038830121,-9.969257558362088e-9
1.3713301265669733,-1.700449356943047,0.20733864871373514,0.19533386988323223,-1.1328908255947567e-8
1.4810365366923313,-1.700449356943047,0.20358388822004164,0.21078128630972118,-1.2253877273993297e-8
1.590742946817689,-1.700449356943047,0.18907442379742476,0.21601236016992434,-1.2600697096853963e-8
1.700449356943047,-1.700449356943047,0.1657887755185424,0.21011331638665687,-1.2309905178531366e-8
1.8101557670684048,-1.700449356943047,0.13703156560510876,0.19397567832168944,-1.142357408667749e-8
1.9198621771937627,-1.700449356943047,0.10661431967361724,0.170083477191083,-1.007611025172217e-8
2.0295685873191207,-1.700449356943047,0.07797659559035258,0.14187557346594867,-8.460482869843133e-9
2.1392749974444785,-1.700449356943047,0.05353457842507225,0.11290841526086853,-6.781449360393488e-9
2.248981407569836,-1.700449356943047,0.03442704846581742,0.08610907911268709,-5.211936646154491e-9
2.358687817695194,-1.700449356943047,0.02065287549205349,0.0633410530226074,-3.865972202088397e-9
2.468394227820552,-1.700449356943047,0.011452255450410112,0.04534888428372615,-2.793151439306474e-9
2.57810063794591,-1.700449356943047,0.005738325822104037,0.03199352203438146,-1.990576713878367e-9
2.6878070480712677,-1.700449356943047,0.0024340896118751525,0.022613508786412374,-1.4231393685032456e-9
2.7975134581966254,-1.700449356943047,0.0006593634796634275,0.01636315264447145,-1.0433490217620633e-9
2.9072198683219836,-1.700449356943047,-0.00021280792155145903,0.01244819522215192,-8.056752530752331e-10
3.0169262784473414,-1.700449356943047,-0.0005774262064547047,0.010249764476925776,-6.745030176752431e-10
3.126632688572699,-1.700449356943047,-0.000645465842355049,0.009367873175863857,-6.273447889643124e-10
3.236339098698057,-1.700449356943047,-0.00048474048626473074,0.00962430301334976,-6.556079897718226e-10
3.346045508823415,-1.700449356943047,-0.00003721610940109199,0.011054235103421033,-7.646666754651532e-10
3.455751918948773,-1.700449356943047,0.000892028532895649,0.013899003267247885,-9.739586680559964e-10
-3.455751918948773,-1.590742946817689,0.0005659706682322671,0.01515769459713762,-1.0079183399361313e-9
-3.346045508823415,-1.590742946817689,-0.00025969286923119197,0.01187720981267785,-7.925520196724878e-10
-3.236339098698057,-1.590742946817689,-0.0006155729304873534,0.010166187308032813,-6.806173671533577e-10
-3.126632688572699,-1.590742946817689,-0.0006881735406158878,0.009716519273417528,-6.523668636543301e-10
-3.0169262784473414,-1.590742946817689,-0.0005226814348967984,0.010441606336420044,-7.025664650744945e-10
-2.9072198683219836,-1.590742946817689,-0.000033606246671471704,0.012474502004658414,-8.404891964700067e-10
-2.7975134581966254,-1.590742946817689,0.001013888121485662,0.016167215133950103,-1.0899227562144453e-9
-2.6878070480712677,-1.590742946817689,0.0030461912058814032,0.02208006300327216,-1.4884397377817882e-9
-2.57810063794591,-1.590742946817689,0.0067290955928692355,0.030933678002286365,-2.08409679097743e-9
-2.468394227820552,-1.590742946817689,0.012985776221164137,0.043487048417302346,-2.9271343196524136e-9
-2.358687817695194,-1.590742946817689,0.022932168846653007,0.06031412331006015,-4.054914876094884e-9
-2.248981407569836,-1.590742946817689,0.037676436584885065,0.08149021909354869,-5.470991271128156e-9
-2.1392749974444785,-1.590742946817689,0.05796525724153438,0.10626467265327479,-7.123569407962993e-9
-2.0295685873191207,-1.590742946817689,0.08373776901413094,0.13285843811486434,-8.892669045579282e-9
-1.9198621771937627,-1.590742946817689,0.11374003644886135,0.15853602719395893,-1.0595743477059827e-8
-1.8101557670684048,-1.590742946817689,0.14539996484724943,0.18002576584022256,-1.2016227249334044e-8
-1.700449356943047,-1.590742946817689,0.17511128675821322,0.19421765699866952,-1.2949838451570272e-8
-1.590742946817689,-1.590742946817689,0.198924963615408,0.19892648966039914,-1.3254384811922648e-8
-1.4810365366923313,-1.590742946817689,0.21346417150572677,0.19345312354427205,-1.2885737032952704e-8
-1.3713301265669733,-1.590742946817689,0.21676176249399662,0.17874528066275763,-1.1907506564101666e-8
-1.2616237164416155,-1.590742946817689,0.20873096753809456,0.15711470105183226,-1.0472139683193049e-8
-1.1519173063162575,-1.590742946817689,0.19111579341694082,0.13163025167901046,-8.78137311477456e-9
-1.0422108961908998,-1.590742946817689,0.1669618774270261,0.10540445180670437,-7.039973659583865e-9
-0.9325044860655419,-1.590742946817689,0.13981528653418246,0.08099423768258429,-5.416761844623252e-9
-0.8227980759401841,-1.590742946817689,0.1129286020122267,0.060060970945729646,-4.022201169351369e-9
-0.7130916658148262,-1.590742946817689,0.08870912523074846,0.04332269599661464,-2.9048471891779393e-9
-0.6033852556894683,-1.590742946817689,0.06851548492270355,0.030732369402489145,-2.0626222674291483e-9
-0.4936788455641104,-1.590742946817689,0.0527652830608647,0.021764497046597997,-1.461431163585214e-9
-0.38397243543875254,-1.590742946817689,0.04122436939370424,0.01569790434407203,-1.0537824467193868e-9
-0.27426602531339467,-1.590742946817689,0.033335198000694205,0.011826066909644543,-7.927986288291944e-10
-0.1645596151880368,-1.590742946817689,0.02848763567389668,0.009578072377297794,-6.40362794041005e-10
-0.054853205062678934,-1.590742946817689,0.026197731819108987,0.008569052933701672,-5.705606924422124e-10
0.054853205062678934,-1.590742946817689,0.026204185365187264,0.008611558868567825,-5.704660233779579e-10
0.1645596151880368,-1.590742946817689,0.028507554345327236,0.009714717110367203,-6.400474299866898e-10
0.27426602531339467,-1.590742946817689,0.033370072399800464,0.012085448328778661,-7.921592513893128e-10
0.38397243543875254,-1.590742946817689,0.04127598504707021,0.016131355087093548,-1.0526149223089032e-9
0.4936788455641104,-1.590742946817689,0.05283440718433475,0.022450105388387896,-1.4593818098429523e-9
0.6033852556894683,-1.590742946817689,0.06859966318034806,0.03177732716548405,-2.0591247387735656e-9
0.7130916658148262,-1.590742946817689,0.08879965138066033,0.04486045506688521,-2.8990575634546545e-9
0.8227980759401841,-1.590742946817689,0.11300733822979528,0.06223944262928327,-4.0129664591326275e-9
0.9325044860655419,-1.590742946817689,0.1398527956466263,0.08395284367681467,-5.402671851562069e-9
1.0422108961908998,-1.590742946817689,0.16691876938063133,0.10924163350439958,-7.019551551135095e-9
1.1519173063162575,-1.590742946817689,0.19094863698824652,0.1363680999471772,-8.753428232255445e-9
1.2616237164416155,-1.590742946817689,0.20840233655247167,0.16267134652722157,-1.0436229352928095e-8
1.3713301265669733,-1.590742946817689,0.21625164262100324,0.18492604341367103,-1.1864354082513628e-8
1.4810365366923313,-1.590742946817689,0.21277845815583887,0.19996707233557742,-1.2837397533882466e-8
1.590742946817689,-1.590742946817689,0.19809733302223687,0.2054272619888442,-1.3204015214540732e-8
1.700449356943047,-1.590742946817689,0.1741972922443052,0.20035919108202227,-1.2901068019433026e-8
1.8101557670684048,-1.590742946817689,0.14446541487162368,0.18551832322461226,-1.1972346114497157e-8
1.9198621771937627,-1.590742946817689,0.1128477798440619,0.1631876765663846,-1.0559008598032271e-8
2.0295685873191207,-1.590742946817689,0.082937023903148,0.13659215426934582,-8.863982423057415e-9
2.1392749974444785,-1.590742946817689,0.057285963976710604,0.10910942527431829,-7.102587448737374e-9
2.248981407569836,-1.590742946817689,0.03712894799523645,0.08355255248179831,-5.456536417147717e-9
2.358687817695194,-1.590742946817689,0.022510943046134407,0.06174150636581236,-4.045468550428755e-9
2.468394227820552,-1.590742946817689,0.01267503254784751,0.044434173903116124,-2.921230663616159e-9
2.57810063794591,-1.590742946817689,0.006508531437625481,0.03153885715551889,-2.080538689247513e-9
2.6878070480712677,-1.590742946817689,0.002895499576166325,0.02245352053561769,-1.4863582795121566e-9
2.7975134581966254,-1.590742946817689,0.0009155978562314033,0.016388992531236463,-1.0887414511606686e-9
2.9072198683219836,-1.590742946817689,-0.00009281140230601483,0.012597961782935598,-8.398540474185978e-10
3.0169262784473414,-1.590742946817689,-0.0005516682153728016,0.010498816907060183,-7.022786163365935e-10
3.126632688572699,-1.590742946817689,-0.0006915366470072503,0.00972300657763494,-6.523345049899709e-10
3.236339098698057,-1.590742946817689,-0.0005938567051452922,0.01012374056201064,-6.808301335897715e-10
3.346045508823415,-1.590742946817689,-0.00020942381703833914,0.011774228923639267,-7.930779470644023e-10
3.455751918948773,-1.590742946817689,0.0006524684445793358,0.014967027655648342,-1.0089232175408691e-9
-3.455751918948773,-1.4810365366923313,0.0008064099843227831,0.014373503897916964,-9.933250524202242e-10
-3.346045508823415,-1.4810365366923313,-0.0001043479365035729,0.011386068729723533,-7.801550195793427e-10
-3.236339098698057,-1.4810365366923313,-0.0005320158015079896,0.009868069269059422,-6.691272397274517e-10
-3.126632688572699,-1.4810365366923313,-0.0006712688700396857,0.009558405410477368,-6.405119377592139e-10
-3.0169262784473414,-1.4810365366923313,-0.0005773707866077384,0.010408089531086791,-6.889031801612933e-10
-2.9072198683219836,-1.4810365366923313,-0.00017721909130793967,0.01258518474205612,-8.231436660760538e-10
-2.7975134581966254,-1.4810365366923313,0.0007484952166023108,0.01648083395959169,-1.0662689255841462e-9
-2.6878070480712677,-1.4810365366923313,0.002606907429536908,0.02270421257847753,-1.4547349228011264e-9
-2.57810063794591,-1.4810365366923313,0.006041337979540446,0.03203728203488374,-2.035140840572769e-9
-2.468394227820552,-1.4810365366923313,0.011951851321464339,0.04531000763484441,-2.8560941840727327e-9
-2.358687817695194,-1.4810365366923313,0.021436027231352718,0.06316558241799165,-3.953534180589635e-9
-2.248981407569836,-1.4810365366923313,0.03559651169143513,0.08572565955209249,-5.330431561423321e-9
-2.1392749974444785,-1.4810365366923313,0.0551964188881027,0.11223519107679691,-6.936017080128032e-9
-2.0295685873191207,-1.4810365366923313,0.08022002042872096,0.14083445558094937,-8.653553637549827e-9
-1.9198621771937627,-1.4810365366923313,0.10948726844900597,0.1686202741758285,-1.030600946250182e-8
-1.8101557670684048,-1.4810365366923313,0.14051885181098472,0.19208107977024153,-1.1683803091688816e-8
-1.700449356943047,-1.4810365366923313,0.169800722318152,0.20783736845247,-1.258950099725098e-8
-1.590742946817689,-1.4810365366923313,0.19345162221696308,0.21346564208288413,-1.288572332169835e-8
-1.4810365366923313,-1.4810365366923313,0.20811851089844846,0.2081199558177415,-1.2529682236195328e-8
-1.3713301265669733,-1.4810365366923313,0.21180701748092176,0.19273167949138686,-1.158250942379091e-8
-1.2616237164416155,-1.4810365366923313,0.2043608621950606,0.1697303671428263,-1.019119852396777e-8
-1.1519173063162575,-1.4810365366923313,0.1874328389610825,0.14240405806224077,-8.550700966725167e-9
-1.0422108961908998,-1.4810365366923313,0.163979387493036,0.11412849916244175,-6.859392762126326e-9
-0.9325044860655419,-1.4810365366923313,0.1374774749314832,0.08770630827855817,-5.281326209694015e-9
-0.8227980759401841,-1.4810365366923313,0.11113853117976624,0.0649807814529471,-3.924292404922092e-9
-0.7130916658148262,-1.4810365366923313,0.0873549241166814,0.046768512102800835,-2.8360883919109625e-9
-0.6033852556894683,-1.4810365366923313,0.06748921024558216,0.033043885183161974,-2.015230919638622e-9
-0.4936788455641104,-1.4810365366923313,0.05197314025420439,0.023248191208094588,-1.4289361499608688e-9
-0.38397243543875254,-1.4810365366923313,0.04058982285676047,0.01659876624535143,-1.0312180553917472e-9
-0.27426602531339467,-1.4810365366923313,0.03279744667615795,0.012320391981467019,-7.765663077863305e-10
-0.1645596151880368,-1.4810365366923313,0.02799764439599674,0.009778247504225943,-6.279382864377014e-10
-0.054853205062678934,-1.4810365366923313,0.025713281433486314,0.008531841912293812,-5.601684793105077e-10
0.054853205062678934,-1.4810365366923313,0.02568476555692724,0.00834397269911297,-5.607847814587119e-10
0.1645596151880368,-1.4810365366923313,0.027909619758278898,0.009174259227867555,-6.29969741303138e-10
0.27426602531339467,-1.4810365366923313,0.032643288719221265,0.011173743648720338,-7.806082377714851e-10
0.38397243543875254,-1.4810365366923313,0.0403615638008196,0.014682269306837532,-1.0384226013793185e-9
0.4936788455641104,-1.4810365366923313,0.0516672503223593,0.020216129537526658,-1.4412478259451245e-9
0.6033852556894683,-1.4810365366923313,0.06711630780630867,0.028421488800337305,-2.035684877610411e-9
0.7130916658148262,-1.4810365366923313,0.0869531499689983,0.03996437296149959,-2.8690894104954623e-9
0.8227980759401841,-1.4810365366923313,0.11078761483042572,0.0553389432621911,-3.975712779824558e-9
0.9325044860655419,-1.4810365366923313,0.1373070595631668,0.07460784547796404,-5.358181162651299e-9
1.0422108961908998,-1.4810365366923313,0.1641632115366454,0.0971355965730848,-6.968848678678974e-9
1.1519173063162575,-1.4810365366923313,0.18816276917358066,0.12141713897449372,-8.698336481649527e-9
1.2616237164416155,-1.4810365366923313,0.20580261039075162,0.14511103535538258,-1.037880045795525e-8
1.3713301265669733,-1.4810365366923313,0.21404972710408512,0.16534248282718453,-1.1806129796010367e-8
1.4810365366923313,-1.4810365366923313,0.2111370573076422,0.17925119771484663,-1.277891018003352e-8
1.590742946817689,-1.4810365366923313,0.19709810668759342,0.18465417057671413,-1.3144865251835114e-8
1.700449356943047,-1.4810365366923313,0.17383033310373355,0.18061888330702544,-1.284060571760115e-8
1.8101557670684048,-1.4810365366923313,0.1446410969818517,0.16774109411401936,-1.1910562133787828e-8
1.9198621771937627,-1.4810365366923313,0.11342438528880722,0.14800981653273115,-1.0497091251782109e-8
2.0295685873191207,-1.4810365366923313,0.0837542482797146,0.12429432125527998,-8.804199647105548e-9
2.1392749974444785,-1.4810365366923313,0.05819510196863893,0.09963584709746193,-7.047586049468979e-9
2.248981407569836,-1.4810365366923313,0.038013581613191155,0.07659372153382647,-5.4084809686383295e-9
2.358687817695194,-1.4810365366923313,0.023295735444314042,0.05684662170182251,-4.005459568190428e-9
2.468394227820552,-1.4810365366923313,0.01332377444640058,0.04111803854491296,-2.889197207867067e-9
2.57810063794591,-1.4810365366923313,0.007015090607739806,0.02935930470555112,-2.0555147011575015e-9
2.6878070480712677,-1.4810365366923313,0.0032721550100167345,0.0210519269052577,-1.4669048493259895e-9
2.7975134581966254,-1.4810365366923313,0.001182389445164504,0.015499780938800873,-1.0733098645965278e-9
2.9072198683219836,-1.4810365366923313,0.00008412603303700056,0.012039118690365369,-8.269900111934625e-10
3.0169262784473414,-1.4810365366923313,-0.0004494203732977476,0.010155067660115095,-6.906651778271211e-10
3.126632688572699,-1.4810365366923313,-0.0006564239863439169,0.009529715420356412,-6.407108663064598e-10
3.236339098698057,-1.4810365366923313,-0.0006278727755105961,0.01005579316039058,-6.678224067496741e-10
3.346045508823415,-1.4810365366923313,-0.00032624489007126826,0.011841543189177739,-7.769590318340569e-10
3.455751918948773,-1.4810365366923313,0.00042457747586623507,0.015216904654359379,-9.873072828042728e-10
-3.455751918948773,-1.3713301265669733,0.0010298423274196725,0.012870131561672047,-9.250407731475896e-10
-3.346045508823415,-1.3713301265669733,0.00008621791292073985,0.010308451320489567,-7.256192305002407e-10
-3.236339098698057,-1.3713301265669733,-0.00038598462355055475,0.00904756711369422,-6.215638923695588e-10
-3.126632688572699,-1.3713301265669733,-0.000578579553169453,0.008882461574957557,-5.942100370776027e-10
-3.0169262784473414,-1.3713301265669733,-0.0005530268800863583,0.00980108257987271,-6.382877178190416e-10
-2.9072198683219836,-1.3713301265669733,-0.00025126407222472117,0.011995241404658007,-7.617837281120865e-10
-2.7975134581966254,-1.3713301265669733,0.0005204413147646622,0.015872749718054916,-9.858435144616262e-10
-2.6878070480712677,-1.3713301265669733,0.002130410621207543,0.022058302839948897,-1.3440316307816724e-9
-2.57810063794591,-1.3713301265669733,0.005167958172270315,0.03135385633363268,-1.8793001495265305e-9
-2.468394227820552,-1.3713301265669733,0.010465542958483334,0.0446184402687707,-2.636494668417644e-9
-2.358687817695194,-1.3713301265669733,0.01904808789995364,0.06253517173382794,-3.6488433247106045e-9
-2.248981407569836,-1.3713301265669733,0.03195842339856009,0.08527290129259446,-4.919261810398812e-9
-2.1392749974444785,-1.3713301265669733,0.049938704977055166,0.11212015514952942,-6.401199681427272e-9
-2.0295685873191207,-1.3713301265669733,0.07301837032076755,0.14123988607953925,-7.987305650214438e-9
-1.9198621771937627,-1.3713301265669733,0.1001454834701067,0.16971243471321507,-9.514522281151017e-9
-1.8101557670684048,-1.3713301265669733,0.12904646600394618,0.1939602979917444,-1.0789494811480616e-8
-1.700449356943047,-1.3713301265669733,0.15645837141087615,0.21049453495224674,-1.1629664009582541e-8
-1.590742946817689,-1.3713301265669733,0.17874387842200198,0.216763113514909,-1.1907481001216524e-8
-1.4810365366923313,-1.3713301265669733,0.1927303311426471,0.2118083430471412,-1.158249637867037e-8
-1.3713301265669733,-1.3713301265669733,0.19649883262778892,0.19650006809131587,-1.0710317993600782e-8
-1.2616237164416155,-1.3713301265669733,0.1898501830189938,0.17327347500081755,-9.426255970224062e-9
-1.1519173063162575,-1.3713301265669733,0.17429237935368916,0.14548316266978706,-7.910445437575575e-9
-1.0422108961908998,-1.3713301265669733,0.15257388621559223,0.1166070426389787,-6.3466014665891635e-9
-0.9325044860655419,-1.3713301265669733,0.12794804135298538,0.08955313579482761,-4.886890128674715e-9
-0.8227980759401841,-1.3713301265669733,0.10342960824666025,0.0662470956797347,-3.6314130522074883e-9
-0.7130916658148262,-1.3713301265669733,0.08126896494637396,0.04755236239872383,-2.6246272585850328e-9
-0.6033852556894683,-1.3713301265669733,0.06275026426738527,0.03345602402123879,-1.8652522165707452e-9
-0.4936788455641104,-1.3713301265669733,0.04828293143538915,0.023387668058286945,-1.3229597209396537e-9
-0.38397243543875254,-1.3713301265669733,0.03766651869460026,0.016539970277735315,-9.551838209276298e-10
-0.27426602531339467,-1.3713301265669733,0.03039478951438635,0.01210864988406024,-7.198123173901561e-10
-0.1645596151880368,-1.3713301265669733,0.025907521620089333,0.009429401789271537,-5.825966827022189e-10
-0.054853205062678934,-1.3713301265669733,0.02375703081571937,0.008031596396095936,-5.203142066506627e-10
0.054853205062678934,-1.3713301265669733,0.023698260800842884,0.0076439256972534115,-5.215381789630547e-10
0.1645596151880368,-1.3713301265669733,0.025726013798739504,0.008182717340671004,-5.86633304433537e-10
0.27426602531339467,-1.3713301265669733,0.030076576536873394,0.009740627409088685,-7.278517996645029e-10
0.38397243543875254,-1.3713301265669733,0.03719453334023368,0.012579217621561698,-9.695324230951652e-10
0.4936788455641104,-1.3713301265669733,0.04764874194818395,0.01711591445552401,-1.3475147352115524e-9
0.6033852556894683,-1.3713301265669733,0.06197387495983247,0.023885139980437863,-1.906104954429999e-9
0.7130916658148262,-1.3713301265669733,0.08042624523413917,0.033448691255155316,-2.6906283520644614e-9
0.8227980759401841,-1.3713301265669733,0.1026814148901749,0.04623836389185187,-3.734373511810052e-9
0.9325044860655419,-1.3713301265669733,0.127557972299421,0.062339297568952186,-5.0409326712852476e-9
1.0422108961908998,-1.3713301265669733,0.1528973832886389,0.08126160060806763,-6.566163834875738e-9
1.1519173063162575,-1.3713301265669733,0.1757245101439059,0.10178414641672255,-8.206772358909653e-9
1.2616237164416155,-1.3713301265669733,0.1927352825506949,0.12196486575234043,-9.802949618720191e-9
1.3713301265669733,-1.3713301265669733,0.20102652221351633,0.13937936003234175,-1.1159413032535426e-8
1.4810365366923313,-1.3713301265669733,0.19885656488604378,0.15157556506196018,-1.2082995187734369e-8
1.590742946817689,-1.3713301265669733,0.18617141353893982,0.1566402049763051,-1.2427753742771941e-8
1.700449356943047,-1.3713301265669733,0.1646881717522092,0.15370265270183453,-1.2133571314354441e-8
1.8101557670684048,-1.3713301265669733,0.1374822779081982,0.14319381192423047,-1.1244264325194209e-8
1.9198621771937627,-1.3713301265669733,0.10821436830156633,0.12675059023388502,-9.897456243468383e-9
2.0295685873191207,-1.3713301265669733,0.08026915199604368,0.10678900867462532,-8.28895876936464e-9
2.1392749974444785,-1.3713301265669733,0.05609497031276495,0.08590038231599163,-6.62441622389931e-9
2.248981407569836,-1.3713301265669733,0.03692253080030104,0.06628648096030239,-5.075284276179204e-9
2.358687817695194,-1.3713301265669733,0.02286805288446426,0.049409357113775865,-3.752559107200737e-9
2.468394227820552,-1.3713301265669733,0.013283495150491674,0.03591849110762117,-2.7025639816324887e-9
2.57810063794591,-1.3713301265669733,0.007167800199735632,0.025800552027618284,-1.9199343070236408e-9
2.6878070480712677,-1.3713301265669733,0.0034964102313076043,0.018634489296930477,-1.3682877487292133e-9
2.7975134581966254,-1.3713301265669733,0.0014112134691305163,0.013841144908443799,-9.998690399942722e-10
2.9072198683219836,-1.3713301265669733,0.000285177430382956,0.010865011193591017,-7.694423553167296e-10
3.0169262784473414,-1.3713301265669733,-0.0002904257569965839,0.009277571361071175,-6.417951673581834e-10
3.126632688572699,-1.3713301265669733,-0.0005481139718477826,0.00882310965358564,-5.946059833741857e-10
3.236339098698057,-1.3713301265669733,-0.0005827139905514897,0.009435950395404454,-6.189666027986429e-10
3.346045508823415,-1.3713301265669733,-0.00036923368229655786,0.011251069682883042,-7.192561529006936e-10
3.455751918948773,-1.3713301265669733,0.0002459908979235686,0.014616409770867055,-9.130549354779971e-10
-3.455751918948773,-1.2616237164416155,0.0011943392965721921,0.010892905051245872,-8.151088658203687e-10
-3.346045508823415,-1.2616237164416155,0.00027468523208704684,0.008824528794109512,-6.385763679991885e-10
-3.236339098698057,-1.2616237164416155,-0.0002080909270799603,0.00784578252091042,-5.463239582947921e-10
-3.126632688572699,-1.2616237164416155,-0.00043256867761243224,0.00780884673672137,-5.216223945836429e-10
-3.0169262784473414,-1.2616237164416155,-0.00046164733385422024,0.00873283245746772,-5.596213518629933e-10
-2.9072198683219836,-1.2616237164416155,-0.0002525876908389059,0.010819080474800407,-6.671674176658704e-10
-2.7975134581966254,-1.2616237164416155,0.00035684091037286713,0.014467977353029154,-8.62688720806859e-10
-2.6878070480712677,-1.2616237164416155,0.0016828857701827451,0.020285248848538984,-1.1755507227373396e-9
-2.57810063794591,-1.2616237164416155,0.004238069616217829,0.029049933872970717,-1.6434380870067322e-9
-2.468394227820552,-1.2616237164416155,0.008753599643666874,0.04160532526121744,-2.305855735518225e-9
-2.358687817695194,-1.2616237164416155,0.016138872161961627,0.05864029372459831,-3.192359064596584e-9
-2.248981407569836,-1.2616237164416155,0.02733161916507009,0.08036492737207056,-4.306182882496401e-9
-2.1392749974444785,-1.2616237164416155,0.043018119849700234,0.10615151408450729,-5.607332438650747e-9
-2.0295685873191207,-1.2616237164416155,0.06326496805155295,0.1342824242835473,-7.0023538079055925e-9
-1.9198621771937627,-1.2616237164416155,0.08718202172219865,0.16196996923793566,-8.348398514157473e-9
-1.8101557670684048,-1.2616237164416155,0.1127829013061604,0.18574790120284435,-9.475186593665974e-9
-1.700449356943047,-1.2616237164416155,0.13717752013362836,0.2021875424259431,-1.0221043955649378e-8
-1.590742946817689,-1.2616237164416155,0.15711345654562378,0.20873215309121093,-1.0472105266279286e-8
-1.4810365366923313,-1.2616237164416155,0.16972917117616798,0.20436202357101907,-1.0191174959484073e-8
-1.3713301265669733,-1.2616237164416155,0.17327238034229206,0.18985126374306358,-9.426244312882304e-9
-1.2616237164416155,-1.2616237164416155,0.16753180726925887,0.1675327632863858,-8.296405007435226e-9
-1.1519173063162575,-1.2616237164416155,0.15383526928943578,0.14067206313036532,-6.960991630333702e-9
-1.0422108961908998,-1.2616237164416155,0.13463228853894332,0.11267984616960185,-5.582798626169172e-9
-0.9325044860655419,-1.2616237164416155,0.11282981228355965,0.08641894175005521,-4.296656558322454e-9
-0.8227980759401841,-1.2616237164416155,0.0911204464297703,0.06378870870502495,-3.1910990100358916e-9
-0.7130916658148262,-1.2616237164416155,0.0715092862248048,0.045641852092986886,-2.3052318803840066e-9
-0.6033852556894683,-1.2616237164416155,0.05513486285330551,0.031967124132074434,-1.6376478922941473e-9
-0.4936788455641104,-1.2616237164416155,0.04235427954723116,0.02220440900338599,-1.1613332552562472e-9
-0.38397243543875254,-1.2616237164416155,0.0329824691646209,0.015560695208391002,-8.3859100566408e-10
-0.27426602531339467,-1.2616237164416155,0.026564449052442894,0.0112451537208955,-6.322442673567519e-10
-0.1645596151880368,-1.2616237164416155,0.022599180943443944,0.008601619805688718,-5.121354347548124e-10
-0.054853205062678934,-1.2616237164416155,0.020686615371743333,0.007158400469329137,-4.578765665230744e-10
0.054853205062678934,-1.2616237164416155,0.020606746920472985,0.006630156444690457,-4.5951287913625904e-10
0.1645596151880368,-1.2616237164416155,0.02235230709869608,0.0069020704575460225,-5.175310735516803e-10
0.27426602531339467,-1.2616237164416155,0.02613089269546977,0.00801405273238981,-6.429878036257053e-10
0.38397243543875254,-1.2616237164416155,0.032337601317833364,0.010149706674324719,-8.57759245576073e-10
0.4936788455641104,-1.2616237164416155,0.04148405945156354,0.013623451026121515,-1.1941228596212827e-9
0.6033852556894683,-1.2616237164416155,0.05406226036091884,0.01885011127676265,-1.692173519363127e-9
0.7130916658148262,-1.2616237164416155,0.0703312365247034,0.026276817997890327,-2.3932711853968947e-9
0.8227980759401841,-1.2616237164416155,0.09004770412813481,0.036262081315510855,-3.3283490546986982e-9
0.9325044860655419,-1.2616237164416155,0.11221241177122573,0.04890564892194512,-4.5018568317622965e-9
1.0422108961908998,-1.2616237164416155,0.13494721719985,0.06386320070334232,-5.875068959104723e-9
1.1519173063162575,-1.2616237164416155,0.15561848217471091,0.08021052121528464,-7.355165809741493e-9
1.2616237164416155,-1.2616237164416155,0.17125754534640872,0.09643434460248518,-8.797129580351282e-9
1.3713301265669733,-1.2616237164416155,0.1792117215318674,0.1106059625063586,-1.0022790680741522e-8
1.4810365366923313,-1.2616237164416155,0.17783988281152596,0.12073640133634435,-1.0855534957054935e-8
1.590742946817689,-1.2616237164416155,0.16700886748358246,0.1252351206073262,-1.1162233692907364e-8
1.700449356943047,-1.2616237164416155,0.14819201051481307,0.12333096565569134,-1.0889025098270722e-8
1.8101557670684048,-1.2616237164416155,0.12411168547073825,0.11530134127509231,-1.0077688225584858e-8
1.9198621771937627,-1.2616237164416155,0.09804531396784998,0.10241255214413965,-8.855519942341239e-9
2.0295685873191207,-1.2616237164416155,0.07304413546197926,0.08658425519613216,-7.401761120684469e-9
2.1392749974444785,-1.2616237164416155,0.05133062300473178,0.06990211081295322,-5.902916072608733e-9
2.248981407569836,-1.2616237164416155,0.03403863869597054,0.05415593489527824,-4.512875566298202e-9
2.358687817695194,-1.2616237164416155,0.021301230104462183,0.040548978395065736,-3.3298575806417485e-9
2.468394227820552,-1.2616237164416155,0.012561622065782345,0.02963170139778365,-2.3935298465449506e-9
2.57810063794591,-1.2616237164416155,0.0069399260443791105,0.02141736151606562,-1.6974192381530306e-9
2.6878070480712677,-1.2616237164416155,0.0035278194313512297,0.015585263486719868,-1.2078106570445613e-9
2.7975134581966254,-1.2616237164416155,0.0015595320176251277,0.011682109362076351,-8.813619539055351e-10
2.9072198683219836,-1.2616237164416155,0.00047148925637642254,0.009270580918986769,-6.773729927661565e-10
3.0169262784473414,-1.2616237164416155,-0.0001072660836944077,0.008016009663887996,-5.642981576806094e-10
3.126632688572699,-1.2616237164416155,-0.00039145873634475765,0.007727598546035754,-5.221504600222415e-10
3.236339098698057,-1.2616237164416155,-0.00047356845959349017,0.008377524581639498,-5.428603851165281e-10
3.346045508823415,-1.2616237164416155,-0.00034003307432101375,0.010115737236821501,-6.300954792648472e-10
3.455751918948773,-1.2616237164416155,0.00013609857413417973,0.013286893407960078,-7.991470454132843e-10
-3.455751918948773,-1.1519173063162575,0.0012733726796605158,0.008732942278860945,-6.812887753948615e-10
-3.346045508823415,-1.1519173063162575,0.0004278158645876855,0.007159308647197353,-5.330826210146744e-10
-3.236339098698057,-1.1519173063162575,-0.00003244303611767054,0.006450944501319555,-4.5553571461839915e-10
-3.126632688572699,-1.1519173063162575,-0.0002648395750171175,0.006511550937274251,-4.3441715415898363e-10
-3.0169262784473414,-1.1519173063162575,-0.0003291355628704559,0.007382422964940795,-4.655054020204219e-10
-2.9072198683219836,-1.1519173063162575,-0.00019623430097858146,0.009260232484531578,-5.543866364240979e-10
-2.7975134581966254,-1.1519173063162575,0.00026309934371686414,0.012516613685227876,-7.163440327029313e-10
-2.6878070480712677,-1.1519173063162575,0.0013073200867802903,0.01770862680481059,-9.758441416041208e-10
-2.57810063794591,-1.1519173063162575,0.0033606182871576042,0.025555054720192507,-1.3644189684330899e-9
-2.468394227820552,-1.1519173063162575,0.007034140571035685,0.036842949156415464,-1.9153444733022162e-9
-2.358687817695194,-1.1519173063162575,0.013095670366830745,0.05223298988665759,-2.6539141197157168e-9
-2.248981407569836,-1.1519173063162575,0.022347503941298558,0.07196383155699788,-3.5837793149751107e-9
-2.1392749974444785,-1.1519173063162575,0.035392583954658136,0.0955164433025174,-4.6726444449807225e-9
-2.0295685873191207,-1.1519173063162575,0.052320675677156606,0.12136654067785375,-5.843299982766226e-9
-1.9198621771937627,-1.1519173063162575,0.0724140011635497,0.14698062203143428,-6.976474106745734e-9
-1.8101557670684048,-1.1519173063162575,0.0940154045086542,0.16915738487434412,-7.928796882938904e-9
-1.700449356943047,-1.1519173063162575,0.1146795754941034,0.18468312818525295,-8.562999712080632e-9
-1.590742946817689,-1.1519173063162575,0.13162920037087897,0.1911167897070078,-8.781333146745673e-9
-1.4810365366923313,-1.1519173063162575,0.14240304813631954,0.18743381324523245,-8.550669963747204e-9
-1.3713301265669733,-1.1519173063162575,0.14548223920830658,0.17429328422952123,-7.910424940082983e-9
-1.2616237164416155,-1.1519173063162575,0.14067125796124288,0.15383606804843852,-6.960981874248873e-9
-1.1519173063162575,-1.1519173063162575,0.12910051780831353,0.1291011889819512,-5.8374177436260055e-9
-1.0422108961908998,-1.1519173063162575,0.11286470753486122,0.10327888063454663,-4.67790386982081e-9
-0.9325044860655419,-1.1519173063162575,0.09444620968089949,0.07904938732859111,-3.596687968288048e-9
-0.8227980759401841,-1.1519173063162575,0.0761352068779818,0.058186745787953915,-2.6684425918910293e-9
-0.7130916658148262,-1.1519173063162575,0.059626081374124354,0.04148100859429345,-1.925760113874464e-9
-0.6033852556894683,-1.1519173063162575,0.04587005709820089,0.028913318180105105,-1.3669531305493532e-9
-0.4936788455641104,-1.1519173063162575,0.035154164022045804,0.019954426742156247,-9.688561064535861e-10
-0.38397243543875254,-1.1519173063162575,0.027309063174771518,0.013861219176656468,-6.995002112264448e-10
-0.27426602531339467,-1.1519173063162575,0.02194149539155803,0.009894871631117776,-5.275329010429042e-10
-0.1645596151880368,-1.1519173063162575,0.018623091592171542,0.007441648387490651,-4.276222171500921e-10
-0.054853205062678934,-1.1519173063162575,0.017013013353161736,0.006056020873656815,-3.8270810132079447e-10
0.054853205062678934,-1.1519173063162575,0.01692317856311258,0.005458929371973446,-3.8452619387230325e-10
0.1645596151880368,-1.1519173063162575,0.018345120536657655,0.005519345985669795,-4.3361468408942283e-10
0.27426602531339467,-1.1519173063162575,0.02145226272709005,0.006235819573590955,-5.394554612042635e-10
0.38397243543875254,-1.1519173063162575,0.026578806738793512,0.007723257343389533,-7.207501297179508e-10
0.4936788455641104,-1.1519173063162575,0.034163358566995226,0.010200802518630016,-1.005163188794178e-9
0.6033852556894683,-1.1519173063162575,0.04463840151735236,0.013969372309724191,-1.4272483368771294e-9
0.7130916658148262,-1.1519173063162575,0.05825355958242048,0.019363461629025185,-2.0229772544622104e-9
0.8227980759401841,-1.1519173063162575,0.07484728001206638,0.02666448835712172,-2.8197761556270073e-9
0.9325044860655419,-1.1519173063162575,0.09362438677178993,0.03597559796559779,-3.822606481351798e-9
1.0422108961908998,-1.1519173063162575,0.11303635678317972,0.04707996990779134,-4.999214632539495e-9
1.1519173063162575,-1.1519173063162575,0.13086687446324669,0.05932895336959809,-6.2701585590296816e-9
1.2616237164416155,-1.1519173063162575,0.1445749251277084,0.07161954538341361,-7.50998704890371e-9
1.3713301265669733,-1.1519173063162575,0.15184796528196975,0.08250934090203899,-8.56370470370127e-9
1.4810365366923313,-1.1519173063162575,0.15120959724205923,0.09047595476741191,-9.277406759489182e-9
1.590742946817689,-1.1519173063162575,0.1424674263619391,0.0942672390213185,-9.535505440805281e-9
1.700449356943047,-1.1519173063162575,0.12681947231654364,0.09323451172986623,-9.29235299818032e-9
1.8101557670684048,-1.1519173063162575,0.10655981070448135,0.08752541348365978,-8.586245422992356e-9
1.9198621771937627,-1.1519173063162575,0.0844838458241542,0.07805447349672595,-7.529670574546454e-9
2.0295685873191207,-1.1519173063162575,0.06321174801950513,0.06625593927547421,-6.279032772893434e-9
2.1392749974444785,-1.1519173063162575,0.044664247238143946,0.05371273651859229,-4.995288120646091e-9
2.248981407569836,-1.1519173063162575,0.029834532159292926,0.04179932514636352,-3.809627668882598e-9
2.358687817695194,-1.1519173063162575,0.01886000124556613,0.0314528903534394,-2.8043764081775446e-9
2.468394227820552,-1.1519173063162575,0.01128579042128174,0.023116131832306847,-2.0114564024814596e-9
2.57810063794591,-1.1519173063162575,0.006376246019481854,0.01682052253114885,-1.4237103024283826e-9
2.6878070480712677,-1.1519173063162575,0.00336561419592853,0.012338782734231085,-1.0113457848959229e-9
2.7975134581966254,-1.1519173063162575,0.0016042793977273837,0.00933820572446491,-7.369297862908075e-10
2.9072198683219836,-1.1519173063162575,0.0006109084741957112,0.007495581517539205,-5.656537421620811e-10
3.0169262784473414,-1.1519173063162575,0.00006579403783967637,0.006566188385948438,-4.706738007155542e-10
3.126632688572699,-1.1519173063162575,-0.00021903092931951007,0.006419065352193791,-4.350009857531645e-10
3.236339098698057,-1.1519173063162575,-0.0003282825734648247,0.007056346225726994,-4.517073984820763e-10
3.346045508823415,-1.1519173063162575,-0.00025736315983877593,0.008630375979982672,-5.237165813867795e-10
3.455751918948773,-1.1519173063162575,0.00009341053609288226,0.011463312213707237,-6.636845482910214e-10
-3.455751918948773,-1.0422108961908998,0.0012625679459468142,0.006653580674464598,-5.421643481384741e-10
-3.346045508823415,-1.0422108961908998,0.0005259565333435789,0.005524167183441516,-4.237501877168981e-10
-3.236339098698057,-1.0422108961908998,0.00011390126871006355,0.005048024901557806,-3.617281855994303e-10
-3.126632688572699,-1.0422108961908998,-0.00010547924723431647,0.005170412544412623,-3.445748842506591e-10
-3.0169262784473414,-1.0422108961908998,-0.00018530333847599674,0.0059449974979267255,-3.6880453595580787e-10
-2.9072198683219836,-1.0422108961908998,-0.00010727495717062106,0.0075522486035666326,-4.387713287319628e-10
-2.7975134581966254,-1.0422108961908998,0.00022705229677917127,0.010319821409986066,-5.665768167129048e-10
-2.6878070480712677,-1.0422108961908998,0.001019573591951135,0.014735556816979667,-7.716933090803901e-10
-2.57810063794591,-1.0422108961908998,0.002605588287850691,0.02143161217059407,-1.0793506557277288e-9
-2.468394227820552,-1.0422108961908998,0.005472578126381418,0.031108527011186618,-1.5164039295079146e-9
-2.358687817695194,-1.0422108961908998,0.010238748578923791,0.04437025916716824,-2.1036804173646395e-9
-2.248981407569836,-1.0422108961908998,0.017558084086128325,0.0614670703344107,-2.84509032305591e-9
-2.1392749974444785,-1.0422108961908998,0.027933724376977477,0.08199565303716302,-3.716013857735234e-9
-2.0295685873191207,-1.0422108961908998,0.0414625161081064,0.10466693285508202,-4.655697008471016e-9
-1.9198621771937627,-1.0422108961908998,0.057589540377360644,0.12728172057212306,-5.568958419410741e-9
-1.8101557670684048,-1.0422108961908998,0.07499034949213929,0.147013513557022,-6.340146768701871e-9
-1.700449356943047,-1.0422108961908998,0.09168434882072393,0.16098235525764126,-6.857375167701463e-9
-1.590742946817689,-1.0422108961908998,0.1054036042122523,0.16696268191041647,-7.039932067853805e-9
-1.4810365366923313,-1.0422108961908998,0.11412768511486543,0.1639801727718067,-6.859357734589899e-9
-1.3713301265669733,-1.0422108961908998,0.11660629898770213,0.15257461393422203,-6.346575001647814e-9
-1.2616237164416155,-1.0422108961908998,0.11267919888243662,0.13463292926239698,-5.582781750779198e-9
-1.1519173063162575,-1.0422108961908998,0.10327834238931288,0.11286524436586574,-4.677895917848396e-9
-1.0422108961908998,-1.0422108961908998,0.09012435289299267,0.09012478206412372,-3.744406854022664e-9
-0.9325044860655419,-1.0422108961908998,0.07524564378878149,0.0688047751076976,-2.8750473113348107e-9
-0.8227980759401841,-1.0422108961908998,0.06050007101092918,0.05047995294239555,-2.1300103417165595e-9
-0.7130916658148262,-1.0422108961908998,0.04724826145272392,0.03584055556518749,-1.535119958234743e-9
-0.6033852556894683,-1.0422108961908998,0.03624097965764554,0.024855368154355413,-1.0884434881175409e-9
-0.4936788455641104,-1.0422108961908998,0.027691025139362405,0.01704308404563489,-7.708618916801857e-10
-0.38397243543875254,-1.0422108961908998,0.021446646371402152,0.01173787989688821,-5.563802300823095e-10
-0.27426602531339467,-1.0422108961908998,0.017180989464790915,0.008281865739377762,-4.196891775082312e-10
-0.1645596151880368,-1.0422108961908998,0.014543497616565119,0.006129340122187696,-3.404407884072258e-10
-0.054853205062678934,-1.0422108961908998,0.013256802412013543,0.0048817538276309585,-3.0499127615796207e-10
0.054853205062678934,-1.0422108961908998,0.013167493051194454,0.004283041815378022,-3.0678269126449553e-10
0.1645596151880368,-1.0422108961908998,0.01426683414326215,0.004200273073804344,-3.463415023524652e-10
0.27426602531339467,-1.0422108961908998,0.01669289197340642,0.004604395542506739,-4.3141502349686167e-10
0.38397243543875254,-1.0422108961908998,0.020715249667533905,0.005556243130217554,-5.772466202952353e-10
0.4936788455641104,-1.0422108961908998,0.026692759742198518,0.007195528322605533,-8.064492979659166e-10
0.6033852556894683,-1.0422108961908998,0.03498853833179183,0.009725007626651521,-1.1474279477952098e-9
0.7130916658148262,-1.0422108961908998,0.04583080826446134,0.013378774438575207,-1.6300279390146777e-9
0.8227980759401841,-1.0422108961908998,0.05912853603853515,0.01836465507485914,-2.2774361077559924e-9
0.9325044860655419,-1.0422108961908998,0.07428528623789646,0.024778390084494138,-3.094665211589298e-9
1.0422108961908998,-1.0422108961908998,0.09008885322814544,0.032502113472838684,-4.056113930839267e-9
1.1519173063162575,-1.0422108961908998,0.10476345044712729,0.04111763001170157,-5.09688743988157e-9
1.2616237164416155,-1.0422108961908998,0.11623485682309717,0.0498773168413679,-6.113391320949901e-9
1.3713301265669733,-1.0422108961908998,0.12257828052354763,0.05777139755910925,-6.9769390126372954e-9
1.4810365366923313,-1.0422108961908998,0.12252527724684756,0.06370342293658911,-7.5595896070757e-9
1.590742946817689,-1.0422108961908998,0.11584978547126754,0.06674098072569178,-7.765702400575059e-9
1.700449356943047,-1.0422108961908998,0.10347466022885543,0.06636494214694817,-7.558581954780763e-9
1.8101557670684048,-1.0422108961908998,0.08724162073818675,0.06262396885121561,-6.971831230384584e-9
1.9198621771937627,-1.0422108961908998,0.0694248963442872,0.056128409751427834,-6.100383753704364e-9
2.0295685873191207,-1.0422108961908998,0.05217164586041886,0.047881545763126074,-5.074433907792386e-9
2.1392749974444785,-1.0422108961908998,0.03706634096166269,0.03901422420058636,-4.026371104581816e-9
2.248981407569836,-1.0422108961908998,0.024939473150457647,0.030523788502845105,-3.06267594965548e-9
2.358687817695194,-1.0422108961908998,0.0159232491613712,0.023102724648279557,-2.2489360582134132e-9
2.468394227820552,-1.0422108961908998,0.009664608496106765,0.01709087466704348,-1.6094119769521908e-9
2.57810063794591,-1.0422108961908998,0.005577626863420905,0.012530509973520551,-1.1368715985976552e-9
2.6878070480712677,-1.0422108961908998,0.003046998321284666,0.009273650129404752,-8.062187202562132e-10
2.7975134581966254,-1.0422108961908998,0.001547390553292444,0.007092297975313334,-5.866400728908594e-10
2.9072198683219836,-1.0422108961908998,0.0006869541678211197,0.005762764940551928,-4.4977189073841517e-10
3.0169262784473414,-1.0422108961908998,0.0002031830743675785,0.0051180527695190246,-3.7385674981141315e-10
3.126632688572699,-1.0422108961908998,-0.00006042389785594995,0.005076749923055589,-3.4514586804909597e-10
3.236339098698057,-1.0422108961908998,-0.0001770954233689579,0.005661269084727198,-3.579851328566752e-10
3.346045508823415,-1.0422108961908998,-0.0001481899678113614,0.007015483270914551,-4.146021434156544e-10
3.455751918948773,-1.0422108961908998,0.00010110322382989208,0.009425018581993027,-5.249978897794993e-10
-3.455751918948773,-0.9325044860655419,0.0011777048945927297,0.004839803033061471,-4.1292854812552404e-10
-3.346045508823415,-0.9325044860655419,0.0005660852924612905,0.004074051420305055,-3.224479671985747e-10
-3.236339098698057,-0.9325044860655419,0.00021699402043033524,0.00377918111253215,-2.750175334860494e-10
-3.126632688572699,-0.9325044860655419,0.000024945647204424777,0.003930603719860153,-2.6171490625712113e-10
-3.0169262784473414,-0.9325044860655419,-0.000054561607177434045,0.0045857572615016886,-2.7979634798294684e-10
-2.9072198683219836,-0.9325044860655419,-0.000010887634996824876,0.005901600376159683,-3.32519722260477e-10
-2.7975134581966254,-0.9325044860655419,0.00022820478053025336,0.008154143510688466,-4.290750697452661e-10
-2.6878070480712677,-0.9325044860655419,0.0008143522532995016,0.011752343670243137,-5.843292317023185e-10
-2.57810063794591,-0.9325044860655419,0.002001953127897124,0.017228725198342246,-8.176609510995858e-10
-2.468394227820552,-0.9325044860655419,0.00416368425710973,0.02518051476934277,-1.1498991845521056e-9
-2.358687817695194,-0.9325044860655419,0.007775889282166231,0.03613575476977548,-1.5975607364770994e-9
-2.248981407569836,-0.9325044860655419,0.013347642998576709,0.05033894218933484,-2.1645237061052036e-9
-2.1392749974444785,-0.9325044860655419,0.021277921667226276,0.06749412117392323,-2.832960636911519e-9
-2.0295685873191207,-0.9325044860655419,0.03165648114475237,0.08655658276456045,-3.5571163653491666e-9
-1.9198621771937627,-0.9325044860655419,0.04406832009603851,0.10569439017456753,-4.264108219298457e-9
-1.8101557670684048,-0.9325044860655419,0.0574945788640269,0.12251217909075897,-4.864276925697908e-9
-1.700449356943047,-0.9325044860655419,0.07039469056151362,0.13453385496717166,-5.269873565305616e-9
-1.590742946817689,-0.9325044860655419,0.08099358288203168,0.13981591348441172,-5.416721501894095e-9
-1.4810365366923313,-0.9325044860655419,0.08770567946723806,0.1374780857976339,-5.281290335612532e-9
-1.3713301265669733,-0.9325044860655419,0.08955256188040962,0.12794860609119713,-4.8868607493979255e-9
-1.2616237164416155,-0.9325044860655419,0.08641844306790834,0.11283030807269298,-4.2966351171402906e-9
-1.1519173063162575,-0.9325044860655419,0.07904897370310417,0.09444662370431611,-3.5966742154003306e-9
-1.0422108961908998,-0.9325044860655419,0.06880444637265758,0.07524597358258861,-2.87504101775804e-9
-0.9325044860655419,-0.9325044860655419,0.057274271208100185,0.05727452285872954,-2.204040505660032e-9
-0.8227980759401841,-0.9325044860655419,0.04589951083509682,0.041866986135487755,-1.6302127182898918e-9
-0.7130916658148262,-0.9325044860655419,0.03572149719986013,0.029595502978572722,-1.1731098037426335e-9
-0.6033852556894683,-0.9325044860655419,0.02730184796488735,0.020416740444440928,-8.307123738893196e-10
-0.4936788455641104,-0.9325044860655419,0.02078590913034722,0.013908971144665433,-5.878266085695971e-10
-0.38397243543875254,-0.9325044860655419,0.016041762908313426,0.00949986905112667,-4.2413700850063574e-10
-0.27426602531339467,-0.9325044860655419,0.012807928165118564,0.006628659704888649,-3.2002384076079693e-10
-0.1645596151880368,-0.9325044860655419,0.010809152371729074,0.0048317877099631566,-2.5979930966951725e-10
-0.054853205062678934,-0.9325044860655419,0.00982921433725301,0.0037696099471537436,-2.3299258009035206e-10
0.054853205062678934,-0.9325044860655419,0.009748371025584525,0.003219810638072677,-2.346086450111251e-10
0.1645596151880368,-0.9325044860655419,0.010558429883105016,0.0030586502213500264,-2.651179024579231e-10
0.27426602531339467,-0.9325044860655419,0.012364547296125145,0.003242473753192841,-3.305765054056886e-10
0.38397243543875254,-0.9325044860655419,0.015374811502053467,0.0037941201411917738,-4.4287740315340773e-10
0.4936788455641104,-0.9325044860655419,0.019870246704653614,0.004793214559319482,-6.197135287572264e-10
0.6033852556894683,-0.9325044860655419,0.026142614734309955,0.006365355592452396,-8.834307452243451e-10
0.7130916658148262,-0.9325044860655419,0.03438991743332502,0.008662782275280063,-1.2577130482915866e-9
0.8227980759401841,-0.9325044860655419,0.044574209962331364,0.011829162434781241,-1.7612795805144188e-9
0.9325044860655419,-0.9325044860655419,0.05627277872748053,0.015945258046389115,-2.3987674034608997e-9
1.0422108961908998,-0.9325044860655419,0.06858185364492263,0.02096123541275946,-3.150704225296508e-9
1.1519173063162575,-0.9325044860655419,0.08014287827062766,0.02663367787399937,-3.966312819847495e-9
1.2616237164416155,-0.9325044860655419,0.0893369104222076,0.03249574735833442,-4.763697922238741e-9
1.3713301265669733,-0.9325044860655419,0.09463068924328587,0.037889600799345446,-5.440624305241837e-9
1.4810365366923313,-0.9325044860655419,0.09498095552747647,0.04207464973108493,-5.895371857356224e-9
1.590742946817689,-0.9325044860655419,0.09015278783469406,0.04439464935009027,-6.052306024406651e-9
1.700449356943047,-0.9325044860655419,0.08081961229127707,0.044453399450795024,-5.88332138562464e-9
1.8101557670684048,-0.9325044860655419,0.06839284733603979,0.042232827371582085,-5.416603089669625e-9
1.9198621771937627,-0.9325044860655419,0.05464201562530097,0.03810291357118722,-4.728785446550532e-9
2.0295685873191207,-0.9325044860655419,0.04125181668100327,0.03271674114965775,-3.9235111826130264e-9
2.1392749974444785,-0.9325044860655419,0.02947511020678571,0.026833143838744456,-3.104898008837731e-9
2.248981407569836,-0.9325044860655419,0.01997858783892895,0.021136336281960533,-2.3555605296182724e-9
2.358687817695194,-0.9325044860655419,0.012883285955237392,0.01611325585318936,-1.7254171841285526e-9
2.468394227820552,-0.9325044860655419,0.007928978886994002,0.01201451436766991,-1.2319995336407263e-9
2.57810063794591,-0.9325044860655419,0.004669914895065739,0.008886923692519122,-8.685840597114081e-10
2.6878070480712677,-0.9325044860655419,0.002633112467279798,0.006644034315198562,-6.149790160621393e-10
2.7975134581966254,-0.9325044860655419,0.0014118759486724081,0.005140993202851069,-4.4692966818735136e-10
2.9072198683219836,-0.9325044860655419,0.0007007448254283087,0.004233441135502928,-3.4232859992891496e-10
3.0169262784473414,-0.9325044860655419,0.0002933960345142166,0.003815665427404298,-2.843073051289613e-10
3.126632688572699,-0.9325044860655419,0.00006529458148147867,0.0038434175198100383,-2.622250010447108e-10
3.236339098698057,-0.9325044860655419,-0.000043627942313625425,0.00435016160832168,-2.7167471093950124e-10
3.346045508823415,-0.9325044860655419,-0.000037880350843137863,0.005463799454402363,-3.142873760721143e-10
3.455751918948773,-0.9325044860655419,0.00013663150238699302,0.007426023555303977,-3.976428214480521e-10
-3.455751918948773,-0.8227980759401841,0.0010464012635116203,0.0033819855957199435,-3.031099904491491e-10
-3.346045508823415,-0.8227980759401841,0.0005585689332691533,0.0028909561358786387,-2.365534320074997e-10
-3.236339098698057,-0.8227980759401841,0.000276206311767823,0.0027258039644690994,-2.0164019043887593e-10
-3.126632688572699,-0.8227980759401841,0.00011821641134147204,0.002881556282657237,-1.9172302330797142e-10
-3.0169262784473414,-0.8227980759401841,0.000049172170084712044,0.0034132269258844356,-2.0472930230448771e-10
-2.9072198683219836,-0.8227980759401841,0.0000748633218085209,0.004451437780222825,-2.4301359232217767e-10
-2.7975134581966254,-0.8227980759401841,0.00024686667073892327,0.0062199825428212565,-3.1331009661683673e-10
-2.6878070480712677,-0.8227980759401841,0.0006755702426372461,0.009049294947939185,-4.265716608067849e-10
-2.57810063794591,-0.8227980759401841,0.001547536346122133,0.013371849589605593,-5.971651931627187e-10
-2.468394227820552,-0.8227980759401841,0.0031374662965809163,0.019678252063061123,-8.406903402591315e-10
-2.358687817695194,-0.8227980759401841,0.00579832687541117,0.028412381160159136,-1.1697990527637092e-9
-2.248981407569836,-0.8227980759401841,0.00990989070079093,0.03979892136189966,-1.5880539175339159e-9
-2.1392749974444785,-0.8227980759401841,0.015773208496001577,0.053631164324745545,-2.083092545679399e-9
-2.0295685873191207,-0.8227980759401841,0.023461348183671377,0.06909162683442824,-2.6217161080976936e-9
-1.9198621771937627,-0.8227980759401841,0.03267034484386633,0.0847065188296994,-3.150077004798746e-9
-1.8101557670684048,-0.8227980759401841,0.04264076670417097,0.09851636271735936,-3.601057875501912e-9
-1.700449356943047,-0.8227980759401841,0.05221632552401624,0.1084683144500594,-3.9081838043575345e-9
-1.590742946817689,-0.8227980759401841,0.06006048343375969,0.11292907636178658,-4.022164420969254e-9
-1.4810365366923313,-0.8227980759401841,0.06498031329042551,0.11113899257474724,-3.924258154541782e-9
-1.3713301265669733,-0.8227980759401841,0.06624666874319704,0.103430033778264,-3.6313832774137467e-9
-1.2616237164416155,-0.8227980759401841,0.06378833835920639,0.09112081888087184,-3.1910752651409524e-9
-1.1519173063162575,-0.8227980759401841,0.05818643938222096,0.07613551680578118,-2.6684256679287977e-9
-1.0422108961908998,-0.8227980759401841,0.050479710216881704,0.06050031691804853,-2.1299999611312792e-9
-0.9325044860655419,-0.8227980759401841,0.04186680104683616,0.045899697690887226,-1.6302080518837414e-9
-0.8227980759401841,-0.8227980759401841,0.033420620211306894,0.03342075705164156,-1.2037542386489353e-9
-0.7130916658148262,-0.8227980759401841,0.025903860590451477,0.023516920085095427,-8.64889802137947e-10
-0.6033852556894683,-0.8227980759401841,0.019716334372565262,0.01613645032019741,-6.116948805118261e-10
-0.4936788455641104,-0.8227980759401841,0.014948898983758457,0.010922230214771783,-4.325152059420079e-10
-0.38397243543875254,-0.8227980759401841,0.011490724295825204,0.0073998787856159615,-3.120267507913943e-10
-0.27426602531339467,-0.8227980759401841,0.009139857501424022,0.0051090958082701384,-2.355514438015516e-10
-0.1645596151880368,-0.8227980759401841,0.007688082969995254,0.003671197577485669,-1.914168936203997e-10
-0.054853205062678934,-0.8227980759401841,0.006973220604186934,0.002808439505136948,-1.7186777565361688e-10
0.054853205062678934,-0.8227980759401841,0.006905441062998014,0.0023365597069376466,-1.732308060019283e-10
0.1645596151880368,-0.8227980759401841,0.0074776618836827485,0.0021477172441601387,-1.9589836176836517e-10
0.27426602531339467,-0.8227980759401841,0.008766956008803003,0.002193827346613785,-2.444272449372842e-10
0.38397243543875254,-0.8227980759401841,0.010927852908703265,0.002474185833726127,-3.277516157779159e-10
0.4936788455641104,-0.8227980759401841,0.01417206620956556,0.0030271173291247125,-4.5919716553516343e-10
0.6033852556894683,-0.8227980759401841,0.018724968504497144,0.003922683362214891,-6.556759666459522e-10
0.7130916658148262,-0.8227980759401841,0.0247503713956394,0.0052518165299442355,-9.352512653215683e-10
0.8227980759401841,-0.8227980759401841,0.03224530630228306,0.007106863918860737,-1.3124121685248458e-9
0.9325044860655419,-0.8227980759401841,0.04092589415344324,0.009550295353747098,-1.7911334325437789e-9
1.0422108961908998,-0.8227980759401841,0.050147470431019456,0.012573130971688556,-2.3571180701731365e-9
1.1519173063162575,-0.8227980759401841,0.058913011785445175,0.016052271730614263,-2.9720975298908048e-9
1.2616237164416155,-0.8227980759401841,0.06600873897001121,0.019723875481976676,-3.5737831791116115e-9
1.3713301265669733,-0.8227980759401841,0.07026025566477559,0.023193077936066793,-4.0840888310134105e-9
1.4810365366923313,-0.8227980759401841,0.07084203561106156,0.025993098147723853,-4.425302208010962e-9
1.590742946817689,-0.8227980759401841,0.06752958745880232,0.027687768546656034,-4.5399706494198e-9
1.700449356943047,-0.8227980759401841,0.060788488380657264,0.02798790212544657,-4.4074544153227535e-9
1.8101557670684048,-0.8227980759401841,0.051655025684027765,0.02683758656451188,-4.050400948668598e-9
1.9198621771937627,-0.8227980759401841,0.04145197399914353,0.02443333751221164,-3.5282191647445504e-9
2.0295685873191207,-0.8227980759401841,0.031451680025820015,0.021166644544248846,-2.920183816979005e-9
2.1392749974444785,-0.8227980759401841,0.02260957527026622,0.01751411120906282,-2.3050056221357584e-9
2.248981407569836,-0.8227980759401841,0.0154433573030782,0.01391972752399331,-1.7443259892058194e-9
2.358687817695194,-0.8227980759401841,0.010060105213589177,0.010710529435380813,-1.2746922840173314e-9
2.468394227820552,-0.8227980759401841,0.006277722076948626,0.008065210025691234,-9.082582307778919e-10
2.57810063794591,-0.8227980759401841,0.0037709172088429433,0.006030199687608308,-6.392076447141182e-10
2.6878070480712677,-0.8227980759401841,0.0021899860537491368,0.0045626220697949455,-4.519520174772751e-10
2.7975134581966254,-0.8227980759401841,0.0012316948190770228,0.003578311250448233,-3.281341739123922e-10
2.9072198683219836,-0.8227980759401841,0.0006665747075385208,0.0029911266865515445,-2.5117504018519476e-10
3.0169262784473414,-0.8227980759401841,0.0003383718947699146,0.0027397849154226594,-2.0848811284161772e-10
3.126632688572699,-0.8227980759401841,0.00015174614015148907,0.0028053452070603657,-1.9214831960788492e-10
3.236339098698057,-0.8227980759401841,0.00005960994398731775,0.003225032725684529,-1.988540215738105e-10
3.346045508823415,-0.8227980759401841,0.00005645007768718697,0.004107137913201352,-2.2976021302537064e-10
3.455751918948773,-0.8227980759401841,0.00018038141143440311,0.005648352245250187,-2.904106235004922e-10
-3.455751918948773,-0.7130916658148262,0.0008982610922548927,0.0022890651238292987,-2.1643689596638482e-10
-3.346045508823415,-0.7130916658148262,0.0005206342105743267,0.0019913388434824797,-1.688874552360775e-10
-3.236339098698057,-0.7130916658148262,0.0003002346250518712,0.0019117757281810245,-1.439295379927763e-10
-3.126632688572699,-0.7130916658148262,0.00017660677017569302,0.0020566819842929487,-1.3675740509651313e-10
-3.0169262784473414,-0.7130916658148262,0.0001227055352937106,0.0024751305992871003,-1.4585512615392093e-10
-2.9072198683219836,-0.7130916658148262,0.00014161789298775072,0.003272276379831893,-1.7288010432936485e-10
-2.7975134581966254,-0.7130916658148262,0.00026967930988028863,0.0046244219565102496,-2.2263304307740261e-10
-2.6878070480712677,-0.7130916658148262,0.0005856410699597316,0.006791212671325977,-3.029631194355342e-10
-2.57810063794591,-0.7130916658148262,0.0012230011694661742,0.010114174706655932,-4.2423059856688816e-10
-2.468394227820552,-0.7130916658148262,0.0023785867680506468,0.014984840658808674,-5.977973498161315e-10
-2.358687817695194,-0.7130916658148262,0.004305623472557029,0.021764712756643642,-8.330787084481761e-10
-2.248981407569836,-0.7130916658148262,0.007276981222489487,0.030650167684025807,-1.1331384788815235e-9
-2.1392749974444785,-0.7130916658148262,0.0115092250277845,0.0415021708480125,-1.4896808057940358e-9
-2.0295685873191207,-0.7130916658148262,0.01705435913261169,0.05369700588596152,-1.8792938802358883e-9
-1.9198621771937627,-0.7130916658148262,0.0236907418179578,0.06607976947414701,-2.263291699888814e-9
-1.8101557670684048,-0.7130916658148262,0.030864775774112903,0.07709109502123357,-2.5928186334067682e-9
-1.700449356943047,-0.7130916658148262,0.037733151096168274,0.08507775516070393,-2.818919174474299e-9
-1.590742946817689,-0.7130916658148262,0.04332234337708987,0.0887094764477778,-2.9048153882271777e-9
-1.4810365366923313,-0.7130916658148262,0.0467681734160824,0.08735526525941119,-2.836057388933e-9
-1.3713301265669733,-0.7130916658148262,0.047552053740056485,0.08126927888033782,-2.624598996470162e-9
-1.2616237164416155,-0.7130916658148262,0.04564158475561948,0.07150956020043309,-2.3052079203833564e-9
-1.1519173063162575,-0.7130916658148262,0.041480787936090044,0.059626308560157874,-1.9257415800888467e-9
-1.0422108961908998,-0.7130916658148262,0.035840381314544034,0.047248440995985075,-1.5351070623004226e-9
-0.9325044860655419,-0.7130916658148262,0.02959537060854895,0.03572163304291281,-1.173102118917635e-9
-0.8227980759401841,-0.7130916658148262,0.02351682264002672,0.025903959625707476,-8.648864575910853e-10
-0.7130916658148262,-0.7130916658148262,0.018142244390316586,0.018142314592482132,-6.205615951659915e-10
-0.6033852556894683,-0.7130916658148262,0.013743706111364115,0.01238144888264023,-4.384471691959435e-10
-0.4936788455641104,-0.7130916658148262,0.010372067964627299,0.008327378748196857,-3.0986853968156813e-10
-0.38397243543875254,-0.7130916658148262,0.007937059472935762,0.0055981102292769385,-2.235941857012258e-10
-0.27426602531339467,-0.7130916658148262,0.0062872115021542375,0.00382682075293579,-1.689477047844834e-10
-0.1645596151880368,-0.7130916658148262,0.0052698206490490685,0.002713439012985101,-1.3748272832680986e-10
-0.054853205062678934,-0.7130916658148262,0.004767094022162163,0.002038023921213848,-1.2361147912545722e-10
0.054853205062678934,-0.7130916658148262,0.004713873079536298,0.0016532815884172788,-1.2470497984945483e-10
0.1645596151880368,-0.7130916658148262,0.005104467981627721,0.001469770784641111,-1.4107448976369286e-10
0.27426602531339467,-0.7130916658148262,0.005993699294723324,0.0014415846599630092,-1.7604815782251704e-10
0.38397243543875254,-0.7130916658148262,0.007492835967431788,0.001555609702530431,-2.3614144580713647e-10
0.4936788455641104,-0.7130916658148262,0.009756493214388469,0.001824482565748361,-3.310934668793175e-10
0.6033852556894683,-0.7130916658148262,0.012953317505475669,0.0022816196407936485,-4.733151570332494e-10
0.7130916658148262,-0.7130916658148262,0.01721372570504247,0.002975645709845218,-6.761465120436183e-10
0.8227980759401841,-0.7130916658148262,0.022554665211224196,0.00396105749642635,-9.504169760227166e-10
0.9325044860655419,-0.7130916658148262,0.028795052091084652,0.0052823807989558,-1.299325112780192e-9
1.0422108961908998,-0.7130916658148262,0.03549219485102797,0.006951123549833306,-1.7126392803934465e-9
1.1519173063162575,-0.7130916658148262,0.04193937416579945,0.008919004126580312,-2.1623532096837206e-9
1.2616237164416155,-0.7130916658148262,0.04725618358905256,0.01105649428513273,-2.6025356834880053e-9
1.3713301265669733,-0.7130916658148262,0.050571222590495624,0.013149721750466577,-2.9754183665520184e-9
1.4810365366923313,-0.7130916658148262,0.051250948243484265,0.014926861408099752,-3.2235277641623483e-9
1.590742946817689,-0.7130916658148262,0.04909294865086122,0.01611478172517613,-3.30462579523072e-9
1.700449356943047,-0.7130916658148262,0.04440205279102197,0.016511041951269977,-3.2040543551659084e-9
1.8101557670684048,-0.7130916658148262,0.03791135839098432,0.016044329665045088,-2.93935487755137e-9
1.9198621771937627,-0.7130916658148262,0.030577482131053983,0.014797307321143023,-2.5550689168596374e-9
2.0295685873191207,-0.7130916658148262,0.023332604183811532,0.012981367097446319,-2.10989555514407e-9
2.1392749974444785,-0.7130916658148262,0.01688555875760982,0.010874581608818849,-1.6614881866161557e-9
2.248981407569836,-0.7130916658148262,0.01162906162023384,0.008749259940877876,-1.254451093349318e-9
2.358687817695194,-0.7130916658148262,0.007655863563637242,0.00681596904607443,-9.147607246337564e-10
2.468394227820552,-0.7130916658148262,0.0048450401784772895,0.0051986908162200696,-6.50589102556276e-10
2.57810063794591,-0.7130916658148262,0.002967474423685081,0.0039400639746289485,-4.5718864414776017e-10
2.6878070480712677,-0.7130916658148262,0.0017725803429653915,0.0030252224589978286,-3.2292245591945823e-10
2.7975134581966254,-0.7130916658148262,0.0010408019887270985,0.0024108419852887806,-2.343240258946555e-10
2.9072198683219836,-0.7130916658148262,0.0006045748900448069,0.0020503260492015876,-1.793317107225828e-10
3.0169262784473414,-0.7130916658148262,0.0003488633150929522,0.00191215705261832,-1.4883126263527668e-10
3.126632688572699,-0.7130916658148262,0.0002028222109435792,0.001992997848341537,-1.3709437469804076e-10
3.236339098698057,-0.7130916658148262,0.0001308679809481013,0.0023290420998149704,-1.4172289448770303e-10
3.346045508823415,-0.7130916658148262,0.00012783935677566417,0.0030086896419209315,-1.6351461764457786e-10
3.455751918948773,-0.7130916658148262,0.00022032285762294684,0.0041873684658189836,-2.0641457206677094e-10
-3.455751918948773,-0.6033852556894683,0.0007576167885480612,0.0015170249877922053,-1.5218444364938077e-10
-3.346045508823415,-0.6033852556894683,0.0004700822179472884,0.0013470781601196526,-1.188013804085536e-10
-3.236339098698057,-0.6033852556894683,0.0003018425536432403,0.0013198303500349562,-1.0126852167165884e-10
-3.126632688572699,-0.6033852556894683,0.00020868985151404056,0.0014471059068810266,-9.617596649635907e-11
-3.0169262784473414,-0.6033852556894683,0.0001706138062810002,0.0017707951292309115,-1.024374782047921e-10
-2.9072198683219836,-0.6033852556894683,0.0001894505508128711,0.00237386090471318,-1.2120195840882586e-10
-2.7975134581966254,-0.6033852556894683,0.0002909406891106242,0.003392860983802055,-1.5583567379226504e-10
-2.6878070480712677,-0.6033852556894683,0.0005309691673685338,0.005028495675051645,-2.1186990226476632e-10
-2.57810063794591,-0.6033852556894683,0.0010039475627596907,0.007545966424906621,-2.96649078999206e-10
-2.468394227820552,-0.6033852556894683,0.0018484749252599226,0.011252134112218766,-4.183035784074973e-10
-2.358687817695194,-0.6033852556894683,0.0032420261058303187,0.01643523092519867,-5.837048119156085e-10
-2.248981407569836,-0.6033852556894683,0.005374639127151423,0.023260650744953804,-7.953597294663162e-10
-2.1392749974444785,-0.6033852556894683,0.008395022393986686,0.03163677835946574,-1.0478084545850752e-9
-2.0295685873191207,-0.6033852556894683,0.012333937078624185,0.04109377148027182,-1.3248177554991969e-9
-1.9198621771937627,-0.6033852556894683,0.01702717455873377,0.050740175952201705,-1.599069741203829e-9
-1.8101557670684048,-0.6033852556894683,0.022074986932953518,0.05935596157972955,-1.8356303074784641e-9
-1.700449356943047,-0.6033852556894683,0.02687378349434079,0.06563466262942046,-1.999109024153345e-9
-1.590742946817689,-0.6033852556894683,0.030732118863625632,0.0685157421479181,-2.0625958857545257e-9
-1.4810365366923313,-0.6033852556894683,0.03304364441857191,0.06748945985910035,-2.0152040383636383e-9
-1.3713301265669733,-0.6033852556894683,0.033455804672602396,0.06275049356731618,-1.8652265773577703e-9
-1.2616237164416155,-0.6033852556894683,0.03196693437178927,0.05513506246450918,-1.6376252784389145e-9
-1.1519173063162575,-0.6033852556894683,0.02891316186920147,0.04587022209776933,-1.3669346383970993e-9
-1.0422108961908998,-0.6033852556894683,0.02485524506379841,0.03624110957649795,-1.0884295964519453e-9
-0.9325044860655419,-0.6033852556894683,0.020416647265559872,0.027301945861637117,-8.307029751575268e-10
-0.8227980759401841,-0.6033852556894683,0.016136382005054746,0.01971640543215226,-6.116894369495585e-10
-0.7130916658148262,-0.6033852556894683,0.012381399885904695,0.013743756253990325,-4.384448810956787e-10
-0.6033852556894683,-0.6033852556894683,0.009329362369527331,0.009329397205551475,-3.0959152082232766e-10
-0.4936788455641104,-0.6033852556894683,0.00700395279256012,0.006235846940670266,-2.1880708009347494e-10
-0.38397243543875254,-0.6033852556894683,0.005333202657403597,0.0041611608737848445,-1.5801177987578852e-10
-0.27426602531339467,-0.6033852556894683,0.00420575900634717,0.0028184411200772724,-1.1957608601204095e-10
-0.1645596151880368,-0.6033852556894683,0.003512060376437708,0.001974463476050266,-9.749168356290583e-11
-0.054853205062678934,-0.6033852556894683,0.003168541618599174,0.0014586298484974523,-8.77994150907252e-11
0.054853205062678934,-0.6033852556894683,0.0031291409675663646,0.0011559937610596,-8.864813028607033e-11
0.1645596151880368,-0.6033852556894683,0.0033896000145802493,0.0009948497548330107,-1.0027690396791078e-10
0.27426602531339467,-0.6033852556894683,0.003988206168313124,0.0009348234647448613,-1.250723400715581e-10
0.38397243543875254,-0.6033852556894683,0.005003490292492377,0.0009578466933631174,-1.6769930409610279e-10
0.4936788455641104,-0.6033852556894683,0.006546100655432102,0.001062291740952603,-2.351419588556003e-10
0.6033852556894683,-0.6033852556894683,0.00873965921990878,0.0012594574535263778,-3.363286567650836e-10
0.7130916658148262,-0.6033852556894683,0.011685398514219911,0.0015710091298989262,-4.809032269625924e-10
0.8227980759401841,-0.6033852556894683,0.015409650715509161,0.002025545291248265,-6.767648108585433e-10
0.9325044860655419,-0.6033852556894683,0.01980265715027027,0.002652225332669631,-9.263671028186815e-10
1.0422108961908998,-0.6033852556894683,0.02456936955635047,0.003469825022370477,-1.2224817408368338e-9
1.1519173063162575,-0.6033852556894683,0.02922130340953429,0.004471441697201867,-1.5449796580968567e-9
1.2616237164416155,-0.6033852556894683,0.03313427830866529,0.00560859037086235,-1.8606613264027239e-9
1.3713301265669733,-0.6033852556894683,0.03567511539368255,0.006782273946173478,-2.1276821970950266e-9
1.4810365366923313,-0.6033852556894683,0.03636675722371685,0.007849710413505255,-2.304450307660799e-9
1.590742946817689,-0.6033852556894683,0.03503317499929037,0.008650906908816933,-2.3605869099718735e-9
1.700449356943047,-0.6033852556894683,0.031862772741312856,0.009049696268812836,-2.285911029908938e-9
1.8101557670684048,-0.6033852556894683,0.027359298409608428,0.008974344940673862,-2.093659738633402e-9
1.9198621771937627,-0.6033852556894683,0.022198692560717867,0.008440225103967507,-1.8164765247519199e-9
2.0295685873191207,-0.6033852556894683,0.017050758832378436,0.00754431177172174,-1.4968979961810236e-9
2.1392749974444785,-0.6033852556894683,0.01243319399671682,0.006434518759006141,-1.176298566364642e-9
2.248981407569836,-0.6033852556894683,0.008640785337789171,0.005267974830973207,-8.86339436741157e-10
2.358687817695194,-0.6033852556894683,0.005753231566248764,0.004175022575793956,-6.451582939756562e-10
2.468394227820552,-0.6033852556894683,0.0036945413530910685,0.0032398742494399724,-4.581561345584628e-10
2.57810063794591,-0.6033852556894683,0.0023076415124963054,0.0024994990916916756,-3.216145303634038e-10
2.6878070480712677,-0.6033852556894683,0.0014167109404950122,0.0019551762681584155,-2.2703929383229016e-10
2.7975134581966254,-0.6033852556894683,0.0008656553954564601,0.0015889565888410951,-1.6474825366777357e-10
2.9072198683219836,-0.6033852556894683,0.0005341523162015443,0.0013792038965818282,-1.2613298101295245e-10
3.0169262784473414,-0.6033852556894683,0.00033889657635097204,0.0013128993347639778,-1.0471624262153867e-10
3.126632688572699,-0.6033852556894683,0.00022819173460072464,0.001395325052976222,-9.643416458166715e-11
3.236339098698057,-0.6033852556894683,0.00017583124454374852,0.0016591682328287887,-9.957840769406895e-11
3.346045508823415,-0.6033852556894683,0.00017768186905414186,0.0021749819657566976,-1.1469250093924799e-10
3.455751918948773,-0.6033852556894683,0.0002525031402501208,0.0030634720654493463,-1.445381394866302e-10
-3.455751918948773,-0.4936788455641104,0.000640604840732752,0.0009984809428586474,-1.0706302695524111e-10
-3.346045508823415,-0.4936788455641104,0.00042145719357230714,0.000908659200935788,-8.366936668242203e-11
-3.236339098698057,-0.4936788455641104,0.0002937362505509523,0.0009112488753969371,-7.137463493497864e-11
-3.126632688572699,-0.4936788455641104,0.00022525089670110353,0.0010201265871079739,-6.776827124639617e-11
-3.0169262784473414,-0.4936788455641104,0.0002014709512992337,0.0012703277583411006,-7.207594015980895e-11
-2.9072198683219836,-0.4936788455641104,0.00022386734511119796,0.0017270193582989094,-8.50935508037512e-11
-2.7975134581966254,-0.4936788455641104,0.00031123448799292837,0.0024957540115597143,-1.091773158424375e-10
-2.6878070480712677,-0.4936788455641104,0.0005038139360155429,0.003731362646047713,-1.4821655925159605e-10
-2.57810063794591,-0.4936788455641104,0.0008687337512413591,0.005639220383847438,-2.0740395555510216e-10
-2.468394227820552,-0.4936788455641104,0.0015033102921619109,0.008458796565334277,-2.92537393614678e-10
-2.358687817695194,-0.4936788455641104,0.0025304682010479553,0.012418146137587571,-4.0860363790390375e-10
-2.248981407569836,-0.4936788455641104,0.004079435836050205,0.017653603657172237,-5.575941618152225e-10
-2.1392749974444785,-0.4936788455641104,0.006247439044141197,0.024104555135265715,-7.359247794491708e-10
-2.0295685873191207,-0.4936788455641104,0.009046189407456315,0.03141607638730932,-9.323584890252867e-10
-1.9198621771937627,-0.4936788455641104,0.012349125630764776,0.03890064295054853,-1.127655444715936e-9
-1.8101557670684048,-0.4936788455641104,0.015865346696620278,0.04560687049105675,-1.296926212257521e-9
-1.700449356943047,-0.4936788455641104,0.019165082449184145,0.0505080164733956,-1.4147037499800952e-9
-1.590742946817689,-0.4936788455641104,0.021764319545434486,0.052765472045915564,-1.4614102081256242e-9
-1.4810365366923313,-0.4936788455641104,0.023248020443290995,0.05197332360381171,-1.4289138136613921e-9
-1.3713301265669733,-0.4936788455641104,0.02338751243660941,0.0482830996872072,-1.3229376240320168e-9
-1.2616237164416155,-0.4936788455641104,0.022204274445603262,0.042354425751406674,-1.161312972869366e-9
-1.1519173063162575,-0.4936788455641104,0.019954316054016007,0.035154284579097944,-9.688387488104855e-10
-1.0422108961908998,-0.4936788455641104,0.017042997070019848,0.027691119780084768,-7.708481145063395e-10
-0.9325044860655419,-0.4936788455641104,0.013908905495684805,0.02078598019834966,-5.878165974804173e-10
-0.8227980759401841,-0.4936788455641104,0.0109221822547526,0.014948950372609574,-4.3250863480948087e-10
-0.7130916658148262,-0.4936788455641104,0.008327344490942872,0.010372104077781349,-3.098648082913713e-10
-0.6033852556894683,-0.4936788455641104,0.006235822691451606,0.007003977773309629,-2.1880554573056044e-10
-0.4936788455641104,-0.4936788455641104,0.00465383174808931,0.0046538490605061,-1.5475716021173813e-10
-0.38397243543875254,-0.4936788455641104,0.003524330970849395,0.0030842329867319393,-1.1193369755385651e-10
-0.27426602531339467,-0.4936788455641104,0.0027660099665772486,0.0020718430208321137,-8.490086932100294e-11
-0.1645596151880368,-0.4936788455641104,0.0023010202649082555,0.0014363725965576444,-6.939554529974967e-11
-0.054853205062678934,-0.4936788455641104,0.0020707957720834448,0.0010463519235297146,-6.261826712532226e-11
0.054853205062678934,-0.4936788455641104,0.0020432848226584087,0.0008129156571778623,-6.326767430266111e-11
0.1645596151880368,-0.4936788455641104,0.002215542001098956,0.0006795653687192273,-7.152505389178276e-11
0.27426602531339467,-0.4936788455641104,0.0026142508874757425,0.0006124211952260281,-8.909645547380829e-11
0.38397243543875254,-0.4936788455641104,0.0032945420284435437,0.0005927588913075068,-1.1931060436495833e-10
0.4936788455641104,-0.4936788455641104,0.004335155619035798,0.0006121306148539176,-1.671560524545146e-10
0.6033852556894683,-0.4936788455641104,0.005826218567403794,0.0006697213484565506,-2.390239061365873e-10
0.7130916658148262,-0.4936788455641104,0.007845667545021383,0.0007713130094216757,-3.418407423447234e-10
0.8227980759401841,-0.4936788455641104,0.010422997054645033,0.0009289233582973769,-4.81313587943899e-10
0.9325044860655419,-0.4936788455641104,0.013495367590087785,0.0011597048883791906,-6.592687446307921e-10
1.0422108961908998,-0.4936788455641104,0.01686994270954802,0.0014823000864182898,-8.70581707418383e-10
1.1519173063162575,-0.4936788455641104,0.0202132231995801,0.001909280361817321,-1.1008233682247015e-9
1.2616237164416155,-0.4936788455641104,0.023086580762942427,0.002436252428224952,-1.326113161989606e-9
1.3713301265669733,-0.4936788455641104,0.025032730522724426,0.003031403200154769,-1.5163259571571164e-9
1.4810365366923313,-0.4936788455641104,0.025693604656839807,0.003631750442544471,-1.6415695469618186e-9
1.590742946817689,-0.4936788455641104,0.024918247912391864,0.004151518096227754,-1.6801512386227513e-9
1.700449356943047,-0.4936788455641104,0.022815223711310083,0.004502843927999519,-1.6250548771218343e-9
1.8101557670684048,-0.4936788455641104,0.019724409983583737,0.004621877892484826,-1.4861646774333437e-9
1.9198621771937627,-0.4936788455641104,0.016118797161676534,0.004489043605320313,-1.2872212375864e-9
2.0295685873191207,-0.4936788455641104,0.012477415646609095,0.004134286112255463,-1.058848633772591e-9
2.1392749974444785,-0.4936788455641104,0.009178385654104136,0.0036255632960884815,-8.305803145952639e-10
2.248981407569836,-0.4936788455641104,0.006444324175712723,0.0030468543733553387,-6.247992509651745e-10
2.358687817695194,-0.4936788455641104,0.004344204778514969,0.0024757060152173463,-4.5413892308179826e-10
2.468394227820552,-0.4936788455641104,0.0028333490359809432,0.0019684127856557957,-3.221653373762512e-10
2.57810063794591,-0.4936788455641104,0.0018058011956935422,0.001555704803820961,-2.2602809619624853e-10
2.6878070480712677,-0.4936788455641104,0.0011391155063812538,0.0012469606064664772,-1.5957162099924233e-10
2.7975134581966254,-0.4936788455641104,0.0007227132250650581,0.0010387707644808797,-1.158703377386952e-10
2.9072198683219836,-0.4936788455641104,0.0004703268079935091,0.0009241908696565937,-8.880670905684479e-11
3.0169262784473414,-0.4936788455641104,0.0003216869438363626,0.000900903713624255,-7.379517732563484e-11
3.126632688572699,-0.4936788455641104,0.0002391776395098737,0.0009783578595574534,-6.796322846950448e-11
3.236339098698057,-0.4936788455641104,0.00020373093924230037,0.001185001464790507,-7.009908137897009e-11
3.346045508823415,-0.4936788455641104,0.00021245333493828634,0.0015767977841963582,-8.057338509500495e-11
3.455751918948773,-0.4936788455641104,0.0002791095279299831,0.002247265759214392,-1.0131629302884138e-10
-3.455751918948773,-0.38397243543875254,0.0005560578627424572,0.0006646958749280806,-7.690289345000517e-11
-3.346045508823415,-0.38397243543875254,0.00038510823618693465,0.0006232076968510526,-6.020537800938142e-11
-3.236339098698057,-0.38397243543875254,0.000286604680395147,0.0006420185093931766,-5.14231170666013e-11
-3.126632688572699,-0.38397243543875254,0.00023674831969247944,0.000735315448886553,-4.882434647551781e-11
-3.0169262784473414,-0.38397243543875254,0.00022502923549506742,0.0009324828108391072,-5.1848802866145266e-11
-2.9072198683219836,-0.38397243543875254,0.0002530590431804595,0.001285449513756782,-6.105842155663954e-11
-2.7975134581966254,-0.38397243543875254,0.0003353984429134107,0.0018771147279478873,-7.813192638445737e-11
-2.6878070480712677,-0.38397243543875254,0.0005022021974471892,0.002828805275632311,-1.0585155148234993e-10
-2.57810063794591,-0.38397243543875254,0.0008025341347761511,0.004301894141429364,-1.4795016687468854e-10
-2.468394227820552,-0.38397243543875254,0.0013058245770361358,0.006485634402277347,-2.0862784026395853e-10
-2.358687817695194,-0.38397243543875254,0.0020974392102875534,0.009562097439534324,-2.9155292416427336e-10
-2.248981407569836,-0.38397243543875254,0.0032637876150797235,0.013643265148224119,-3.982993431600468e-10
-2.1392749974444785,-0.38397243543875254,0.004864491104303762,0.01868748224423327,-5.26469867700996e-10
-2.0295685873191207,-0.38397243543875254,0.006894976480870675,0.02442079924035456,-6.681432889593664e-10
-1.9198621771937627,-0.38397243543875254,0.00925126921913932,0.03030408625841461,-8.095392724227768e-10
-1.8101557670684048,-0.38397243543875254,0.011715232027147537,0.03558524311503096,-9.32645433104895e-10
-1.700449356943047,-0.38397243543875254,0.013976909560424248,0.03944828727216055,-1.0188671434319119e-9
-1.590742946817689,-0.38397243543875254,0.015697776433832134,0.04122451118609555,-1.0537668584942317e-9
-1.4810365366923313,-0.38397243543875254,0.016598642936993972,0.04058996051777826,-1.0312004028456556e-9
-1.3713301265669733,-0.38397243543875254,0.016539857757317068,0.03766664501499876,-9.551655438810869e-10
-1.2616237164416155,-0.38397243543875254,0.015560597866442444,0.03298257885183184,-8.385735023042074e-10
-1.1519173063162575,-0.38397243543875254,0.013861139123545923,0.027309153498881134,-6.994845761637558e-10
-1.0422108961908998,-0.38397243543875254,0.01173781705972126,0.021446717145066616,-5.563672873104553e-10
-0.9325044860655419,-0.38397243543875254,0.009499821708522774,0.016041815929463327,-4.241270754740123e-10
-0.8227980759401841,-0.38397243543875254,0.007399844288208518,0.011490762529460574,-3.1201978153982957e-10
-0.7130916658148262,-0.38397243543875254,0.005598085668247368,0.007937086256773685,-2.2358972139036037e-10
-0.6033852556894683,-0.38397243543875254,0.0041611435545721494,0.0053332211190120675,-1.580093070274735e-10
-0.4936788455641104,-0.38397243543875254,0.003084220674078738,0.0035243437146184452,-1.1193269835313435e-10
-0.38397243543875254,-0.38397243543875254,0.0023214315681435826,0.002321440592240475,-8.115596866406505e-11
-0.27426602531339467,-0.38397243543875254,0.0018127479634555375,0.0015486222305720184,-6.17461140810932e-11
-0.1645596151880368,-0.38397243543875254,0.0015025069963789618,0.001064837433044093,-5.0626769053027654e-11
-0.054853205062678934,-0.38397243543875254,0.0013495669101364128,0.0007676697761637627,-4.578339855669522e-11
0.054853205062678934,-0.38397243543875254,0.0013317058174474854,0.0005878544437558135,-4.628429692461744e-11
0.1645596151880368,-0.38397243543875254,0.0014471073877565888,0.0004808220377044176,-5.226816473125756e-11
0.27426602531339467,-0.38397243543875254,0.0017147364631640717,0.0004187046074646736,-6.497522441958892e-11
0.38397243543875254,-0.38397243543875254,0.002173850043164899,0.0003841505887772457,-8.682035017130996e-11
0.4936788455641104,-0.38397243543875254,0.0028812564219391976,0.0003662089967798216,-1.2142349127032548e-10
0.6033852556894683,-0.38397243543875254,0.00390361409763327,0.00035816817727086754,-1.7342769928485602e-10
0.7130916658148262,-0.38397243543875254,0.0053017129596544576,0.0003571532020080455,-2.478742744914386e-10
0.8227980759401841,-0.38397243543875254,0.007105280535099318,0.0003651136742523699,-3.489287470070934e-10
0.9325044860655419,-0.38397243543875254,0.009281166368188081,0.00039033235490270723,-4.779381257077886e-10
1.0422108961908998,-0.38397243543875254,0.011704203776533417,0.0004478551481707513,-6.311790421917318e-10
1.1519173063162575,-0.38397243543875254,0.014145693382621921,0.0005568741130909964,-7.981242784727005e-10
1.2616237164416155,-0.38397243543875254,0.016294438487064525,0.0007339378879437468,-9.61332371346435e-10
1.3713301265669733,-0.38397243543875254,0.017815742063318284,0.000983250161613547,-1.0988133736233863e-9
1.4810365366923313,-0.38397243543875254,0.018436196704204953,0.001288226255639833,-1.1888044368357775e-9
1.590742946817689,-0.38397243543875254,0.018025059270266007,0.0016096971623049319,-1.2156222990028498e-9
1.700449356943047,-0.38397243543875254,0.016638165248301383,0.0018939021420748808,-1.1743794253032958e-9
1.8101557670684048,-0.38397243543875254,0.01450375911745502,0.0020883038099314905,-1.072534791014823e-9
1.9198621771937627,-0.38397243543875254,0.011955463435708552,0.0021584772812641554,-9.275716496975894e-10
2.0295685873191207,-0.38397243543875254,0.009340923077606063,0.0020983256204952496,-7.618374073953271e-10
2.1392749974444785,-0.38397243543875254,0.006941998774553507,0.001929485917855314,-5.967225017063094e-10
2.248981407569836,-0.38397243543875254,0.004931383448954595,0.0016914868813565447,-4.4830209423168954e-10
2.358687817695194,-0.38397243543875254,0.0033703125950049076,0.0014282621051235225,-3.255292502571394e-10
2.468394227820552,-0.38397243543875254,0.0022351979111520405,0.0011769664198173508,-2.3080372053667364e-10
2.57810063794591,-0.38397243543875254,0.0014547747220130375,0.0009624227005793186,-1.6193566095262096e-10
2.6878070480712677,-0.38397243543875254,0.0009429075106448289,0.0007972474964661265,-1.1440670112661255e-10
2.7975134581966254,-0.38397243543875254,0.0006200429147302126,0.0006856796884954714,-8.319042530584644e-11
2.9072198683219836,-0.38397243543875254,0.00042319019384191354,0.0006288753030270696,-6.387225573748975e-11
3.0169262784473414,-0.38397243543875254,0.0003079026276891023,0.0006303201588569874,-5.3154054888062546e-11
3.126632688572699,-0.38397243543875254,0.0002463439050489467,0.0007011493413253754,-4.89724734289293e-11
3.236339098698057,-0.38397243543875254,0.00022457175727263445,0.0008659347321918716,-5.045439549012168e-11
3.346045508823415,-0.38397243543875254,0.00024089707978073503,0.001169648432835112,-5.785783646888171e-11
3.455751918948773,-0.38397243543875254,0.0003061517327020181,0.0016859009049227844,-7.255616875541382e-11
-3.455751918948773,-0.27426602531339467,0.0005086633385909421,0.0004577414073124771,-5.778776009145517e-11
-3.346045508823415,-0.27426602531339467,0.0003684483175298435,0.0004450138200588407,-4.534068693412552e-11
-3.236339098698057,-0.27426602531339467,0.00028921300022881276,0.00047284533633076164,-3.878892714838378e-11
-3.126632688572699,-0.27426602531339467,0.0002526587573128664,0.0005551326701196965,-3.683611602594075e-11
-3.0169262784473414,-0.27426602531339467,0.00025107789045909003,0.0007171794468110195,-3.9060355102281397e-11
-2.9072198683219836,-0.27426602531339467,0.0002865245243960027,0.0010018618055042828,-4.587630275665333e-11
-2.7975134581966254,-0.27426602531339467,0.00037131382926238485,0.001476715831730368,-5.853216490051688e-11
-2.6878070480712677,-0.27426602531339467,0.0005296465858883342,0.0022402891836212596,-7.910367131290508e-11
-2.57810063794591,-0.27426602531339467,0.0007993930487489039,0.003423818868911488,-1.1038769898163991e-10
-2.468394227820552,-0.27426602531339467,0.0012320801283616698,0.00518175691302926,-1.5555239171391455e-10
-2.358687817695194,-0.27426602531339467,0.0018881795546883062,0.007663619414674549,-2.1740181530005565e-10
-2.248981407569836,-0.27426602531339467,0.002824706842895293,0.010962891603736813,-2.9720982099024074e-10
-2.1392749974444785,-0.27426602531339467,0.004074035833371604,0.015048560693724908,-3.932996706090819e-10
-2.0295685873191207,-0.27426602531339467,0.005617286502501757,0.01969995100165071,-4.99841319376304e-10
-1.9198621771937627,-0.27426602531339467,0.007361488164650673,0.0244785286239314,-6.065461639892522e-10
-1.8101557670684048,-0.27426602531339467,0.00913356918898663,0.028769623560782533,-6.998429388088701e-10
-1.700449356943047,-0.27426602531339467,0.01070190392787308,0.03190461477926878,-7.656114596465979e-10
-1.590742946817689,-0.27426602531339467,0.01182597077620701,0.03333530895669676,-7.927879186464537e-10
-1.4810365366923313,-0.27426602531339467,0.012320298989828896,0.0327975545981896,-7.765531447045948e-10
-1.3713301265669733,-0.27426602531339467,0.01210856479199384,0.030394888667609053,-7.19797808163003e-10
-1.2616237164416155,-0.27426602531339467,0.011245079952455063,0.026564535205831345,-6.322297494559814e-10
-1.1519173063162575,-0.27426602531339467,0.009894810880115994,0.021941566345367834,-5.275193927511967e-10
-1.0422108961908998,-0.27426602531339467,0.008281818022054677,0.01718104504203032,-4.1967762078043425e-10
-0.9325044860655419,-0.27426602531339467,0.006628623757757287,0.012807969769946748,-3.2001456866381783e-10
-0.8227980759401841,-0.27426602531339467,0.005109069638072624,0.009139887467468261,-2.3554458643965104e-10
-0.7130916658148262,-0.27426602531339467,0.0038268021528678775,0.006287232459980587,-1.6894300325018263e-10
-0.6033852556894683,-0.27426602531339467,0.0028184280385002655,0.0042057734201925,-1.1957314782415351e-10
-0.4936788455641104,-0.27426602531339467,0.0020718337537909233,0.0027660198862704813,-8.489927077331982e-11
-0.38397243543875254,-0.27426602531339467,0.001548615469155219,0.0018127549590574942,-6.17454665955558e-11
-0.27426602531339467,-0.27426602531339467,0.0012029526254786931,0.0012029578390448691,-4.714700158059415e-11
-0.1645596151880368,-0.27426602531339467,0.0009939768662989596,0.0008227352224906205,-3.878896921542807e-11
-0.054853205062678934,-0.27426602531339467,0.0008921896345433284,0.00058980209608627,-3.515823895038073e-11
0.054853205062678934,-0.27426602531339467,0.0008820177881162673,0.00044861572515124523,-3.555788703844126e-11
0.1645596151880368,-0.27426602531339467,0.0009625974157983847,0.00036324213400788894,-4.0097584324064184e-11
0.27426602531339467,-0.27426602531339467,0.001148060690236576,0.0003106579556652723,-4.97175306566483e-11
0.38397243543875254,-0.27426602531339467,0.0014674774210711033,0.0002755102636267869,-6.624426029423758e-11
0.4936788455641104,-0.27426602531339467,0.0019634267793925816,0.00024653296812083517,-9.241451137328993e-11
0.6033852556894683,-0.27426602531339467,0.0026871641855592127,0.00021460489359308816,-1.3173889301491826e-10
0.7130916658148262,-0.27426602531339467,0.0036879442256250753,0.00017247808237081438,-1.8803022680535797e-10
0.8227980759401841,-0.27426602531339467,0.004995003527005193,0.00011615406471825337,-2.644381059610512e-10
0.9325044860655419,-0.27426602531339467,0.0065936989499163,0.00004746815075231531,-3.619720942253657e-10
1.0422108961908998,-0.27426602531339467,0.0084021516532908,-0.000023370114863860165,-4.777869298117077e-10
1.1519173063162575,-0.27426602531339467,0.010259475116770628,-0.00007731577472272228,-6.038635607177878e-10
1.2616237164416155,-0.27426602531339467,0.011937555602608037,-0.00009006498720092859,-7.26935316629207e-10
1.3713301265669733,-0.27426602531339467,0.01318205941092593,-0.000040011106892615805,-8.303103239681864e-10
1.4810365366923313,-0.27426602531339467,0.013775301816168102,0.00008188325472789117,-8.975293598612044e-10
1.590742946817689,-0.27426602531339467,0.013599933748363921,0.00026504923007649936,-9.168231902834112e-10
1.700449356943047,-0.27426602531339467,0.012677178706950492,0.00047957018170281807,-8.846691547728658e-10
1.8101557670684048,-0.27426602531339467,0.011162043544444023,0.0006847762903432557,-8.0690899448288e-10
1.9198621771937627,-0.27426602531339467,0.009297031515746582,0.0008425921838838423,-6.969186642710734e-10
2.0295685873191207,-0.27426602531339467,0.00734436667154168,0.0009293928064531801,-5.716517272567889e-10
2.1392749974444785,-0.27426602531339467,0.005523861817741167,0.0009412559978662124,-4.4722783809625355e-10
2.248981407569836,-0.27426602531339467,0.00397656727740359,0.0008914355395793934,-3.3567104477938425e-10
2.358687817695194,-0.27426602531339467,0.0027594584694685936,0.0008027848769504118,-2.4359802174543643e-10
2.468394227820552,-0.27426602531339467,0.0018631745218796276,0.0006994450855609024,-1.726955887321191e-10
2.57810063794591,-0.27426602531339467,0.0012392222993089371,0.0006011180136729809,-1.2122960881683076e-10
2.6878070480712677,-0.27426602531339467,0.0008250634205295576,0.0005210643709213514,-8.575453639293046e-11
2.7975134581966254,-0.27426602531339467,0.0005611881954174846,0.0004671811866002128,-6.247502049114978e-11
2.9072198683219836,-0.27426602531339467,0.00039959284997554583,0.00044485735029272316,-4.807434588220347e-11
3.0169262784473414,-0.27426602531339467,0.0003060245589943374,0.0004606009955103758,-4.0081483488121905e-11
3.126632688572699,-0.27426602531339467,0.0002590148344892304,0.0005261089197464303,-3.695206890041297e-11
3.236339098698057,-0.27426602531339467,0.0002481004949931998,0.0006630144078719752,-3.803087646235895e-11
3.346045508823415,-0.27426602531339467,0.0002726814205653047,0.0009087220744297476,-4.350600186098924e-11
3.455751918948773,-0.27426602531339467,0.00034215016085854984,0.0013233317796616398,-5.4397493562570454e-11
-3.455751918948773,-0.1645596151880368,0.0005030185649158253,0.00033471119362997947,-4.6629790198364496e-11
-3.346045508823415,-0.1645596151880368,0.00037849280503448793,0.0003396903859317323,-3.666328455024723e-11
-3.236339098698057,-0.1645596151880368,0.00030997403567521747,0.00037361595831421855,-3.1414284097208006e-11
-3.126632688572699,-0.1645596151880368,0.0002824183923536812,0.00045018121439231176,-2.984197790137713e-11
-3.0169262784473414,-0.1645596151880368,0.00028997276863448765,0.0005922643339544521,-3.1606176931296e-11
-2.9072198683219836,-0.1645596151880368,0.0003353723692037468,0.0008373386261988501,-3.703628685203589e-11
-2.7975134581966254,-0.1645596151880368,0.0004302169145417725,0.0012437011346023866,-4.712954451615431e-11
-2.6878070480712677,-0.1645596151880368,0.0005958725582027593,0.0018960811004377592,-6.354879383135836e-11
-2.57810063794591,-0.1645596151880368,0.0008640944207127184,0.002907246424713507,-8.854258949295146e-11
-2.468394227820552,-0.1645596151880368,0.0012757273982385775,0.004410031667266707,-1.2467265934901217e-10
-2.358687817695194,-0.1645596151880368,0.00187530041563473,0.006533275283614703,-1.7423186721501893e-10
-2.248981407569836,-0.1645596151880368,0.0026996349778621778,0.009357905882400317,-2.383103211295312e-10
-2.1392749974444785,-0.1645596151880368,0.0037604972982986894,0.012857863881886521,-3.15644079450228e-10
-2.0295685873191207,-0.1645596151880368,0.005024979965781827,0.016843628948960087,-4.0162237945062795e-10
-1.9198621771937627,-0.1645596151880368,0.006401431162924265,0.02093752878715366,-4.88005391305335e-10
-1.8101557670684048,-0.1645596151880368,0.0077405993203141605,0.024609607509305725,-5.638386979534005e-10
-1.700449356943047,-0.1645596151880368,0.008858404764477357,0.027283485390362933,-6.17645708883563e-10
-1.590742946817689,-0.1645596151880368,0.009577994826357232,0.028487728279418808,-6.403565663837263e-10
-1.4810365366923313,-0.1645596151880368,0.009778172107054575,0.027997734743668082,-6.279294809813374e-10
-1.3713301265669733,-0.1645596151880368,0.00942933247962788,0.02590760484321963,-5.825860297653529e-10
-1.2616237164416155,-0.1645596151880368,0.008601559474190466,0.02259925341353536,-5.121239994576587e-10
-1.1519173063162575,-0.1645596151880368,0.007441598527571257,0.018623151384431484,-4.276110802253763e-10
-1.0422108961908998,-0.1645596151880368,0.00612930084569642,0.014543544519118233,-3.404308397680911e-10
-0.9325044860655419,-0.1645596151880368,0.004831758055823945,0.010809187521761823,-2.597910428447925e-10
-0.8227980759401841,-0.1645596151880368,0.0036711759574165888,0.007688108305574721,-1.914105141748168e-10
-0.7130916658148262,-0.1645596151880368,0.0027134236388247223,0.005269838372717783,-1.3747812263598114e-10
-0.6033852556894683,-0.1645596151880368,0.0019744526702695575,0.0035120725599695566,-9.748859488775685e-11
-0.4936788455641104,-0.1645596151880368,0.0014363649582371815,0.0023010286357822013,-6.939364512702217e-11
-0.38397243543875254,-0.1645596151880368,0.0010648318826943829,0.0015025128793779026,-5.0625748818783345e-11
-0.27426602531339467,-0.1645596151880368,0.0008227309696388233,0.0009939812249813258,-3.8788556134400354e-11
-0.1645596151880368,-0.1645596151880368,0.0006784926414099192,0.0006784961671803744,-3.2011672989034484e-11
-0.054853205062678934,-0.1645596151880368,0.0006100547354005281,0.00048640549751877534,-2.9073295149378148e-11
0.054853205062678934,-0.1645596151880368,0.0006062044010394924,0.00037089048699418686,-2.9412167092037617e-11
0.1645596151880368,-0.1645596151880368,0.0006669091055579883,0.00030169521054774936,-3.312032034264237e-11
0.27426602531339467,-0.1645596151880368,0.0008035588821407756,0.00025927445387249356,-4.0962722092346276e-11
0.38397243543875254,-0.1645596151880368,0.0010391957596600663,0.00023016319207804604,-5.442225337916329e-11
0.4936788455641104,-0.1645596151880368,0.0014079210741615295,0.00020369855232167439,-7.571834446332831e-11
0.6033852556894683,-0.1645596151880368,0.0019518549681718568,0.00017010214739396703,-1.0769558183611194e-10
0.7130916658148262,-0.1645596151880368,0.0027135805571935822,0.0001200553088852392,-1.5343956725859254e-10
0.8227980759401841,-0.1645596151880368,0.0037225381720074296,0.000045958953598783294,-2.1549051128569308e-10
0.9325044860655419,-0.1645596151880368,0.00497600958784472,-0.00005522235780022495,-2.946398307626663e-10
1.0422108961908998,-0.1645596151880368,0.006419202607336335,-0.0001784023553306549,-3.8853426032048333e-10
1.1519173063162575,-0.1645596151880368,0.007933111337133007,-0.0003079575289675635,-4.906088408793141e-10
1.2616237164416155,-0.1645596151880368,0.009340309586054392,-0.0004187684995520403,-5.900441376813226e-10
1.3713301265669733,-0.1645596151880368,0.010434610550617486,-0.00048209900036642406,-6.7327534172823e-10
1.4810365366923313,-0.1645596151880368,0.01103037337156356,-0.0004752254059140859,-7.269893012237794e-10
1.590742946817689,-0.1645596151880368,0.011015625706895068,-0.00039094394382974433,-7.417493806671782e-10
1.700449356943047,-0.1645596151880368,0.01038753863936328,-0.0002420616645511537,-7.148560536920923e-10
1.8101557670684048,-0.1645596151880368,0.009254298263658731,-0.00005800903901781321,-6.51203359465502e-10
1.9198621771937627,-0.1645596151880368,0.007802206541931938,0.000125140991971316,-5.617415022723948e-10
2.0295685873191207,-0.1645596151880368,0.006242451461235373,0.0002764436066870872,-4.6023744667764155e-10
2.1392749974444785,-0.1645596151880368,0.0047592970667145644,0.00037831863023227077,-3.5970096909712646e-10
2.248981407569836,-0.1645596151880368,0.00347721901121974,0.0004284857051724219,-2.697711353350646e-10
2.358687817695194,-0.1645596151880368,0.0024529939716358327,0.0004363939276668664,-1.9569407704554675e-10
2.468394227820552,-0.1645596151880368,0.0016875750293905282,0.0004171884469606528,-1.387432726216234e-10
2.57810063794591,-0.1645596151880368,0.001147157226752043,0.00038631634517866803,-9.745818995571254e-11
2.6878070480712677,-0.1645596151880368,0.0007837340310513482,0.00035648569572843637,-6.902798731917015e-11
2.7975134581966254,-0.1645596151880368,0.0005497729145483149,0.00033715589606531814,-5.038301053488306e-11
2.9072198683219836,-0.1645596151880368,0.00040602981405841977,0.0003358904728473023,-3.885229301909404e-11
3.0169262784473414,-0.1645596151880368,0.0003241411124684458,0.00036083818850361906,-3.24505198916452e-11
3.126632688572699,-0.1645596151880368,0.00028636313897385666,0.0004239810202082123,-2.993788713028661e-11
3.236339098698057,-0.1645596151880368,0.0002844298100320281,0.0005452024079125174,-3.078738728800462e-11
3.346045508823415,-0.1645596151880368,0.0003187439346278296,0.0007573985496304551,-3.514707427008934e-11
3.455751918948773,-0.1645596151880368,0.00039841391384232925,0.0011125621067910704,-4.383122868562711e-11
-3.455751918948773,-0.054853205062678934,0.0005479830106961339,0.0002673298193585558,-4.1353567000867314e-11
-3.346045508823415,-0.054853205062678934,0.00042513062606404595,0.0002844650074504624,-3.255433737251595e-11
-3.236339098698057,-0.054853205062678934,0.0003595285181547398,0.00032429729673786955,-2.7919858428242933e-11
-3.126632688572699,-0.054853205062678934,0.00033758685160995195,0.0004008016407871414,-2.6528840593471187e-11
-3.0169262784473414,-0.054853205062678934,0.00035458780784385953,0.0005360809228660185,-2.807957978547687e-11
-2.9072198683219836,-0.054853205062678934,0.0004142334623706474,0.0007654163267276229,-3.2862049398948295e-11
-2.7975134581966254,-0.054853205062678934,0.0005287546453725275,0.0011430865685741675,-4.1756915308312215e-11
-2.6878070480712677,-0.054853205062678934,0.0007192496283812504,0.0017475924595322892,-5.62355520223462e-11
-2.57810063794591,-0.054853205062678934,0.0010153035115614258,0.002683146117864944,-7.829329524110251e-11
-2.468394227820552,-0.054853205062678934,0.0014523619223119053,0.00407227090139159,-1.1021394777724347e-10
-2.358687817695194,-0.054853205062678934,0.0020651106887650495,0.006033508720761399,-1.5406002341900038e-10
-2.248981407569836,-0.054853205062678934,0.002875814843494278,0.008640789241725611,-2.1084738642540568e-10
-2.1392749974444785,-0.054853205062678934,0.003878687890923327,0.011868835172251143,-2.795185298498648e-10
-2.0295685873191207,-0.054853205062678934,0.005024663247854959,0.015541089897725822,-3.5604495914054457e-10
-1.9198621771937627,-0.054853205062678934,0.006213918000842527,0.019307215348697872,-4.331510011779116e-10
-1.8101557670684048,-0.054853205062678934,0.007303683412548174,0.02267681249339369,-5.010999341165112e-10
-1.700449356943047,-0.054853205062678934,0.008134404707049486,0.02511798940881886,-5.496283012051961e-10
-1.590742946817689,-0.054853205062678934,0.00856898392740945,0.026197815889861118,-5.705588917992443e-10
-1.4810365366923313,-0.054853205062678934,0.008531774382448846,0.025713363783857066,-5.601638181085278e-10
-1.3713301265669733,-0.054853205062678934,0.008031533927887732,0.023757106959264675,-5.203072677567588e-10
-1.2616237164416155,-0.054853205062678934,0.007158345767653514,0.020686681912920522,-4.578683144434992e-10
-1.1519173063162575,-0.054853205062678934,0.0060559754121177565,0.017013068437193052,-3.826994415812024e-10
-1.0422108961908998,-0.054853205062678934,0.0048817178295857185,0.013256845756496178,-3.0498311601873107e-10
-0.9325044860655419,-0.054853205062678934,0.0037695826408430137,0.00982924691467941,-2.329855162963579e-10
-0.8227980759401841,-0.054853205062678934,0.002808419516667255,0.0069732441459172,-1.7186209790368e-10
-0.7130916658148262,-0.054853205062678934,0.0020380096630312995,0.004767110525184112,-1.2360720520049329e-10
-0.6033852556894683,-0.054853205062678934,0.001458619809037372,0.003168552977164993,-8.779640165920699e-11
-0.4936788455641104,-0.054853205062678934,0.0010463448276643846,0.002070803574787778,-6.261627804801662e-11
-0.38397243543875254,-0.054853205062678934,0.0007676646342768259,0.0013495723802617232,-4.57821739503414e-11
-0.27426602531339467,-0.054853205062678934,0.0005897981803870959,0.0008921936638690384,-3.5157577370215076e-11
-0.1645596151880368,-0.054853205062678934,0.0004864022827263138,0.0006100579634076192,-2.9073023394103614e-11
-0.054853205062678934,-0.054853205062678934,0.00043984199845508684,0.00043984490514298227,-2.6437372473500642e-11
0.054853205062678934,-0.054853205062678934,0.0004416760727150406,0.0003392514361011309,-2.674984566535324e-11
0.1645596151880368,-0.054853205062678934,0.0004926684006455079,0.00028114642538981454,-3.0094430636742886e-11
0.27426602531339467,-0.054853205062678934,0.0006030191939654664,0.00024814294631954646,-3.715758646952172e-11
0.38397243543875254,-0.054853205062678934,0.0007928262438113675,0.0002282559105578059,-4.9267761420036804e-11
0.4936788455641104,-0.054853205062678934,0.001092072230958964,0.00021170706151068153,-6.841052854408836e-11
0.6033852556894683,-0.054853205062678934,0.0015387196673675991,0.00018885947776354296,-9.712653945004313e-11
0.7130916658148262,-0.054853205062678934,0.0021730070931253644,0.00014944756302785376,-1.3816447768863482e-10
0.8227980759401841,-0.054853205062678934,0.0030263086466411344,0.00008343535772065581,-1.9377298767289663e-10
0.9325044860655419,-0.054853205062678934,0.00410461372739172,-0.00001630932829383173,-2.6461996309457003e-10
1.0422108961908998,-0.054853205062678934,0.005370026270412066,-0.0001500070583390909,-3.4854408768880685e-10
1.1519173063162575,-0.054853205062678934,0.006727636236178862,-0.0003071921653589444,-4.3961052246382915e-10
1.2616237164416155,-0.054853205062678934,0.008027111445250184,-0.00046560474259056987,-5.280952480868351e-10
1.3713301265669733,-0.054853205062678934,0.009085478929789555,-0.0005948655751860953,-6.018638157301304e-10
1.4810365366923313,-0.054853205062678934,0.009729070387645465,-0.0006650206694692852,-6.490725162205946e-10
1.590742946817689,-0.054853205062678934,0.00984191898280534,-0.0006570549958179049,-6.614066386592676e-10
1.700449356943047,-0.054853205062678934,0.009401561970524983,-0.0005705054089723285,-6.366062945892259e-10
1.8101557670684048,-0.054853205062678934,0.008486483802965744,-0.00042413518962386605,-5.79183105989256e-10
1.9198621771937627,-0.054853205062678934,0.007251715182670746,-0.0002491507417751184,-4.99002402766513e-10
2.0295685873191207,-0.054853205062678934,0.005883483678742793,-0.00007838624392318564,-4.083684146047317e-10
2.1392749974444785,-0.054853205062678934,0.004551851598321157,0.0000633988036184501,-3.188411388209411e-10
2.248981407569836,-0.054853205062678934,0.0033780675058562412,0.0001643614206936015,-2.389321943421785e-10
2.358687817695194,-0.054853205062678934,0.002423771808239585,0.0002249330713474571,-1.7322716698575658e-10
2.468394227820552,-0.054853205062678934,0.0016988712842308056,0.0002536832178407161,-1.227870496250949e-10
2.57810063794591,-0.054853205062678934,0.0011791628953644996,0.00026248419443421743,-8.626459724499214e-11
2.6878070480712677,-0.054853205062678934,0.0008248032287584748,0.0002630037025971679,-6.11365626635059e-11
2.7975134581966254,-0.054853205062678934,0.0005942364988831363,0.0002652555982477022,-4.466772215777279e-11
2.9072198683219836,-0.054853205062678934,0.00045216209157888427,0.0002780014146254486,-3.4486848001901577e-11
3.0169262784473414,-0.054853205062678934,0.0003726855414772431,0.0003104958662985578,-2.8834980030870844e-11
3.126632688572699,-0.054853205062678934,0.00033966495129857983,0.00037523157738363245,-2.661464597970495e-11
3.236339098698057,-0.054853205062678934,0.0003460298329444277,0.0004916388352142665,-2.7359006119637153e-11
3.346045508823415,-0.054853205062678934,0.00039319768447186793,0.0006908468346462374,-3.119778106642698e-11
3.455751918948773,-0.054853205062678934,0.0004910373614316221,0.0010213699557700333,-3.884969190966203e-11
-3.455751918948773,0.054853205062678934,0.0006614753834452932,0.000239929254099921,-4.088630199379842e-11
-3.346045508823415,0.054853205062678934,0.0005250883660956542,0.0002669499125496343,-3.2176562250133683e-11
-3.236339098698057,0.054853205062678934,0.0004542020366362739,0.00031428094586660965,-2.7592119886642175e-11
-3.126632688572699,0.054853205062678934,0.0004350681290122661,0.0003969041766989743,-2.621786360061662e-11
-3.0169262784473414,0.054853205062678934,0.0004635370836878714,0.0005378311938080765,-2.7754433300219983e-11
-2.9072198683219836,0.054853205062678934,0.0005447076211090404,0.0007731676801842189,-3.249014046084048e-11
-2.7975134581966254,0.054853205062678934,0.000692880285456621,0.001157951296904531,-4.130063511239429e-11
-2.6878070480712677,0.054853205062678934,0.0009313663290464809,0.0017713401200499593,-5.565066918573891e-11
-2.57810063794591,0.054853205062678934,0.0012910494936769154,0.002717967030908385,-7.753062731749583e-11
-2.468394227820552,0.054853205062678934,0.0018061204086377148,0.004120295811785542,-1.0922600497675905e-10
-2.358687817695194,0.054853205062678934,0.0025054825999480373,0.006096026745824411,-1.5281403312888964e-10
-2.248981407569836,0.054853205062678934,0.003399505826351977,0.008717236357605424,-2.0934419302232055e-10
-2.1392749974444785,0.054853205062678934,0.0044643569125254225,0.01195581323035635,-2.7781341463417597e-10
-2.0295685873191207,0.054853205062678934,0.0056294366352135795,0.015631842844021544,-3.542619548407844e-10
-1.9198621771937627,0.054853205062678934,0.006775597719638287,0.01939201358749008,-4.314799247062684e-10
-1.8101557670684048,0.054853205062678934,0.007750369018178905,0.022744476334893876,-4.997678902662894e-10
-1.700449356943047,0.054853205062678934,0.00840026542779433,0.02515832974495674,-5.488478577869715e-10
-1.590742946817689,0.054853205062678934,0.00861148995233351,0.02620426936838564,-5.704683843366087e-10
-1.4810365366923313,0.054853205062678934,0.008343904770920691,0.025684848206181214,-5.607842766541804e-10
-1.3713301265669733,0.054853205062678934,0.00764386240938006,0.023698337559091783,-5.215350790122031e-10
-1.2616237164416155,0.054853205062678934,0.006630100631563342,0.02060681429438125,-4.5950786752013695e-10
-1.1519173063162575,0.054853205062678934,0.005458882663109385,0.016923234580048716,-3.8452015009571294e-10
-1.0422108961908998,0.054853205062678934,0.004283004578874116,0.013167537319148716,-3.06776502638495e-10
-0.9325044860655419,0.054853205062678934,0.0032197822093411686,0.00974840443570698,-2.346029689959117e-10
-0.8227980759401841,0.054853205062678934,0.0023365387719172332,0.006905465301137638,-1.7322602076721982e-10
-0.7130916658148262,0.054853205062678934,0.0016532665767570007,0.004713890129600169,-1.247012233057676e-10
-0.6033852556894683,0.054853205062678934,0.0011559831485427354,0.003129152733504717,-8.864535190958311e-11
-0.4936788455641104,0.054853205062678934,0.0008129081404097049,0.002043292914601196,-6.326573986914497e-11
-0.38397243543875254,0.054853205062678934,0.0005878490006861712,0.0013317114831239998,-4.6283011386101525e-11
-0.27426602531339467,0.054853205062678934,0.0004486115985758405,0.0008820219409738564,-3.5557081367806886e-11
-0.1645596151880368,0.054853205062678934,0.00037088712863888706,0.0006062076966746406,-2.941171015503202e-11
-0.054853205062678934,0.054853205062678934,0.0003392484374969117,0.00044167900081097346,-2.6749641618504377e-11
0.054853205062678934,0.054853205062678934,0.000346930041347194,0.0003469330183487126,-2.7066904869765124e-11
0.1645596151880368,0.054853205062678934,0.00039556548464233696,0.00029571344071911774,-3.044818704892732e-11
0.27426602531339467,0.054853205062678934,0.0004954350889832958,0.00027160598912305756,-3.758463001544629e-11
0.38397243543875254,0.054853205062678934,0.0006661709337104331,0.0002636712916518882,-4.981259930361345e-11
0.4936788455641104,0.054853205062678934,0.000937231729016676,0.0002631028856291633,-6.912679998728744e-11
0.6033852556894683,0.054853205062678934,0.001346769528530368,0.0002608255067025037,-9.807408921438943e-11
0.7130916658148262,0.054853205062678934,0.0019369459804981413,0.00024618360531276505,-1.3939952306623454e-10
0.8227980759401841,0.054853205062678934,0.0027438343354131635,0.00020715691734235606,-1.9532940759639517e-10
0.9325044860655419,0.054853205062678934,0.003781486212357323,0.00013256984833181031,-2.6648298585146835e-10
1.0422108961908998,0.054853205062678934,0.005022923288171278,0.000016233258536320653,-3.506236620487435e-10
1.1519173063162575,0.054853205062678934,0.0063849199129860906,-0.00013817651377461167,-4.417276817762772e-10
1.2616237164416155,0.054853205062678934,0.007726054921285916,-0.00031392854980480606,-5.299959308230351e-10
1.3713301265669733,0.054853205062678934,0.008865566700010891,-0.0004824637800951012,-6.032663205784994e-10
1.4810365366923313,0.054853205062678934,0.009622770387507295,-0.0006102514598305773,-6.49739205146882e-10
1.590742946817689,0.054853205062678934,0.009865955096073754,-0.0006694629237126892,-6.612143011938687e-10
1.700449356943047,0.054853205062678934,0.009552095642889736,-0.0006478949801832388,-6.355856726342202e-10
1.8101557670684048,0.054853205062678934,0.00874023766212525,-0.0005532551410930226,-5.775091828363887e-10
1.9198621771937627,0.054853205062678934,0.007572556474429205,-0.00040967969364162594,-4.969400663537571e-10
2.0295685873191207,0.054853205062678934,0.00623174533308684,-0.0002484847846918898,-4.0619782754394707e-10
2.1392749974444785,0.054853205062678934,0.004892921983579126,-0.00009786126296555805,-3.16792647236247e-10
2.248981407569836,0.054853205062678934,0.003687722162560565,0.000024076068038730077,-2.371512775652812e-10
2.358687817695194,0.054853205062678934,0.0026895380374777613,0.0001110720984269011,-1.7177243438401546e-10
2.468394227820552,0.054853205062678934,0.0019183086801365598,0.00016635641679855172,-1.2165068225770265e-10
2.57810063794591,0.054853205062678934,0.0013566575223865553,0.00019853245412981667,-8.540042620557714e-11
2.6878070480712677,0.054853205062678934,0.0009683259216159433,0.00021793459249903871,-6.048422179771862e-11
2.7975134581966254,0.054853205062678934,0.0007129236898072807,0.00023460591560766223,-4.4168067098691866e-11
2.9072198683219836,0.054853205062678934,0.0005549728770881014,0.00025807128923377464,-3.4088920976369647e-11
3.0169262784473414,0.054853205062678934,0.0004680024079479837,0.00029861191652506966,-2.8497090158539212e-11
3.126632688572699,0.054853205062678934,0.00043556056471748034,0.00036974850720863136,-2.63021894303557e-11
3.236339098698057,0.054853205062678934,0.00045092750471902536,0.0004918472268481328,-2.7040815387627953e-11
3.346045508823415,0.054853205062678934,0.000516694566074536,0.0006968819128492774,-3.084209596699791e-11
3.455751918948773,0.054853205062678934,0.0006446506976493305,0.0010341440796173323,-3.8420524249051236e-11
-3.455751918948773,0.1645596151880368,0.0008762207717199283,0.00024774396079791473,-4.510212776170919e-11
-3.346045508823415,0.1645596151880368,0.0007068521831634392,0.00028397123495750137,-3.5429068316258916e-11
-3.236339098698057,0.1645596151880368,0.0006204596539196561,0.0003415744541882512,-3.034371435757868e-11
-3.126632688572699,0.1645596151880368,0.0006014257650184342,0.0004374234867486493,-2.8825749404624845e-11
-3.0169262784473414,0.1645596151880368,0.0006456640794657392,0.0005972592672279936,-3.054278807949548e-11
-2.9072198683219836,0.1645596151880368,0.0007603439385736873,0.0008611442572602552,-3.5818842141453755e-11
-2.7975134581966254,0.1645596151880368,0.0009636555916113409,0.0012897469597726837,-4.563467474998778e-11
-2.6878070480712677,0.1645596151880368,0.0012839916497490913,0.0019698366806406046,-6.163117780878802e-11
-2.57810063794591,0.1645596151880368,0.0017571556302541096,0.0030154710773481223,-8.604009063377382e-11
-2.468394227820552,0.1645596151880368,0.002419792403263147,0.0045592697959741125,-1.2142803169218341e-10
-2.358687817695194,0.1645596151880368,0.003297661820344918,0.006727423652524079,-1.7013556709299937e-10
-2.248981407569836,0.1645596151880368,0.004389205787104974,0.00959508659396604,-2.333631786075041e-10
-2.1392749974444785,0.1645596151880368,0.005648156158060913,0.013127418905963688,-3.100266892167025e-10
-2.0295685873191207,0.1645596151880368,0.006972549202217317,0.01712455691846479,-3.9574314832091506e-10
-1.9198621771937627,0.1645596151880368,0.00820894671175806,0.02119973544547466,-4.824910731365817e-10
-1.8101557670684048,0.1645596151880368,0.009177282116656228,0.02481863970225531,-5.594401938230353e-10
-1.700449356943047,0.1645596151880368,0.009713197142173528,0.027408028447334497,-6.150661785442324e-10
-1.590742946817689,0.1645596151880368,0.009714639846459549,0.028507646739435122,-6.400539976497699e-10
-1.4810365366923313,0.1645596151880368,0.009174182561038906,0.027909711041428933,-6.299734275905244e-10
-1.3713301265669733,0.1645596151880368,0.008182645418204616,0.02572609894636861,-5.866341180188472e-10
-1.2616237164416155,0.1645596151880368,0.006902006582440719,0.022352382177053425,-5.175295001574876e-10
-1.1519173063162575,0.1645596151880368,0.005519292147945413,0.01834518325260158,-4.336115026065679e-10
-1.0422108961908998,0.1645596151880368,0.004200229846571519,0.01426688394174579,-3.463375142231939e-10
-0.9325044860655419,0.1645596151880368,0.003058616985302745,0.0105584676460714,-2.651138223883076e-10
-0.8227980759401841,0.1645596151880368,0.0021476926020024922,0.00747768940590903,-1.9589465986846744e-10
-0.7130916658148262,0.1645596151880368,0.0014697530032966085,0.005104487423991253,-1.4107142233890646e-10
-0.6033852556894683,0.1645596151880368,0.0009948371166216138,0.0033896134787457974,-1.0027451590420566e-10
-0.4936788455641104,0.1645596151880368,0.0006795563827206862,0.0022155512817371814,-7.152329011168856e-11
-0.38397243543875254,0.1645596151880368,0.0004808155210638124,0.0014471138861339222,-5.226690705673748e-11
-0.27426602531339467,0.1645596151880368,0.00036323720240305637,0.0009626021633624092,-4.00967119749962e-11
-0.1645596151880368,0.1645596151880368,0.0003016912200276248,0.0006669128442619461,-3.31197296692988e-11
-0.054853205062678934,0.1645596151880368,0.00028114289626423835,0.0004926716828235172,-3.009405582805186e-11
0.054853205062678934,0.1645596151880368,0.00029570997940161044,0.0003955687749130307,-3.04479945488316e-11
0.1645596151880368,0.1645596151880368,0.00034809781991214253,0.0003481015968404606,-3.427597338985858e-11
0.27426602531339467,0.1645596151880368,0.00044989023044771055,0.0003337924794847778,-4.2358501472009036e-11
0.38397243543875254,0.1645596151880368,0.0006225728225563763,0.00034247621666605855,-5.620474317078253e-11
0.4936788455641104,0.1645596151880368,0.0008985361913898939,0.00036655480441881135,-7.806450082713245e-11
0.6033852556894683,0.1645596151880368,0.0013205623829057292,0.0003980155560596854,-1.1080312101868772e-10
0.7130916658148262,0.1645596151880368,0.0019376031294573084,0.0004262943323079765,-1.5749470304304847e-10
0.8227980759401841,0.1645596151880368,0.0027945678726116517,0.00043750467209001723,-2.206062719653512e-10
0.9325044860655419,0.1645596151880368,0.0039151936299195635,0.00041581629120975255,-3.007692701666176e-10
1.0422108961908998,0.1645596151880368,0.005280423056828423,0.0003474432549963359,-3.953823145622093e-10
1.1519173063162575,0.1645596151880368,0.006809399618320676,0.0002265578109229044,-4.975865457515494e-10
1.2616237164416155,0.1645596151880368,0.008353694850057814,0.00006082794012978853,-5.963131134711919e-10
1.3713301265669733,0.1645596151880368,0.009714193841218834,-0.00012673367134627541,-6.779041928500762e-10
1.4810365366923313,0.1645596151880368,0.010682220932846835,-0.00030208276285864427,-7.291909758302961e-10
1.590742946817689,0.1645596151880368,0.011094344101169256,-0.000430168526270063,-7.411154875555659e-10
1.700449356943047,0.1645596151880368,0.010880595775329087,-0.0004867197707082013,-7.114883933748151e-10
1.8101557670684048,0.1645596151880368,0.010085678864369592,-0.00046624702371993133,-6.456816453032088e-10
1.9198621771937627,0.1645596151880368,0.008853839833207802,-0.00038247726250967935,-5.549424652445678e-10
2.0295685873191207,0.1645596151880368,0.007384585069118807,-0.00026153452608886204,-4.530867131133376e-10
2.1392749974444785,0.1645596151880368,0.005878547095912529,-0.0001318149926740034,-3.5295800613829864e-10
2.248981407569836,0.1645596151880368,0.004494051575044992,-0.000015403639382648377,-2.63914216869221e-10
2.358687817695194,0.1645596151880368,0.0033262802518423907,0.00007601600062481242,-1.9091454220472592e-10
2.468394227820552,0.1645596151880368,0.0024090520629244756,0.0001407003221191648,-1.350138015710628e-10
2.57810063794591,0.1645596151880368,0.0017309855733668707,0.00018374864877533192,-9.46254373685243e-11
2.6878070480712677,0.1645596151880368,0.001255894031623803,0.0002136399856759069,-6.689225822559264e-11
2.7975134581966254,0.1645596151880368,0.0009401235026775305,0.0002399144067071899,-4.874901632541395e-11
2.9072198683219836,0.1645596151880368,0.0007438775352521753,0.0002725397273616934,-3.755204350600061e-11
3.0169262784473414,0.1645596151880368,0.0006368960884268508,0.00032290315929245567,-3.1346807094490003e-11
3.126632688572699,0.1645596151880368,0.0006003762860720587,0.00040623065375310546,-2.8916989137407756e-11
3.236339098698057,0.1645596151880368,0.0006271173615991799,0.000545355635841807,-2.97470068326075e-11
3.346045508823415,0.1645596151880368,0.0007212395541345664,0.0007758295324660036,-3.398302494440897e-11
3.455751918948773,0.1645596151880368,0.0008979644310886329,0.0011520769771579957,-4.242548977059779e-11
-3.455751918948773,0.27426602531339467,0.0012467361614977542,0.0002965128897173216,-5.479490559207045e-11
-3.346045508823415,0.27426602531339467,0.0010166909835566539,0.00034125544318252513,-4.2925931689405394e-11
-3.236339098698057,0.27426602531339467,0.0009004007188985787,0.00041254104323850175,-3.669510626348044e-11
-3.126632688572699,0.27426602531339467,0.0008782562104737264,0.000530084520684938,-3.484724390555999e-11
-3.0169262784473414,0.27426602531339467,0.0009456921100371871,0.0007244166496990436,-3.6976228611103334e-11
-2.9072198683219836,0.27426602531339467,0.0011129806453340017,0.0010431102461010955,-4.34861876326062e-11
-2.7975134581966254,0.27426602531339467,0.0014047201708915244,0.0015579602912704923,-5.559258695747582e-11
-2.6878070480712677,0.27426602531339467,0.001858133785654252,0.002371128948702599,-7.532690421939436e-11
-2.57810063794591,0.27426602531339467,0.00251832330295909,0.0036160795436465856,-1.0545094788691478e-10
-2.468394227820552,0.27426602531339467,0.00342825030249276,0.0054467745761636295,-1.4913996426724196e-10
-2.358687817695194,0.27426602531339467,0.004612112226457717,0.008007911727785241,-2.0929022924442986e-10
-2.248981407569836,0.27426602531339467,0.006053572197332904,0.01138266551617421,-2.8739390815074595e-10
-2.1392749974444785,0.27426602531339467,0.007674774734392053,0.015524534007265845,-3.82133160184428e-10
-2.0295685873191207,0.27426602531339467,0.009326350582498812,0.02019481202664996,-4.881355302605028e-10
-1.9198621771937627,0.27426602531339467,0.010799251919622202,0.024939358189400945,-5.955520139544479e-10
-1.8101557670684048,0.27426602531339467,0.011863259559231024,0.029136296240734945,-6.9106263420049e-10
-1.700449356943047,0.27426602531339467,0.01232493071939975,0.03212279275959974,-7.604533808214242e-10
-1.590742946817689,0.27426602531339467,0.012085352732039433,0.03337018297468832,-7.921702217805748e-10
-1.4810365366923313,0.27426602531339467,0.011173648282915845,0.03264339832799995,-7.806163458690119e-10
-1.3713301265669733,0.27426602531339467,0.009740537430253807,0.030076679162033472,-7.278568615876058e-10
-1.2616237164416155,0.27426602531339467,0.008013972334100986,0.02613098355858543,-6.429899859078381e-10
-1.1519173063162575,0.27426602531339467,0.0062357513770215965,0.021452338966161572,-5.394554247750705e-10
-1.0422108961908998,0.27426602531339467,0.004604340426152185,0.016692952792305638,-4.3141357326803575e-10
-0.9325044860655419,0.27426602531339467,0.0032424310932342966,0.012364593636452396,-3.305743179193854e-10
-0.8227980759401841,0.27426602531339467,0.0021937955078696067,0.008766989942751996,-2.44424891784889e-10
-0.7130916658148262,0.27426602531339467,0.001441561539496864,0.005993723375082941,-1.7604597944351208e-10
-0.6033852556894683,0.27426602531339467,0.0009348069364251647,0.003988222911519614,-1.2507050473412051e-10
-0.4936788455641104,0.27426602531339467,0.0006124093870958295,0.0026142624637454813,-8.909498724722631e-11
-0.38397243543875254,0.27426602531339467,0.00041869601731861516,0.0017147445803607007,-6.49740809115576e-11
-0.27426602531339467,0.27426602531339467,0.00031065144984972605,0.0011480666130921876,-4.971664377927121e-11
-0.1645596151880368,0.27426602531339467,0.00025926920101744045,0.0008035635235124167,-4.09620314555624e-11
-0.054853205062678934,0.27426602531339467,0.0002481383251486752,0.0006030232325504334,-3.715704496474667e-11
0.054853205062678934,0.27426602531339467,0.0002716014916289564,0.0004954390910969305,-3.758422728854932e-11
0.1645596151880368,0.27426602531339467,0.0003337876160652594,0.0004498947720098429,-4.2358261971749134e-11
0.27426602531339467,0.27426602531339467,0.00044897520585382905,0.0004489810010186831,-5.2450641269477516e-11
0.38397243543875254,0.27426602531339467,0.0006430777736363427,0.0004833921804823291,-6.974083311718504e-11
0.4936788455641104,0.27426602531339467,0.0009553445200151973,0.0005474741162335385,-9.702691807552538e-11
0.6033852556894683,0.27426602531339467,0.001438484213974711,0.000635319293106594,-1.378620778733769e-10
0.7130916658148262,0.27426602531339467,0.0021545080299948394,0.0007373447873797814,-1.960377693510651e-10
0.8227980759401841,0.27426602531339467,0.0031633017828037024,0.0008379370070798194,-2.745598308168812e-10
0.9325044860655419,0.27426602531339467,0.004502332874774912,0.0009153525810649704,-3.741212522070936e-10
1.0422108961908998,0.27426602531339467,0.006159785892784283,0.000945072303170354,-4.913832622049918e-10
1.1519173063162575,0.27426602531339467,0.008049227841136607,0.0009067197281275811,-6.177390448128262e-10
1.2616237164416155,0.27426602531339467,0.009998784807274584,0.0007925859724318301,-7.394189427412101e-10
1.3713301265669733,0.27426602531339467,0.011767383086147635,0.0006138484909075622,-8.395388889290145e-10
1.4810365366923313,0.27426602531339467,0.013091924266524047,0.0004004139382589641,-9.019240050991972e-10
1.590742946817689,0.27426602531339467,0.01375443166058395,0.0001928902900213041,-9.155632666943414e-10
1.700449356943047,0.27426602531339467,0.013645098459365991,0.000029454375357281654,-8.779588471161115e-10
1.8101557670684048,0.27426602531339467,0.012794986521748458,-0.0000664246437812304,-7.959120151140864e-10
1.9198621771937627,0.27426602531339467,0.011364223653197822,-0.00009173022057513275,-6.833917693890856e-10
2.0295685873191207,0.27426602531339467,0.009591716950056069,-0.00006114779196525824,-5.574441941033625e-10
2.1392749974444785,0.27426602531339467,0.007728721771249389,1.6071275814048998e-6,-4.338510050348743e-10
2.248981407569836,0.27426602531339467,0.0059821176216156915,0.00007343083440291328,-3.24071291069733e-10
2.358687817695194,0.27426602531339467,0.004483962716589179,0.0001383210636666109,-2.3414918701863963e-10
2.468394227820552,0.27426602531339467,0.003289439907097729,0.0001893250933202484,-1.6533738701057787e-10
2.57810063794591,0.27426602531339467,0.002394308783391726,0.0002270628662207454,-1.1565287377952871e-10
2.6878070480712677,0.27426602531339467,0.001759518520672192,0.0002569673403778034,-8.155956519959734e-11
2.7975134581966254,0.27426602531339467,0.0013333967425492668,0.0002870433698686556,-5.927227307057914e-11
2.9072198683219836,0.27426602531339467,0.0010669648025179647,0.0003270715966048483,-4.5529697850418827e-11
3.0169262784473414,0.27426602531339467,0.0009222284463619535,0.00038949334000227127,-3.792285691202324e-11
3.126632688572699,0.27426602531339467,0.0008754914664056046,0.00049194910363198,-3.4954606592009496e-11
3.236339098698057,0.27426602531339467,0.0009180964509866313,0.000661464837918803,-3.5992727895339804e-11
3.346045508823415,0.27426602531339467,0.0010563001470260906,0.0009402720783356017,-4.1221781630490506e-11
3.455751918948773,0.27426602531339467,0.0013108854773708461,0.0013928515647218718,-5.1634390122942686e-11
-3.455751918948773,0.38397243543875254,0.001856872328782961,0.0004036336553395688,-7.168136288530913e-11
-3.346045508823415,0.38397243543875254,0.0015251729157844266,0.000454124924461647,-5.60001070038299e-11
-3.236339098698057,0.38397243543875254,0.0013577012323506422,0.0005422651827735297,-4.777893846622666e-11
-3.126632688572699,0.38397243543875254,0.0013279841677709089,0.000691491950396959,-4.5360304705074905e-11
-3.0169262784473414,0.38397243543875254,0.0014302909415498698,0.0009394577646963526,-4.8212448573378697e-11
-2.9072198683219836,0.38397243543875254,0.0016795126875963403,0.0013454452740512296,-5.687869142692592e-11
-2.7975134581966254,0.38397243543875254,0.002110212638355269,0.001998920333600806,-7.297901107213012e-11
-2.6878070480712677,0.38397243543875254,0.0027735790918389544,0.0030266667583749907,-9.921508796820189e-11
-2.57810063794591,0.38397243543875254,0.0037297155360057864,0.004593277885255947,-1.3925351323440527e-10
-2.468394227820552,0.38397243543875254,0.005032369996945168,0.006887007085418071,-1.9730135147194572e-10
-2.358687817695194,0.38397243543875254,0.006704793556142583,0.010082348446607587,-2.771857014749468e-10
-2.248981407569836,0.38397243543875254,0.008709658477015048,0.014275539138270055,-3.808669213345439e-10
-2.1392749974444785,0.38397243543875254,0.01092222795489442,0.019401726355039187,-5.065906548418209e-10
-2.0295685873191207,0.38397243543875254,0.013121253023668941,0.025160485776689938,-6.472602141760486e-10
-1.9198621771937627,0.38397243543875254,0.01501158364188509,0.030990356222533922,-7.898910484027688e-10
-1.8101557670684048,0.38397243543875254,0.016282697177370214,0.036129599778557266,-9.169285331012134e-10
-1.700449356943047,0.38397243543875254,0.016690166815638938,0.03977149643751754,-1.0096139202442345e-9
-1.590742946817689,0.38397243543875254,0.01613122805748617,0.04127612624767252,-1.0526303995117559e-9
-1.4810365366923313,0.38397243543875254,0.01468214210258174,0.04036170408185263,-1.038435424455253e-9
-1.3713301265669733,0.38397243543875254,0.012579097080211057,0.037194665058015,-9.695419814215178e-10
-1.2616237164416155,0.38397243543875254,0.010149598445907387,0.03233771833655791,-8.577656293584646e-10
-1.1519173063162575,0.38397243543875254,0.007723165057470216,0.026578905304437742,-7.207537414122278e-10
-1.0422108961908998,0.38397243543875254,0.005556168128134883,0.02071532863030114,-5.772481156268716e-10
-0.9325044860655419,0.38397243543875254,0.0037940617522979553,0.015374871935937392,-4.428775002979224e-10
-0.8227980759401841,0.38397243543875254,0.002474141998119253,0.010927897365315478,-3.2775096872605936e-10
-0.7130916658148262,0.38397243543875254,0.001555577683590465,0.007492867657296204,-2.3614043880015867e-10
-0.6033852556894683,0.38397243543875254,0.0009578236754602734,0.005003512420168498,-1.676982298685903e-10
-0.4936788455641104,0.38397243543875254,0.000592742364002062,0.003294557383519205,-1.193095921538101e-10
-0.38397243543875254,0.38397243543875254,0.00038413851669478636,0.002173860837678123,-8.681942881630378e-11
-0.27426602531339467,0.38397243543875254,0.000275501097084353,0.001467485303259915,-6.624342057965499e-11
-0.1645596151880368,0.38397243543875254,0.0002301557859619097,0.001039201924269498,-5.442147080203519e-11
-0.054853205062678934,0.38397243543875254,0.00022824940445078854,0.0007928315798401789,-4.926703017988157e-11
0.054853205062678934,0.38397243543875254,0.0002636649811684919,0.0006661761794727482,-4.98119251467026e-11
0.1645596151880368,0.38397243543875254,0.0003424694262532802,0.0006225787217995121,-5.6204175536735124e-11
0.27426602531339467,0.38397243543875254,0.0004833841364924687,0.0006430852400370513,-6.974046329582401e-11
0.38397243543875254,0.38397243543875254,0.0007199600867631677,0.0007199703860036497,-9.293129091779428e-11
0.4936788455641104,0.38397243543875254,0.0011032888697839658,0.0008512092012026481,-1.295079998103743e-10
0.6033852556894683,0.38397243543875254,0.0017029419870812552,0.001035160060220868,-1.8419243192312196e-10
0.7130916658148262,0.38397243543875254,0.0026025703748890497,0.0012651141391718222,-2.6199177506278093e-10
0.8227980759401841,0.38397243543875254,0.0038860409370513487,0.0015243170683940355,-3.668204724346924e-10
0.9325044860655419,0.38397243543875254,0.0056115408176375375,0.0017832076690383076,-4.994660878464285e-10
1.0422108961908998,0.38397243543875254,0.007775947011365093,0.0020011957958700286,-6.553266635941912e-10
1.1519173063162575,0.38397243543875254,0.01027943971676925,0.0021344279346892543,-8.228201496887633e-10
1.2616237164416155,0.38397243543875254,0.012907333137929546,0.0021483708446685514,-9.835931904025874e-10
1.3713301265669733,0.38397243543875254,0.015346593902342174,0.002030725758550885,-1.1152964203217652e-9
1.4810365366923313,0.38397243543875254,0.017244118857925508,0.0017984149833375918,-1.1966671369101345e-9
1.590742946817689,0.38397243543875254,0.01829452638499776,0.0014941258559790253,-1.2133835550903749e-9
1.700449356943047,0.38397243543875254,0.018326863490315908,0.0011729172596813327,-1.1624066952042877e-9
1.8101557670684048,0.38397243543875254,0.017354732577916504,0.0008847697382651128,-1.0529249763746584e-9
1.9198621771937627,0.38397243543875254,0.01556846667958244,0.0006610329360656449,-9.034829811377376e-10
2.0295685873191207,0.38397243543875254,0.013274117232622555,0.000510067170071034,-7.365818848956152e-10
2.1392749974444785,0.38397243543875254,0.010806775132856172,0.00042201978412264316,-5.729927383263389e-10
2.248981407569836,0.38397243543875254,0.008452528220090048,0.00037834925335048083,-4.277711908654003e-10
2.358687817695194,0.38397243543875254,0.0064028899905619295,0.0003608083412345209,-3.088460728481457e-10
2.468394227820552,0.38397243543875254,0.0047469486772448695,0.00035670791912758757,-2.1784629265428346e-10
2.57810063794591,0.38397243543875254,0.0034911998405461903,0.0003602168846292325,-1.5214354580871114e-10
2.6878070480712677,0.38397243543875254,0.002591158462084312,0.00037131401801371734,-1.0706274885738387e-10
2.7975134581966254,0.38397243543875254,0.0019814791434314962,0.00039432251341809787,-7.75990168389723e-11
2.9072198683219836,0.38397243543875254,0.001597747023945472,0.0004373615163217489,-5.943905339710759e-11
3.0169262784473414,0.38397243543875254,0.0013889745830360594,0.0005133603707264882,-4.939697956229949e-11
3.126632688572699,0.38397243543875254,0.0013231324617734772,0.0006429106206336058,-4.549458368623832e-11
3.236339098698057,0.38397243543875254,0.0013888151643331377,0.0008591301031229324,-4.690023402195015e-11
3.346045508823415,0.38397243543875254,0.0015953388912352657,0.0012145736835815766,-5.386585405151023e-11
3.455751918948773,0.38397243543875254,0.0019720776275890138,0.0017896381826730662,-6.77157752614066e-11
-3.455751918948773,0.4936788455641104,0.0028253346119170575,0.000600407135773826,-9.836783124161919e-11
-3.346045508823415,0.4936788455641104,0.0023320124964245734,0.0006487391337365315,-7.668154609549727e-11
-3.236339098698057,0.4936788455641104,0.0020820418659927543,0.0007550251867922751,-6.532435334848097e-11
-3.126632688572699,0.4936788455641104,0.002038129908102535,0.0009469093255365793,-6.201350197243549e-11
-3.0169262784473414,0.4936788455641104,0.0021924351079871313,0.0012716388486554175,-6.602356899046424e-11
-2.9072198683219836,0.4936788455641104,0.0025665814176055505,0.0018050869345427943,-7.811823518784344e-11
-2.7975134581966254,0.4936788455641104,0.0032100091833562805,0.0026621634342753817,-1.0055174054501848e-10
-2.6878070480712677,0.4936788455641104,0.004194843715951912,0.004005242528272137,-1.370719128479525e-10
-2.57810063794591,0.4936788455641104,0.005603674781254982,0.006043861464069928,-1.9275099398530227e-10
-2.468394227820552,0.4936788455641104,0.0075063739141673965,0.00901557161819555,-2.733888575592869e-10
-2.358687817695194,0.4936788455641104,0.009924709963327803,0.013137339110113597,-3.8423379929153345e-10
-2.248981407569836,0.4936788455641104,0.01278993015277009,0.018523400637940543,-5.279330844015773e-10
-2.1392749974444785,0.4936788455641104,0.01590734752202102,0.02508152821207605,-7.020063887835937e-10
-2.0295685873191207,0.4936788455641104,0.01894863804957458,0.03242181792639429,-8.966422777867411e-10
-1.9198621771937627,0.4936788455641104,0.021490278670139536,0.039828468668143296,-1.0939836189716168e-9
-1.8101557670684048,0.4936788455641104,0.023101250235735372,0.0463393255596894,-1.2699427308360267e-9
-1.700449356943047,0.4936788455641104,0.02345873654179722,0.05094147303774578,-1.3987791758207635e-9
-1.590742946817689,0.4936788455641104,0.022449929255080395,0.052834595316189455,-1.4594019881464249e-9
-1.4810365366923313,0.4936788455641104,0.020215952720930113,0.051667437450995155,-1.4412656797191392e-9
-1.3713301265669733,0.4936788455641104,0.017115746371423997,0.047648917993641036,-1.3475294595444165e-9
-1.2616237164416155,0.4936788455641104,0.013623299546859653,0.04148421626151333,-1.1941339479737412e-9
-1.1519173063162575,0.4936788455641104,0.010200672805761517,0.034163491073968606,-1.005170991580373e-9
-1.0422108961908998,0.4936788455641104,0.0071954224143927934,0.026692866287595225,-8.064543026431448e-10
-0.9325044860655419,0.4936788455641104,0.004793131703220019,0.01987032857732448,-6.197164760524121e-10
-0.8227980759401841,0.4936788455641104,0.0030270548056473743,0.01417212669228068,-4.591986374480328e-10
-0.7130916658148262,0.4936788455641104,0.0018244366586604825,0.009756536514241501,-3.310940350012559e-10
-0.6033852556894683,0.4936788455641104,0.0010622585690672117,0.0065461310184633135,-2.351419514830255e-10
-0.4936788455641104,0.4936788455641104,0.0006121066799691566,0.004335176772879655,-1.6715571721920286e-10
-0.38397243543875254,0.4936788455641104,0.00036619143704150756,0.002881271343457431,-1.2142294179666446e-10
-0.27426602531339467,0.4936788455641104,0.00024651958692545437,0.0019634377001391977,-9.241379493249435e-11
-0.1645596151880368,0.4936788455641104,0.00020368771427208612,0.001407929619462906,-7.571749911089443e-11
-0.054853205062678934,0.4936788455641104,0.00021169752959464023,0.0010920796132095887,-6.840957010936788e-11
0.054853205062678934,0.4936788455641104,0.0002630936428773843,0.0009372389534452445,-6.912576885681129e-11
0.1645596151880368,0.4936788455641104,0.0003665448759821851,0.0008985442643691656,-7.806345988462665e-11
0.27426602531339467,0.4936788455641104,0.0005474623916818191,0.0009553546684160714,-9.702599075740725e-11
0.38397243543875254,0.4936788455641104,0.0008511942538396736,0.0011033027827158472,-1.29507384308801e-10
0.4936788455641104,0.4936788455641104,0.0013472303920493128,0.0013472504816929639,-1.8069010805817076e-10
0.6033852556894683,0.4936788455641104,0.0021313086726481877,0.0016938731758687866,-2.571057587750364e-10
0.7130916658148262,0.4936788455641104,0.0033205140272423604,0.002143024268252668,-3.6563157449626127e-10
0.8227980759401841,0.4936788455641104,0.005035505782478509,0.0026784166266448,-5.115574669596612e-10
0.9325044860655419,0.4936788455641104,0.007365845400048843,0.003260144579967839,-6.957650644859315e-10
1.0422108961908998,0.4936788455641104,0.010320823228472912,0.0038231364930285186,-9.116314005769288e-10
1.1519173063162575,0.4936788455641104,0.01377876780708771,0.0042852696091092825,-1.1429112335356595e-9
1.2616237164416155,0.4936788455641104,0.0174579865836359,0.004565600595872023,-1.3641358407451287e-9
1.3713301265669733,0.4936788455641104,0.020934212579076406,0.004607797090516796,-1.5445335080355171e-9
1.4810365366923313,0.4936788455641104,0.023716225224982512,0.004399407174328122,-1.6550535473364159e-9
1.590742946817689,0.4936788455641104,0.025365156242455056,0.003977631771554861,-1.6763475590292343e-9
1.700449356943047,0.4936788455641104,0.025616911539642965,0.0034179533191673987,-1.6045972016376364e-9
1.8101557670684048,0.4936788455641104,0.024458435131153526,0.002810433864519784,-1.4526765103328731e-9
1.9198621771937627,0.4936788455641104,0.022125830267051557,0.0022343864953494807,-1.2461471091129717e-9
2.0295685873191207,0.4936788455641104,0.019027298540906953,0.0017417156395052816,-1.0158745025745652e-9
2.1392749974444785,0.4936788455641104,0.015626044381527055,0.0013533315883021953,-7.903009947851647e-10
2.248981407569836,0.4936788455641104,0.012329943721570851,0.0010661069107693474,-5.900431974611986e-10
2.358687817695194,0.4936788455641104,0.009422718088989392,0.0008641312719583384,-4.259777339893356e-10
2.468394227820552,0.4936788455641104,0.007046796265737763,0.000728650125214282,-3.003603758940099e-10
2.57810063794591,0.4936788455641104,0.0052263566211218065,0.0006441298934526684,-2.0960352594204257e-10
2.6878070480712677,0.4936788455641104,0.003909408269766724,0.0006007685121652625,-1.4729454591785873e-10
2.7975134581966254,0.4936788455641104,0.0030100267721055855,0.0005951305521436388,-1.065521826586896e-10
2.9072198683219836,0.4936788455641104,0.0024401664135872947,0.0006306183805767917,-8.143664410355245e-11
3.0169262784473414,0.4936788455641104,0.0021287393934967883,0.0007190045040383879,-6.755690364762534e-11
3.126632688572699,0.4936788455641104,0.0020306584503082523,0.0008838274485812387,-6.218723994956543e-11
3.236339098698057,0.4936788455641104,0.0021299863149643918,0.0011661915337404152,-6.418712588350528e-11
3.346045508823415,0.4936788455641104,0.0024403898090738525,0.0016331509367733595,-7.391656535980784e-11
3.455751918948773,0.4936788455641104,0.003004031089150122,0.002387958481882646,-9.322073451709101e-11
-3.455751918948773,0.6033852556894683,0.004303928827347311,0.0009339821262031411,-1.38151232207534e-10
-3.346045508823415,0.6033852556894683,0.003564839162725842,0.0009626798404073215,-1.0754958425576722e-10
-3.236339098698057,0.6033852556894683,0.0031880536957052718,0.001083715696485162,-9.153656630421503e-11
-3.126632688572699,0.6033852556894683,0.0031201692590231513,0.0013284831106817985,-8.691512028320691e-11
-3.0169262784473414,0.6033852556894683,0.003349922533046464,0.0017560442384363109,-9.267950881568232e-11
-2.9072198683219836,0.6033852556894683,0.003908435022584986,0.002464127104969616,-1.0992319381120108e-10
-2.7975134581966254,0.6033852556894683,0.0048664780222921694,0.0036018220314363277,-1.4183922656188508e-10
-2.6878070480712677,0.6033852556894683,0.006326169635276415,0.005379501255852641,-1.937165055101997e-10
-2.57810063794591,0.6033852556894683,0.008402035543241057,0.008067147960827125,-2.726873067626645e-10
-2.468394227820552,0.6033852556894683,0.01118623160511357,0.011968137000459164,-3.868692050740252e-10
-2.358687817695194,0.6033852556894683,0.014696926687995424,0.01735532433071061,-5.435521147761913e-10
-2.248981407569836,0.6033852556894683,0.018818394571058536,0.02436520206421493,-7.463244640348865e-10
-2.1392749974444785,0.6033852556894683,0.023253875325990297,0.0328666235474388,-9.915683552019772e-10
-2.0295685873191207,0.6033852556894683,0.02752060855747057,0.042348154906845965,-1.2654461610528411e-9
-1.9198621771937627,0.6033852556894683,0.031011306123253393,0.05188715092358557,-1.5429763508545413e-9
-1.8101557670684048,0.6033852556894683,0.033123156688924044,0.06025463480621329,-1.7905928753614297e-9
-1.700449356943047,0.6033852556894683,0.033421306963104885,0.0661637065565958,-1.9724643862684133e-9
-1.590742946817689,0.6033852556894683,0.031777078679494544,0.06859991924156555,-2.0591495106248026e-9
-1.4810365366923313,0.6033852556894683,0.028421238952782677,0.06711656257847687,-2.0357079910660048e-9
-1.3713301265669733,0.6033852556894683,0.02388490192443686,0.06197411491358809,-1.9061250633445326e-9
-1.2616237164416155,0.6033852556894683,0.018849896108680313,0.05406247450377631,-1.6921900304611714e-9
-1.1519173063162575,0.6033852556894683,0.01396918742156309,0.04463858293891719,-1.4272610558696552e-9
-1.0422108961908998,0.6033852556894683,0.009724856081666775,0.034988684664869395,-1.1474372216269124e-9
-0.9325044860655419,0.6033852556894683,0.006365236533159453,0.026142727579408064,-8.834372035998461e-10
-0.8227980759401841,0.6033852556894683,0.003922593120036937,0.018725052186922723,-6.556802514129378e-10
-0.7130916658148262,0.6033852556894683,0.002281553077162564,0.012953377654033496,-4.733178016191886e-10
-0.6033852556894683,0.6033852556894683,0.001259409131837095,0.008739701570058057,-3.3633014168837905e-10
-0.4936788455641104,0.6033852556894683,0.0006696863222354038,0.005826248192328167,-2.390245674999125e-10
-0.38397243543875254,0.6033852556894683,0.0003581423676727272,0.0039036350748880883,-1.7342772443834642e-10
-0.27426602531339467,0.6033852556894683,0.00021458514698109667,0.002687179589289733,-1.3173842854270756e-10
-0.1645596151880368,0.6033852556894683,0.00017008609893354198,0.0019518670485125286,-1.0769470601759701e-10
-0.054853205062678934,0.6033852556894683,0.0001888453259999765,0.0015387301087627853,-9.71253204815406e-11
0.054853205062678934,0.6033852556894683,0.00026081176195423463,0.0013467797284528258,-9.807258141442815e-11
0.1645596151880368,0.6033852556894683,0.00039800078715931107,0.0013205737355337145,-1.1080142348334626e-10
0.27426602531339467,0.6033852556894683,0.0006353018741718994,0.001438498408654935,-1.3786032395952247e-10
0.38397243543875254,0.6033852556894683,0.0010351379149743539,0.0017029613354823565,-1.841908520237162e-10
0.4936788455641104,0.6033852556894683,0.0016938435318885408,0.0021313364588880744,-2.571047016779182e-10
0.6033852556894683,0.6033852556894683,0.0027454828971816784,0.0027455236993296625,-3.657744448038597e-10
0.7130916658148262,0.6033852556894683,0.0043562274059393315,0.0035584132010030587,-5.197801373341138e-10
0.8227980759401841,0.6033852556894683,0.006700860469679713,0.004557552059061377,-7.263523662745519e-10
0.9325044860655419,0.6033852556894683,0.009915242913497817,0.0056896299704971166,-9.863983544897148e-10
1.0422108961908998,0.6033852556894683,0.014027323651048048,0.006852639784844751,-1.2902068215886464e-9
1.1519173063162575,0.6033852556894683,0.018884138327025984,0.007903254611099142,-1.6146087088858563e-9
1.2616237164416155,0.6033852556894683,0.024106967576074254,0.00868290590462481,-1.923715587867636e-9
1.3713301265669733,0.6033852556894683,0.02911017755655586,0.009057578839233601,-2.1745549440982392e-9
1.4810365366923313,0.6033852556894683,0.03320185005111981,0.008957527720915268,-2.3269095192346434e-9
1.590742946817689,0.6033852556894683,0.03574834139550775,0.008399979273109386,-2.3543213489851667e-9
1.700449356943047,0.6033852556894683,0.03634799353924586,0.007483999987708937,-2.251981687934057e-9
1.8101557670684048,0.6033852556894683,0.03494529174625308,0.006359536120290811,-2.0381467000230025e-9
1.9198621771937627,0.6033852556894683,0.03183846352282482,0.0051845503676523404,-1.7484953207524967e-9
2.0295685873191207,0.6033852556894683,0.02758060923467246,0.004087937534314577,-1.4259298655033836e-9
2.1392749974444785,0.6033852556894683,0.022819771088841777,0.00315011720281103,-1.1099575772388626e-9
2.248981407569836,0.6033852556894683,0.01814211156277774,0.002402857230794549,-8.292645875540572e-10
2.358687817695194,0.6033852556894683,0.013968624800138284,0.0018417860433710739,-5.990592761434543e-10
2.468394227820552,0.6033852556894683,0.010523226653320752,0.0014427727840761752,-4.2258025377550634e-10
2.57810063794591,0.6033852556894683,0.007859287556909327,0.0011758582441018226,-2.949088681591938e-10
2.6878070480712677,0.6033852556894683,0.005916296050230204,0.001014426613726818,-2.0714596357662707e-10
2.7975134581966254,0.6033852556894683,0.004579639224942141,0.0009402744318169499,-1.4969786434754218e-10
2.9072198683219836,0.6033852556894683,0.0037272608028246913,0.0009464923529311136,-1.142595185132933e-10
3.0169262784473414,0.6033852556894683,0.0032586830629498477,0.0010401813968675976,-9.468047049501771e-11
3.126632688572699,0.6033852556894683,0.0031094691967515613,0.001246685878042532,-8.714172374142681e-11
3.236339098698057,0.6033852556894683,0.0032567244724533025,0.0016165558360578193,-9.005283151120036e-11
3.346045508823415,0.6033852556894683,0.0037201359194256973,0.002235735768665387,-1.0393809684455801e-10
3.455751918948773,0.6033852556894683,0.004560173308614378,0.003238086828665749,-1.3141490369864006e-10
-3.455751918948773,0.7130916658148262,0.006460865036291773,0.0014664286958454235,-1.9448856544354576e-10
-3.346045508823415,0.7130916658148262,0.005365414504776318,0.001442859089331824,-1.513292689943324e-10
-3.236339098698057,0.7130916658148262,0.0048029614373560695,0.0015664907068342368,-1.2875992026067928e-10
-3.126632688572699,0.7130916658148262,0.0046973410190200866,0.0018702765175109067,-1.2231691224121044e-10
-3.0169262784473414,0.7130916658148262,0.005032125732513888,0.002426329198691155,-1.3061124534349822e-10
-2.9072198683219836,0.7130916658148262,0.005851266067716236,0.0033591066345155735,-1.5520648438335782e-10
-2.7975134581966254,0.7130916658148262,0.007254741880964298,0.004860650167976119,-2.0061677059174388e-10
-2.6878070480712677,0.7130916658148262,0.00938560979283889,0.007201989101343808,-2.742881139231046e-10
-2.57810063794591,0.7130916658148262,0.012401426194343092,0.010729252916100645,-3.8621936898630693e-10
-2.468394227820552,0.7130916658148262,0.016423155904796993,0.015827983474926244,-5.477266296766148e-10
-2.358687817695194,0.7130916658148262,0.021461150336351036,0.02283949870088126,-7.688745022604859e-10
-2.248981407569836,0.7130916658148262,0.0273316898385526,0.031925254583755676,-1.0544573270099278e-9
-2.1392749974444785,0.7130916658148262,0.033594875820941734,0.04290178842045097,-1.3991615990804895e-9
-2.0295685873191207,0.7130916658148262,0.03955479254730432,0.05510271062537854,-1.783483090378457e-9
-1.9198621771937627,0.7130916658148262,0.044353304889578456,0.06734588828828178,-2.1725707691211404e-9
-1.8101557670684048,0.7130916658148262,0.04715497915727411,0.0780703170546231,-2.519836575509693e-9
-1.700449356943047,0.7130916658148262,0.04737399754960475,0.08564895547978854,-2.7756389200939147e-9
-1.590742946817689,0.7130916658148262,0.04486010543549876,0.08880000109273768,-2.8990866790534753e-9
-1.4810365366923313,0.7130916658148262,0.03996402105359334,0.08695349778637869,-2.8691176448547573e-9
-1.3713301265669733,0.7130916658148262,0.0334483553658981,0.08042657297632286,-2.6906541786275717e-9
-1.2616237164416155,0.7130916658148262,0.02627651367570814,0.07033152938783169,-2.3932936327186738e-9
-1.1519173063162575,0.7130916658148262,0.019363199368850025,0.05825380819043409,-2.0229956598782906e-9
-1.0422108961908998,0.7130916658148262,0.013378558756674187,0.045831009306855915,-1.6300422713000362e-9
-0.9325044860655419,0.7130916658148262,0.008662612207338506,0.03439007293745439,-1.2577239319466749e-9
-0.8227980759401841,0.7130916658148262,0.005251687123039987,0.024750487100040682,-9.35259092393892e-10
-0.7130916658148262,0.7130916658148262,0.0029755498700178833,0.017213809169074504,-6.761519382586512e-10
-0.6033852556894683,0.7130916658148262,0.0015709392648885954,0.01168545750221272,-4.80906753655419e-10
-0.4936788455641104,0.7130916658148262,0.000771262153536849,0.00784570896953967,-3.4184281447191545e-10
-0.38397243543875254,0.7130916658148262,0.00035711557066957526,0.0053017424084172956,-2.478751865223061e-10
-0.27426602531339467,0.7130916658148262,0.0001724491734656267,0.003687965933286015,-1.8803020208554844e-10
-0.1645596151880368,0.7130916658148262,0.00012003172365620673,0.0027135976382583363,-1.5343875128803752e-10
-0.054853205062678934,0.7130916658148262,0.0001494266941638137,0.0021730218886042187,-1.381629771528281e-10
0.054853205062678934,0.7130916658148262,0.0002461632826364843,0.0019369604365661556,-1.3939742795395643e-10
0.1645596151880368,0.7130916658148262,0.00042627246309132603,0.0019376191846710307,-1.574921211239949e-10
0.27426602531339467,0.7130916658148262,0.0007373189962769553,0.002154528022119023,-1.9603485891875327e-10
0.38397243543875254,0.7130916658148262,0.001265081407215915,0.002602597484000835,-2.6198878873631704e-10
0.4936788455641104,0.7130916658148262,0.0021429805918372624,0.0033205527451826175,-3.6562890302210826e-10
0.6033852556894683,0.7130916658148262,0.0035583533378704913,0.004356283960428484,-5.197783830949987e-10
0.7130916658148262,0.7130916658148262,0.005745925560752025,0.005746008131755434,-7.377071254213718e-10
0.8227980759401841,0.7130916658148262,0.00895643656010049,0.007487023894850034,-1.0292097512784593e-9
0.9325044860655419,0.7130916658148262,0.013391245929684865,0.009509198855920104,-1.3950305424725862e-9
1.0422108961908998,0.7130916658148262,0.019105801614078946,0.011656268691339663,-1.8209457934570406e-9
1.1519173063162575,0.7130916658148262,0.025905681921019694,0.013690574319696888,-2.2740130369014455e-9
1.2616237164416155,0.7130916658148262,0.03327988861016026,0.015329889674920636,-2.7038904865106517e-9
1.3713301265669733,0.7130916658148262,0.04042143800771769,0.01631191015294411,-3.0509125815980642e-9
1.4810365366923313,0.7130916658148262,0.046361925162263264,0.016466338812840205,-3.2597875301854096e-9
1.590742946817689,0.7130916658148262,0.05019747949847946,0.015766088644727824,-3.294631234496137e-9
1.700449356943047,0.7130916658148262,0.05133227456536009,0.014335214149723982,-3.149525033135925e-9
1.8101557670684048,0.7130916658148262,0.04964502865738144,0.01241010371774673,-2.850171338525387e-9
1.9198621771937627,0.7130916658148262,0.045511331523961564,0.010271435356545063,-2.4460173227158766e-9
2.0295685873191207,0.7130916658148262,0.03967741380070636,0.008175077698446312,-1.996300610929147e-9
2.1392749974444785,0.7130916658148262,0.03304351225580954,0.006305575875042702,-1.555585032314566e-9
2.248981407569836,0.7130916658148262,0.026443667647869377,0.0047612946668259,-1.1636174263723875e-9
2.358687817695194,0.7130916658148262,0.02049374731217165,0.0035657551471946934,-8.416351175016823e-10
2.468394227820552,0.7130916658148262,0.015536943763022015,0.0026924049751199507,-5.943480169828819e-10
2.57810063794591,0.7130916658148262,0.01167304690806221,0.002090782144247979,-4.151156831472269e-10
2.6878070480712677,0.7130916658148262,0.008834066781820459,0.0017070791672071607,-2.9168776682214625e-10
2.7975134581966254,0.7130916658148262,0.006868061150631729,0.001497388163422271,-2.1076683367343696e-10
2.9072198683219836,0.7130916658148262,0.005606747741450395,0.0014353019332744772,-1.6079374030170124e-10
3.0169262784473414,0.7130916658148262,0.004908906649071008,0.0015169125828473817,-1.3318547783733314e-10
3.126632688572699,0.7130916658148262,0.00468288716157349,0.0017662702825621472,-1.2260826208476683e-10
3.236339098698057,0.7130916658148262,0.00489571091570515,0.0022436557077406723,-1.2685158956235454e-10
3.346045508823415,0.7130916658148262,0.005575054184303207,0.0030577593177110287,-1.4667831836276402e-10
3.455751918948773,0.7130916658148262,0.006806430791758935,0.004380739950072703,-1.8579445273947393e-10
-3.455751918948773,0.8227980759401841,0.009441670101208971,0.0022674267896295435,-2.700041535838582e-10
-3.346045508823415,0.8227980759401841,0.007856941285747356,0.0021382577077790066,-2.1012510047907496e-10
-3.236339098698057,0.8227980759401841,0.007037202959661832,0.0022388084448370727,-1.7883047126465712e-10
-3.126632688572699,0.8227980759401841,0.006875903262151158,0.0025987524116295986,-1.700011173499938e-10
-3.0169262784473414,0.8227980759401841,0.007349308244898262,0.0033024651592266554,-1.8175562964406478e-10
-2.9072198683219836,0.8227980759401841,0.008517793612868753,0.004504321815248137,-2.162944328851224e-10
-2.7975134581966254,0.8227980759401841,0.010519232337690317,0.006446408036285343,-2.798940497775182e-10
-2.6878070480712677,0.8227980759401841,0.01354956810534128,0.00947108451149843,-3.828609096423463e-10
-2.57810063794591,0.8227980759401841,0.017821099329091608,0.014013791853149611,-5.389703596619944e-10
-2.468394227820552,0.8227980759401841,0.023489605593551285,0.02055546887629647,-7.637114933511935e-10
-2.358687817695194,0.8227980759401841,0.030551057993877462,0.02951518953890991,-1.0707070473292557e-9
-2.248981407569836,0.8227980759401841,0.038728270616518186,0.04107969749922158,-1.4661900062107325e-9
-2.1392749974444785,0.8227980759401841,0.04739100106956071,0.054999973611893016,-1.942458263681779e-9
-2.0295685873191207,0.8227980759401841,0.05556472871566054,0.07042563360201633,-2.472465128466883e-9
-1.9198621771937627,0.8227980759401841,0.062067404843401563,0.08587174076355775,-3.008440052632011e-9
-1.8101557670684048,0.8227980759401841,0.06576589580140232,0.09939306768598903,-3.486896008042528e-9
-1.700449356943047,0.8227980759401841,0.06588232428963671,0.10896954423204368,-3.84033035927267e-9
-1.590742946817689,0.8227980759401841,0.06223895932666271,0.11300781074495088,-4.012998974789461e-9
-1.4810365366923313,0.8227980759401841,0.05533845647600122,0.11078808436881005,-3.975745822837329e-9
-1.3713301265669733,0.8227980759401841,0.04623789860564737,0.10268185730192596,-3.734405035205057e-9
-1.2616237164416155,0.8227980759401841,0.03626165889973233,0.09004809974502535,-3.3283776498804762e-9
-1.1519173063162575,0.8227980759401841,0.026664123403028664,0.0748476163259301,-2.8198007817614723e-9
-1.0422108961908998,0.8227980759401841,0.01836435406064439,0.05912880855330768,-2.277456438715131e-9
-0.9325044860655419,0.8227980759401841,0.01182892431854118,0.044574421270347955,-1.7612955330315039e-9
-0.8227980759401841,0.8227980759401841,0.007106682111846396,0.032245463971227385,-1.3124243913864575e-9
-0.7130916658148262,0.8227980759401841,0.003960922364777818,0.022554779297865615,-9.504258872972127e-10
-0.6033852556894683,0.8227980759401841,0.0020254464163065077,0.015409731614061378,-6.767710211685873e-10
-0.4936788455641104,0.8227980759401841,0.0009288511092868895,0.0104230540686034,-4.813176116350015e-10
-0.38397243543875254,0.8227980759401841,0.00036506000264942273,0.007105321221250733,-3.4893095791216355e-10
-0.27426602531339467,0.8227980759401841,0.00011611266893957715,0.004995033638249289,-2.644387946462712e-10
-0.1645596151880368,0.8227980759401841,0.00004592504695489596,0.0037225619581128127,-2.1548989806094432e-10
-0.054853205062678934,0.8227980759401841,0.00008340524342767617,0.0030263293151205836,-1.9377123234957938e-10
0.054853205062678934,0.8227980759401841,0.00020712749784025403,0.0027438545603094217,-1.9532662748518448e-10
0.1645596151880368,0.8227980759401841,0.0004374729469536722,0.0027945903166870555,-2.2060259521894388e-10
0.27426602531339467,0.8227980759401841,0.0008378995698430904,0.003163329644962723,-2.74555407055177e-10
0.38397243543875254,0.8227980759401841,0.0015242696055531477,0.0038860785442109452,-3.6681555969780844e-10
0.4936788455641104,0.8227980759401841,0.0026783534528112708,0.005035559209210892,-5.115524956758599e-10
0.6033852556894683,0.8227980759401841,0.004557465786678809,0.006700938086682428,-7.263479965061159e-10
0.7130916658148262,0.8227980759401841,0.007486905418087891,0.008956549293632893,-1.029206918475023e-9
0.8227980759401841,0.8227980759401841,0.011818324334888684,0.01181848530612938,-1.4330754413011126e-9
0.9325044860655419,0.8227980759401841,0.017840881768521735,0.015196290960808653,-1.9381698867365627e-9
1.0422108961908998,0.8227980759401841,0.025648525591412397,0.018857047801192253,-2.5240038600826686e-9
1.1519173063162575,0.8227980759401841,0.034995477297992995,0.022424660939414472,-3.1445898246440507e-9
1.2616237164416155,0.8227980759401841,0.0452009634780951,0.02543107388260397,-3.730688633019064e-9
1.3713301265669733,0.8227980759401841,0.05517187423796031,0.027416396884923068,-4.201167556200369e-9
1.4810365366923313,0.8227980759401841,0.06358067372051862,0.02804923532890063,-4.481660417776645e-9
1.590742946817689,0.8227980759401841,0.06916971381910443,0.02722204789657811,-4.524621989576705e-9
1.700449356943047,0.8227980759401841,0.07108410304607284,0.025081875627103588,-4.323078083012799e-9
1.8101557670684048,0.8227980759401841,0.06910633454666992,0.02198389551917092,-3.912432475217109e-9
1.9198621771937627,0.8227980759401841,0.06370014620432271,0.018389019680193304,-3.359729022767155e-9
2.0295685873191207,0.8227980759401841,0.05585270956099937,0.014747861167762898,-2.745016779853726e-9
2.1392749974444785,0.8227980759401841,0.04678784547585782,0.011411771104468636,-2.142106696884083e-9
2.248981407569836,0.8227980759401841,0.037664636206961546,0.008592214604769695,-1.6050130807743201e-9
2.358687817695194,0.8227980759401841,0.029360534448574505,0.006366427849957969,-1.1628957779369342e-9
2.468394227820552,0.8227980759401841,0.022384207390420914,0.0047122336053063586,-8.225608475603829e-10
2.57810063794591,0.8227980759401841,0.01690520056000696,0.003551917883088184,-5.753122735152605e-10
2.6878070480712677,0.8227980759401841,0.012852379879994772,0.0027906799906032894,-4.046684888223129e-10
2.7975134581966254,0.8227980759401841,0.010028729399350456,0.00234347736490096,-2.925764864755709e-10
2.9072198683219836,0.8227980759401841,0.008206919604513755,0.002150831337950506,-2.2325844038079135e-10
3.0169262784473414,0.8227980759401841,0.007192445645230127,0.0021877972949424594,-1.8495887633973584e-10
3.126632688572699,0.8227980759401841,0.00685749392120051,0.0024711720663186058,-1.703634247562924e-10
3.236339098698057,0.8227980759401841,0.0071553015587919044,0.0030690839300021723,-1.764565073919533e-10
3.346045508823415,0.8227980759401841,0.008123589916289043,0.00411507737828985,-2.0433124810204095e-10
3.455751918948773,0.8227980759401841,0.009880336855458458,0.005825650839643735,-2.59148983522417e-10
-3.455751918948773,0.9325044860655419,0.013306196114862279,0.003397457895693068,-3.6506202314573466e-10
-3.346045508823415,0.9325044860655419,0.01109103112149639,0.0030857005128294016,-2.843056883666817e-10
-3.236339098698057,0.9325044860655419,0.00993672346301764,0.0031200967533036557,-2.421241714067879e-10
-3.126632688572699,0.9325044860655419,0.00969868675000321,0.003518822283560136,-2.303734746370023e-10
-3.0169262784473414,0.9325044860655419,0.010343529471104517,0.004374579949747723,-2.465835981582676e-10
-2.9072198683219836,0.9325044860655419,0.01195135339631305,0.00587150507355438,-2.937699051033804e-10
-2.7975134581966254,0.9325044860655419,0.014706183635402438,0.008304805558098174,-3.8042256671200203e-10
-2.6878070480712677,0.9325044860655419,0.018868098049667187,0.012093773759781015,-5.20417049731936e-10
-2.57810063794591,0.9325044860655419,0.024714706367806916,0.017770102568825902,-7.322070380566537e-10
-2.468394227820552,0.9325044860655419,0.03244099706192312,0.025916502867227076,-1.0363986682748738e-9
-2.358687817695194,0.9325044860655419,0.042020222700544604,0.03703307092516883,-1.4508961948545007e-9
-2.248981407569836,0.9325044860655419,0.05305506677765555,0.05132945968203182,-1.9835277170754395e-9
-2.1392749974444785,0.9325044860655419,0.06467812932090275,0.06848155349596424,-2.6234457037310754e-9
-2.0295685873191207,0.9325044860655419,0.07557349525572088,0.0874385074300126,-3.334182527292562e-9
-1.9198621771937627,0.9325044860655419,0.08416674851584519,0.10639098235342515,-4.052086916006559e-9
-1.8101557670684048,0.9325044860655419,0.0889669474782838,0.12298509925722474,-4.693068808570011e-9
-1.700449356943047,0.9325044860655419,0.08896606156059797,0.13478239937258812,-5.16790360505226e-9
-1.590742946817689,0.9325044860655419,0.08395219458978338,0.13985342050625282,-5.4027067403206175e-9
-1.4810365366923313,0.9325044860655419,0.07460719139075297,0.13730767972095367,-5.358217883277838e-9
-1.3713301265669733,0.9325044860655419,0.06233867163062455,0.127558556340386,-5.04096918374497e-9
-1.2616237164416155,0.9325044860655419,0.04890507965627776,0.112212934148663,-4.501891442965089e-9
-1.1519173063162575,0.9325044860655419,0.03597510504941323,0.09362483122331437,-3.822637470451973e-9
-1.0422108961908998,0.9325044860655419,0.024777982488875964,0.07428564687906644,-3.0946917597973744e-9
-0.9325044860655419,0.9325044860655419,0.01594493471544002,0.0562730588817714,-2.398789247098909e-9
-0.8227980759401841,0.9325044860655419,0.009550047745395219,0.04092610364876103,-1.7911506930423648e-9
-0.7130916658148262,0.9325044860655419,0.005282196180963512,0.028795204053293513,-1.2993383001480563e-9
-0.6033852556894683,0.9325044860655419,0.002652089805022859,0.01980276520314419,-9.263766993089506e-10
-0.4936788455641104,0.9325044860655419,0.0011596055160683029,0.013495443975839039,-6.592752784667644e-10
-0.38397243543875254,0.9325044860655419,0.00039025826736269285,0.009281221067770521,-4.779420800099521e-10
-0.27426602531339467,0.9325044860655419,0.00004741079175123652,0.00659373958950077,-3.6197384759711904e-10
-0.1645596151880368,0.9325044860655419,-0.00005526952390189229,0.004976041822113104,-2.94639646448297e-10
-0.054853205062678934,0.9325044860655419,-0.00001635138066504501,0.004104641840545697,-2.64618043189363e-10
0.054853205062678934,0.9325044860655419,0.00013252862604290158,0.0037815137869994684,-2.66479491251026e-10
0.1645596151880368,0.9325044860655419,0.00041577172971667717,0.0039152242350647464,-3.0076432056685976e-10
0.27426602531339467,0.9325044860655419,0.0009152999421997118,0.004502370784776451,-3.741149937584731e-10
0.38397243543875254,0.9325044860655419,0.0017831409700855725,0.005611591782976466,-4.994587477977208e-10
0.4936788455641104,0.9325044860655419,0.003260055978101031,0.007365917443310504,-6.957570734822394e-10
0.6033852556894683,0.9325044860655419,0.005689509347653752,0.009915347016694926,-9.863903817006192e-10
0.7130916658148262,0.9325044860655419,0.00950903385180267,0.01339139632744449,-1.395023693784303e-9
0.8227980759401841,0.9325044860655419,0.01519606776894345,0.017841095423256376,-1.9381655464584258e-9
0.9325044860655419,0.9325044860655419,0.023150200242729176,0.023150495064449543,-2.61493474443264e-9
1.0422108961908998,0.9325044860655419,0.033515883118592056,0.02898364997420571,-3.3966759092896037e-9
1.1519173063162575,0.9325044860655419,0.04598818534713425,0.03477288671290736,-4.22108818384781e-9
1.2616237164416155,0.9325044860655419,0.059682689157213684,0.03978864979852817,-4.995848103261924e-9
1.3713301265669733,0.9325044860655419,0.07316049318299966,0.043288296958073534,-5.6140957854777795e-9
1.4810365366923313,0.9325044860655419,0.08465787705426138,0.04470360751576796,-5.9790364256850914e-9
1.590742946817689,0.9325044860655419,0.09248393026801813,0.04379915032564967,-6.029776067340009e-9
1.700449356943047,0.9325044860655419,0.09546011794013312,0.040738013133649546,-5.758576775150015e-9
1.8101557670684048,0.9325044860655419,0.09323768299038634,0.03602905277944719,-5.2126331098745204e-9
1.9198621771937627,0.9325044860655419,0.08637073854684998,0.0303804461902289,-4.479928039646808e-9
2.0295685873191207,0.9325044860655419,0.07612538357276873,0.024519706119512742,-3.6651953000399473e-9
2.1392749974444785,0.9325044860655419,0.06411256000203824,0.019043761495927146,-2.8651752428943134e-9
2.248981407569836,0.9325044860655419,0.051889835224599404,0.014338152345158471,-2.151066484656905e-9
2.358687817695194,0.9325044860655419,0.04066362184287767,0.010570023522380833,-1.5617831750081024e-9
2.468394227820552,0.9325044860655419,0.031157939329622866,0.0077336525562270095,-1.1069472560798488e-9
2.57810063794591,0.9325044860655419,0.023640158336042223,0.005718015853364193,-7.756308130490996e-10
2.6878070480712677,0.9325044860655419,0.018044536980563793,0.004371036770676348,-5.463927244681033e-10
2.7975134581966254,0.9325044860655419,0.014124150486247185,0.003547058051209077,-3.95486046689264e-10
2.9072198683219836,0.9325044860655419,0.011581387064761738,0.003135583489140332,-3.020218138083397e-10
3.0169262784473414,0.9325044860655419,0.010156531669774815,0.0030765873676249235,-2.503730573560903e-10
3.126632688572699,0.9325044860655419,0.009676726663370655,0.0033701561231121576,-2.3080178393475315e-10
3.236339098698057,0.9325044860655419,0.010077549140887793,0.004087209393914042,-2.3931656829845327e-10
3.346045508823415,0.9325044860655419,0.011408548439974988,0.005385010080363124,-2.774439731775824e-10
3.455751918948773,0.9325044860655419,0.01382720759974673,0.007526650800791235,-3.5217793611930226e-10
-3.455751918948773,1.0422108961908998,0.017953281521551113,0.004881380607116028,-4.762180892681211e-10
-3.346045508823415,1.0422108961908998,0.014983906409412292,0.004289513599574454,-3.712770316882663e-10
-3.236339098698057,1.0422108961908998,0.013425554202460058,0.00419684380482362,-3.1649850795734125e-10
-3.126632688572699,1.0422108961908998,0.013089448796821234,0.004598388626776568,-3.014470634915556e-10
-3.0169262784473414,1.0422108961908998,0.01393036495250477,0.005587327832065315,-3.230077611632298e-10
-2.9072198683219836,1.0422108961908998,0.016050368882543395,0.007372505734156573,-3.851723783671046e-10
-2.7975134581966254,1.0422108961908998,0.019685708612266997,0.010298907217066035,-4.990254112713366e-10
-2.6878070480712677,1.0422108961908998,0.02516878214537761,0.014860049230785733,-6.825944115496085e-10
-2.57810063794591,1.0422108961908998,0.032849734805688424,0.02168083396039941,-9.597367518765498e-10
-2.468394227820552,1.0422108961908998,0.04296466360402065,0.031441697124787754,-1.3569101606214495e-9
-2.358687817695194,1.0422108961908998,0.055455851571022244,0.04471879657807335,-1.8968278267528227e-9
-2.248981407569836,1.0422108961908998,0.0697838400182073,0.06174019274409002,-2.5889641611098746e-9
-2.1392749974444785,1.0422108961908998,0.08480785619027417,0.0821053419632187,-3.4186573988348457e-9
-2.0295685873191207,1.0422108961908998,0.09882400082543867,0.10456780778319555,-4.338503251100079e-9
-1.9198621771937627,1.0422108961908998,0.10981603541829774,0.1270061663101673,-5.2666693506342455e-9
-1.8101557670684048,1.0422108961908998,0.1158919998573121,0.1466750508401536,-6.09562812725617e-9
-1.700449356943047,1.0422108961908998,0.11578504483822606,0.16073293279774323,-6.711473848897143e-9
-1.590742946817689,1.0422108961908998,0.1092407933431368,0.16691957166029345,-7.0195861623378875e-9
-1.4810365366923313,1.0422108961908998,0.09713474964780378,0.16416400662456138,-6.968887522607048e-9
-1.3713301265669733,1.0422108961908998,0.08126078933561581,0.15289813143221703,-6.5662041498493195e-9
-1.2616237164416155,1.0422108961908998,0.06386246178117005,0.1349478861671023,-5.87510860794449e-9
-1.1519173063162575,1.0422108961908998,0.04707932888304209,0.1130369260989356,-4.999251596027321e-9
-1.0422108961908998,1.0422108961908998,0.03250158225559255,0.09008931551701102,-4.056146772624114e-9
-0.9325044860655419,1.0422108961908998,0.02096081301773557,0.06858221315800346,-3.1507322029167284e-9
-0.8227980759401841,1.0422108961908998,0.012572806682361753,0.05014773965569492,-2.357140989339701e-9
-0.7130916658148262,1.0422108961908998,0.006950881113498952,0.03549239047864792,-1.7126572521286576e-9
-0.6033852556894683,1.0422108961908998,0.0034696465484381003,0.024569508943845565,-1.2224953011702455e-9
-0.4936788455641104,1.0422108961908998,0.0014821688304986758,0.016870041488452295,-8.70591347276739e-10
-0.38397243543875254,1.0422108961908998,0.0004477569710810538,0.01170427472142964,-6.311852490323289e-10
-0.27426602531339467,1.0422108961908998,-0.00002344639261471276,0.008402204549717462,-4.777901243049887e-10
-0.1645596151880368,1.0422108961908998,-0.0001784653149419324,0.006419244731849724,-3.8853480285525044e-10
-0.054853205062678934,1.0422108961908998,-0.00015006340667524185,0.005370063153868909,-3.48542206814878e-10
0.054853205062678934,1.0422108961908998,0.000016177830018602058,0.005022959569239866,-3.506195147585933e-10
0.1645596151880368,1.0422108961908998,0.0003473831796667224,0.005280463360181953,-3.953760270569706e-10
0.27426602531339467,1.0422108961908998,0.0009450012454265185,0.0061598357426644055,-4.913749589510741e-10
0.38397243543875254,1.0422108961908998,0.0020011057731330172,0.007776013801743053,-6.553165215333889e-10
0.4936788455641104,1.0422108961908998,0.0038230170903663097,0.010320917209483225,-9.116198091546623e-10
0.6033852556894683,1.0422108961908998,0.0068524776545056745,0.014027458756216325,-1.2901944677554122e-9
0.7130916658148262,1.0422108961908998,0.011656047666132926,0.01910599576660143,-1.8209337440677764e-9
0.8227980759401841,1.0422108961908998,0.01885675002651102,0.025648799966557397,-2.5239936980725464e-9
0.9325044860655419,1.0422108961908998,0.028983258359272547,0.0335162598427404,-3.396669688571219e-9
1.0422108961908998,1.0422108961908998,0.042241696942420255,0.04224219503013307,-4.400424573336448e-9
1.1519173063162575,1.0422108961908998,0.05826487341489146,0.05101119318254854,-5.454072617150363e-9
1.2616237164416155,1.0422108961908998,0.07594281345713723,0.05875147603227886,-6.4392454077188965e-9
1.3713301265669733,1.0422108961908998,0.09345017522777718,0.06434593532444823,-7.2206724488488305e-9
1.4810365366923313,1.0422108961908998,0.10853297105188808,0.06690651666066104,-7.67731912765246e-9
1.590742946817689,1.0422108961908998,0.11900879313943516,0.06601534464150097,-7.734311788243353e-9
1.700449356943047,1.0422108961908998,0.12332404903925735,0.06183876670015692,-7.383664679672108e-9
1.8101557670684048,1.0422108961908998,0.12096442851986591,0.0550709594458825,-6.68577870843734e-9
1.9198621771937627,1.0422108961908998,0.11256462561019563,0.046734917419074117,-5.751574334855736e-9
2.0295685873191207,1.0422108961908998,0.09968680924872757,0.03792189443975422,-4.712748934154742e-9
2.1392749974444785,1.0422108961908998,0.08436923970370103,0.029561156219148,-3.6912313969295063e-9
2.248981407569836,1.0422108961908998,0.06862158887562086,0.0222826160418406,-2.777348108440325e-9
2.358687817695194,1.0422108961908998,0.054033860537131634,0.016387889747735977,-2.021149272252165e-9
2.468394227820552,1.0422108961908998,0.04159014861780554,0.01190550899102979,-1.4357758419680788e-9
2.57810063794591,1.0422108961908998,0.03168440468678624,0.008687578827209561,-1.0081414938967193e-9
2.6878070480712677,1.0422108961908998,0.024268750276490673,0.006508185131147715,-7.114707295530209e-10
2.7975134581966254,1.0422108961908998,0.019046416343991315,0.005139489313086615,-5.157291139284981e-10
2.9072198683219836,1.0422108961908998,0.015642676444977542,0.004399077442586271,-3.9430354120684186e-10
3.0169262784473414,1.0422108961908998,0.013723906110144481,0.00417456011897782,-3.271948033692351e-10
3.126632688572699,1.0422108961908998,0.013065185859027635,0.0044364783325230965,-3.0192000635698157e-10
3.236339098698057,1.0422108961908998,0.013581083879055138,0.005249745183426797,-3.1339716325545774e-10
3.346045508823415,1.0422108961908998,0.015334026812475553,0.00678963544092905,-3.636878107698971e-10
3.455751918948773,1.0422108961908998,0.018526146623731064,0.009362133215186714,-4.619400105487781e-10
-3.455751918948773,1.1519173063162575,0.023061148902036064,0.0066780701962004425,-5.951801169967741e-10
-3.346045508823415,1.1519173063162575,0.019265514038098966,0.005700324960561919,-4.646344680531156e-10
-3.236339098698057,1.1519173063162575,0.017260028546139644,0.005407530733047804,-3.965443615833175e-10
-3.126632688572699,1.1519173063162575,0.0168088764989415,0.005757527899505276,-3.7811286567046576e-10
-3.0169262784473414,1.1519173063162575,0.01785353399083915,0.006832357474468356,-4.055907398131664e-10
-2.9072198683219836,1.1519173063162575,0.020518398217919138,0.008854880815569312,-4.840530962169076e-10
-2.7975134581966254,1.1519173063162575,0.025093881531567556,0.012208513885441991,-6.273868750905631e-10
-2.6878070480712677,1.1519173063162575,0.031987311910162256,0.017447743208221258,-8.580704202731937e-10
-2.57810063794591,1.1519173063162575,0.041623152800731075,0.02527513388272851,-1.205716065183493e-9
-2.468394227820552,1.1519173063162575,0.05427774681263008,0.03645225890753565,-1.7029617230268634e-9
-2.358687817695194,1.1519173063162575,0.06985735538413669,0.05161734319019572,-2.3775275290183195e-9
-2.248981407569836,1.1519173063162575,0.08767062050387076,0.07101159832516302,-3.240487399247538e-9
-2.1392749974444785,1.1519173063162575,0.10628985319998893,0.09416889518153546,-4.272993625598076e-9
-2.0295685873191207,1.1519173063162575,0.12360779186637186,0.11967968287689693,-5.415994139279512e-9
-1.9198621771937627,1.1519173063162575,0.137151076743007,0.14516437421035108,-6.568471516699148e-9
-1.8101557670684048,1.1519173063162575,0.14461251695734667,0.16755292535375887,-7.598254636587143e-9
-1.700449356943047,1.1519173063162575,0.1444536404205798,0.18366437701586866,-8.36545385740628e-9
-1.590742946817689,1.1519173063162575,0.1363670578548934,0.1909496311627465,-8.753459998511737e-9
-1.4810365366923313,1.1519173063162575,0.12141608829558062,0.18816375289345594,-8.69837450678812e-9
-1.3713301265669733,1.1519173063162575,0.10178313921861362,0.17572543471093366,-8.206814311462196e-9
-1.2616237164416155,1.1519173063162575,0.08020960275816705,0.15561930826719764,-7.35520874761697e-9
-1.1519173063162575,1.1519173063162575,0.05932815540250369,0.13086757722963843,-6.270200164637529e-9
-1.0422108961908998,1.1519173063162575,0.04111696759910391,0.10476402107892435,-5.096925770331495e-9
-0.9325044860655419,1.1519173063162575,0.026633150171227925,0.08014332216516035,-3.96634656368855e-9
-0.8227980759401841,1.1519173063162575,0.01605186578065303,0.05891334439287353,-2.9721259897641517e-9
-0.7130916658148262,1.1519173063162575,0.008918699992925608,0.04193961606333179,-2.1623763196698675e-9
-0.6033852556894683,1.1519173063162575,0.004471217287049708,0.029221475978640277,-1.5449974875847428e-9
-0.4936788455641104,1.1519173063162575,0.0019091149033914458,0.02021334570103167,-1.1008364584480512e-9
-0.38397243543875254,1.1519173063162575,0.0005567500003126977,0.01414578156914407,-7.98133105613108e-10
-0.27426602531339467,1.1519173063162575,-0.00007741251329374541,0.010259541069804807,-6.038685844769742e-10
-0.1645596151880368,1.1519173063162575,-0.00030803766150301224,0.007933164056275241,-4.906104212124007e-10
-0.054853205062678934,1.1519173063162575,-0.00030726415027023356,0.006727682578481491,-4.396089386612956e-10
0.054853205062678934,1.1519173063162575,-0.00013824757017925383,0.006384965643876495,-4.417231077441519e-10
0.1645596151880368,1.1519173063162575,0.00022648058803305957,0.0068094504907875684,-4.975790530471758e-10
0.27426602531339467,1.1519173063162575,0.0009066282485802007,0.008049290711828805,-6.177287093303563e-10
0.38397243543875254,1.1519173063162575,0.0021343120207004862,0.01027952371863967,-8.228070768126483e-10
0.4936788455641104,1.1519173063162575,0.004285116035512373,0.013778885521322276,-1.1428957363834868e-9
0.6033852556894683,1.1519173063162575,0.00790304652932551,0.018884306733176905,-1.6145913425691383e-9
0.7130916658148262,1.1519173063162575,0.01369029148294538,0.025905922685469786,-2.273994900367504e-9
0.8227980759401841,1.1519173063162575,0.02242428122661357,0.03499581578357562,-3.1445724912870787e-9
0.9325044860655419,1.1519173063162575,0.034772389293664094,0.045988647757358087,-4.2210739834014355e-9
1.0422108961908998,1.1519173063162575,0.051010563169503656,0.0582654818942222,-5.454064158638694e-9
1.1519173063162575,1.1519173063162575,0.07071372234579792,0.07071448867138488,-6.742441806262267e-9
1.2616237164416155,1.1519173063162575,0.09254539786439132,0.08185040550755102,-7.941120774845878e-9
1.3713301265669733,1.1519173063162575,0.11428701505183135,0.0900993247386803,-8.886363325744107e-9
1.4810365366923313,1.1519173063162575,0.13318161539331783,0.09417676059507268,-9.433426331750816e-9
1.590742946817689,1.1519173063162575,0.14653670625504536,0.0934286834265912,-9.494243641272604e-9
1.700449356943047,1.1519173063162575,0.15239989335933435,0.08800621621427011,-9.061201830529164e-9
1.8101557670684048,1.1519173063162575,0.15006523573980343,0.07880962587049396,-8.20810641677383e-9
1.9198621771937627,1.1519173063162575,0.1402251511648947,0.06723151239052008,-7.068649249264425e-9
2.0295685873191207,1.1519173063162575,0.12472501075999758,0.05480279802300982,-5.8012417925024096e-9
2.1392749974444785,1.1519173063162575,0.106032245989125,0.04286538451347591,-4.552957337533581e-9
2.248981407569836,1.1519173063162575,0.08662509677320336,0.032362430453764225,-3.4335206136604235e-9
2.358687817695194,1.1519173063162575,0.06850304894441847,0.023776967314703926,-2.5046053633848153e-9
2.468394227820552,1.1519173063162575,0.05293787704094127,0.017193721559068897,-1.7833777544995488e-9
2.57810063794591,1.1519173063162575,0.04047272319940876,0.012428427776462548,-1.2549536583528198e-9
2.6878070480712677,1.1519173063162575,0.031091809803281235,0.009167692360550303,-8.873761968286598e-10
2.7975134581966254,1.1519173063162575,0.024454556864314733,0.007081406518479735,-6.44303279132008e-10
2.9072198683219836,1.1519173063162575,0.020109338730091332,0.005894506056513254,-4.932841288218803e-10
3.0169262784473414,1.1519173063162575,0.01764598422233915,0.005424008516748872,-4.098183112311027e-10
3.126632688572699,1.1519173063162575,0.016784467606167284,0.005596040464907795,-3.7859013493624083e-10
3.236339098698057,1.1519173063162575,0.017416428986744233,0.006457369816445123,-3.934136957178813e-10
3.346045508823415,1.1519173063162575,0.019617036837471152,0.008190499068034696,-4.569653284242081e-10
3.455751918948773,1.1519173063162575,0.02363464688006083,0.011133282608438187,-5.807277558139701e-10
-3.455751918948773,1.2616237164416155,0.02808148948846552,0.008658302614371763,-7.090312555829703e-10
-3.346045508823415,1.2616237164416155,0.02347388527439498,0.007202568550540545,-5.542949588904778e-10
-3.236339098698057,1.2616237164416155,0.02102386502037624,0.006637554496458949,-4.736689963869001e-10
-3.126632688572699,1.2616237164416155,0.020450623651826483,0.006869971107700258,-4.521959733744252e-10
-3.0169262784473414,1.2616237164416155,0.02168213776292317,0.007956815991409481,-4.855881807763751e-10
-2.9072198683219836,1.2616237164416155,0.024863019028405573,0.010119347394591725,-5.800154037616245e-10
-2.7975134581966254,1.2616237164416155,0.030334086990280982,0.013760242497083418,-7.521044273484101e-10
-2.6878070480712677,1.2616237164416155,0.03857266888873932,0.019471065826369427,-1.028651209350473e-9
-2.57810063794591,1.2616237164416155,0.05007247996754688,0.028003964872802066,-1.4448235524655573e-9
-2.468394227820552,1.2616237164416155,0.06514688451741119,0.040172883255631675,-2.039197186110009e-9
-2.358687817695194,1.2616237164416155,0.08366770208186422,0.056656045321328355,-2.844272026236716e-9
-2.248981407569836,1.2616237164416155,0.104801297790032,0.07770324939570003,-3.8726121198706664e-9
-2.1392749974444785,1.2616237164416155,0.12685262656374408,0.1028071998227713,-5.101320588174474e-9
-2.0295685873191207,1.2616237164416155,0.14733911374130435,0.13045592516129062,-6.46018112615554e-9
-1.9198621771937627,1.2616237164416155,0.1633609336434,0.15810655420354186,-7.829826106919846e-9
-1.8101557670684048,1.2616237164416155,0.1722197065160739,0.18247927947856657,-9.054483607329189e-9
-1.700449356943047,1.2616237164416155,0.17211363932913867,0.20016449382438445,-9.96927432272976e-9
-1.590742946817689,1.2616237164416155,0.16267011284448876,0.20840352030622225,-1.0436255470924749e-8
-1.4810365366923313,1.2616237164416155,0.14510979154021775,0.20580377981630724,-1.0378835124669195e-8
-1.3713301265669733,1.2616237164416155,0.12196367289602558,0.19273638010429758,-9.802989905938198e-9
-1.2616237164416155,1.2616237164416155,0.09643325600115628,0.17125852480306625,-8.797173531305269e-9
-1.1519173063162575,1.2616237164416155,0.07161859863186137,0.1445757575068373,-7.510031416191332e-9
-1.0422108961908998,1.2616237164416155,0.04987652999344873,0.11623553214096256,-6.113433675958291e-9
-0.9325044860655419,1.2616237164416155,0.03249511971442186,0.08933743543464921,-4.763736426161014e-9
-0.8227980759401841,1.2616237164416155,0.019723391972164668,0.06600913221814068,-3.5738165343746076e-9
-0.7130916658148262,1.2616237164416155,0.011056131486665283,0.047256469571664524,-2.6025633349802124e-9
-0.6033852556894683,1.2616237164416155,0.005608322208883456,0.033134482393383874,-1.8606833504519749e-9
-0.4936788455641104,1.2616237164416155,0.002436054311846205,0.023086725758293583,-1.3261297251293547e-9
-0.38397243543875254,1.2616237164416155,0.0007337889207195769,0.016294543028754698,-9.613439662381484e-10
-0.27426602531339467,1.2616237164416155,-0.00009018143102266889,0.01193763397896523,-7.269423882294568e-10
-0.1645596151880368,1.2616237164416155,-0.000418865274709516,0.00934037244580827,-5.900470632924648e-10
-0.054853205062678934,1.2616237164416155,-0.00046569198949542815,0.008027166913389408,-5.28094278376412e-10
0.054853205062678934,1.2616237164416155,-0.00031401496843823764,0.007726109842337946,-5.2999123709499e-10
0.1645596151880368,1.2616237164416155,0.000060733758987816053,0.008353756059088734,-5.963047399609733e-10
0.27426602531339467,1.2616237164416155,0.0007924742115789831,0.00999886043481955,-7.39406856922753e-10
0.38397243543875254,1.2616237164416155,0.0021482291648680083,0.012907433965116254,-9.835774451849577e-10
0.4936788455641104,1.2616237164416155,0.0045654130167623996,0.0174581273714724,-1.3641165679673106e-9
0.6033852556894683,1.2616237164416155,0.008682652172823031,0.024107168102973208,-1.923693275854288e-9
0.7130916658148262,1.2616237164416155,0.01532954562280856,0.03328017390705956,-2.7038660269096404e-9
0.8227980759401841,1.2616237164416155,0.025430613360362554,0.045201362567348156,-3.730663691164926e-9
0.9325044860655419,1.2616237164416155,0.039788048550059865,0.05968323166825969,-4.995824892661815e-9
1.0422108961908998,1.2616237164416155,0.05875071727036444,0.07594352398522791,-6.439226887811067e-9
1.1519173063162575,1.2616237164416155,0.08184948603773115,0.0925462888621228,-7.941110172215993e-9
1.2616237164416155,1.2616237164416155,0.10754819094076638,0.1075492559819742,-9.332090447622399e-9
1.3713301265669733,1.2616237164416155,0.1332731254233309,0.11886852460838822,-1.0423209378940257e-8
1.4810365366923313,1.2616237164416155,0.15580667969153114,0.12476997269772637,-1.1049277437447103e-8
1.590742946817689,1.2616237164416155,0.1719813232185626,0.12432089636533072,-1.1111309941580494e-8
1.700449356943047,1.2616237164416155,0.17946182831004576,0.11763445525922886,-1.0602578301432963e-8
1.8101557670684048,1.2616237164416155,0.17734087293670892,0.10581934584272924,-9.608881149092419e-9
1.9198621771937627,1.2616237164416155,0.16633531021837075,0.0906651670065281,-8.28385626761019e-9
2.0295685873191207,1.2616237164416155,0.1485272485936505,0.07418915465082121,-6.809313224387381e-9
2.1392749974444785,1.2616237164416155,0.12676747608557443,0.05820136806026131,-5.35458241635034e-9
2.248981407569836,1.2616237164416155,0.10396895558951437,0.044010648261330304,-4.046896547038603e-9
2.358687817695194,1.2616237164416155,0.08252371726802946,0.03232102336558796,-2.9587750791093548e-9
2.468394227820552,1.2616237164416155,0.06398957365119967,0.023295358318842007,-2.111507399482626e-9
2.57810063794591,1.2616237164416155,0.04906702965464826,0.016718048802370582,-1.4890090653529864e-9
2.6878070480712677,1.2616237164416155,0.037784386276390206,0.01218087361421313,-1.0548996502712793e-9
2.7975134581966254,1.2616237164416155,0.02976868976658169,0.009237414611681555,-7.672296808286516e-10
2.9072198683219836,1.2616237164416155,0.024500173803889743,0.007503892964733724,-5.882568633597263e-10
3.0169262784473414,1.2616237164416155,0.021497713858508405,0.006711281325222032,-4.893586855181375e-10
3.126632688572699,1.2616237164416155,0.02042892009922017,0.006727092952110721,-4.5262148890001797e-10
3.236339098698057,1.2616237164416155,0.021162878445023202,0.007566190378186302,-4.708773024275636e-10
3.346045508823415,1.2616237164416155,0.02378587859958195,0.009403341803508958,-5.474502136337822e-10
3.455751918948773,1.2616237164416155,0.028589158212924178,0.012590230256939198,-6.961148359130309e-10
-3.455751918948773,1.3713301265669733,0.03231625579181081,0.010605837644227754,-8.021966806104341e-10
-3.346045508823415,1.3713301265669733,0.0270198046106786,0.008621120518596441,-6.28007243430595e-10
-3.236339098698057,1.3713301265669733,0.024186816518336842,0.007731492228365481,-5.373629752974951e-10
-3.126632688572699,1.3713301265669733,0.023499232261696056,0.007782049943645952,-5.136432598695784e-10
-3.0169262784473414,1.3713301265669733,0.02487296610400293,0.008791306188270424,-5.522015379677558e-10
-2.9072198683219836,1.3713301265669733,0.028468061801059177,0.010960772534679798,-6.601866778949139e-10
-2.7975134581966254,1.3713301265669733,0.03466565077820494,0.014687794535325396,-8.565697769136182e-10
-2.6878070480712677,1.3713301265669733,0.04399982131862891,0.02056916106535407,-1.1718101905477951e-9
-2.57810063794591,1.3713301265669733,0.05702125569418487,0.029369021255162574,-1.645782773951332e-9
-2.468394227820552,1.3713301265669733,0.07407538627340748,0.04191587101199565,-2.322101698426504e-9
-2.358687817695194,1.3713301265669733,0.09500989103419263,0.058900257369439435,-3.237353551899247e-9
-2.248981407569836,1.3713301265669733,0.11888146428446943,0.08057726761507715,-4.405453793432379e-9
-2.1392749974444785,1.3713301265669733,0.14378504561527697,0.10643376099846753,-5.800224481267158e-9
-2.0295685873191207,1.3713301265669733,0.16693921878979004,0.13493749270441677,-7.342172106405975e-9
-1.9198621771937627,1.3713301265669733,0.18509893302570699,0.16350768122436415,-8.89652165825261e-9
-1.8101557670684048,1.3713301265669733,0.19524086682811065,0.18880555760387335,-1.0287513896312106e-8
-1.700449356943047,1.3713301265669733,0.19533255651300002,0.2073399484630529,-1.1328915167085896e-8
-1.590742946817689,1.3713301265669733,0.18492465313997516,0.21625299237096166,-1.1864371873837598e-8
-1.4810365366923313,1.3713301265669733,0.16534108159101943,0.21405105838813082,-1.180615763485271e-8
-1.3713301265669733,1.3713301265669733,0.13937801618117157,0.20102776964223187,-1.1159448934372485e-8
-1.2616237164416155,1.3713301265669733,0.11060473578396877,0.17921283289206674,-1.0022832175327068e-8
-1.1519173063162575,1.3713301265669733,0.0825082735717281,0.15184890819082844,-8.563748973844376e-9
-1.0422108961908998,1.3713301265669733,0.05777051002319267,0.1225790442801695,-6.976982824813405e-9
-0.9325044860655419,1.3713301265669733,0.03788889239925254,0.09463128211477692,-5.4406654945160504e-9
-0.8227980759401841,1.3713301265669733,0.023192531819486856,0.07026069915131591,-4.084125475312117e-9
-0.7130916658148262,1.3713301265669733,0.013149311615350667,0.050571544767987205,-2.975449588105139e-9
-0.6033852556894683,1.3713301265669733,0.006781970457455185,0.03567534515707717,-2.127707586507821e-9
-0.4936788455641104,1.3713301265669733,0.0030311786574534986,0.025032893748206605,-1.5163455942268644e-9
-0.38397243543875254,1.3713301265669733,0.0009830809990839084,0.017815859833627837,-1.0988275740697606e-9
-0.27426602531339467,1.3713301265669733,-0.000040143665697996156,0.013182147860378439,-8.303194728997987e-10
-0.1645596151880368,1.3713301265669733,-0.00048220950472663976,0.010434681693181938,-6.732797704772642e-10
-0.054853205062678934,1.3713301265669733,-0.0005949655416123763,0.009085541934739651,-6.018637680252348e-10
0.054853205062678934,1.3713301265669733,-0.0004825631353989816,0.008865629300643737,-6.032619343301904e-10
0.1645596151880368,1.3713301265669733,-0.00012684226266345766,0.009714263764886056,-6.778954602520981e-10
0.27426602531339467,1.3713301265669733,0.0006137193824499276,0.011767469509908994,-8.395256998264267e-10
0.38397243543875254,1.3713301265669733,0.0020305619575407734,0.015346708946096254,-1.1152786593554564e-9
0.4936788455641104,1.3713301265669733,0.004607580284975072,0.02093437274206547,-1.5445112185735743e-9
0.6033852556894683,1.3713301265669733,0.009057285919109617,0.029110404793193687,-2.1745283143581595e-9
0.7130916658148262,1.3713301265669733,0.01631151370467078,0.040421759878456025,-3.0508824355734987e-9
0.8227980759401841,1.3713301265669733,0.02741586749031162,0.05517232239349997,-4.201135304221504e-9
0.9325044860655419,1.3713301265669733,0.043287607680589174,0.07316109954794656,-5.614063568193384e-9
1.0422108961908998,1.3713301265669733,0.06434506804820608,0.09345096581487287,-7.2206432777388585e-9
1.1519173063162575,1.3713301265669733,0.09009827700394299,0.11428800233301313,-8.886340746583343e-9
1.2616237164416155,1.3713301265669733,0.11886731474233153,0.1332743012615457,-1.0423196791786715e-8
1.3713301265669733,1.3713301265669733,0.14780892059993153,0.14781025231580744,-1.1623572451768815e-8
1.4810365366923313,1.3713301265669733,0.17334564257415944,0.15569812673871922,-1.2307629415619914e-8
1.590742946817689,1.3713301265669733,0.1919279651180582,0.15570543238800186,-1.2368946228358269e-8
1.700449356943047,1.3713301265669733,0.20089898056243224,0.14788314177717934,-1.180187468585725e-8
1.8101557670684048,1.3713301265669733,0.1991629187747571,0.1335273177935596,-1.0701122515888173e-8
1.9198621771937627,1.3713301265669733,0.18742346663173526,0.11481294587567242,-9.234852230144419e-9
2.0295685873191207,1.3713301265669733,0.16792344628870698,0.09424493036784679,-7.601986373728664e-9
2.1392749974444785,1.3713301265669733,0.14380381775073853,0.07411483073490778,-5.988410392565591e-9
2.248981407569836,1.3713301265669733,0.11832419973701305,0.05611751421581375,-4.534740513650881e-9
2.358687817695194,1.3713301265669733,0.09420236365689284,0.0411987665777988,-3.3221429149299375e-9
2.468394227820552,1.3713301265669733,0.07324321655140412,0.029615416428983667,-2.375549076893968e-9
2.57810063794591,1.3713301265669733,0.05629138761643408,0.0211289598261229,-1.678382217928931e-9
2.6878070480712677,1.3713301265669733,0.04342432045764951,0.015237786636798882,-1.1911419073307172e-9
2.7975134581966254,1.3713301265669733,0.03425135013560182,0.011375567053583587,-8.676912938154757e-10
2.9072198683219836,1.3713301265669733,0.02820155150658788,0.009043242240032792,-6.662384827854639e-10
3.0169262784473414,1.3713301265669733,0.024737318806409715,0.00787745380279083,-5.549675944488408e-10
3.126632688572699,1.3713301265669733,0.02348326050939949,0.0076771878335680525,-5.139552863159258e-10
3.236339098698057,1.3713301265669733,0.024289086616441115,0.008412923462985456,-5.353153181147929e-10
3.346045508823415,1.3713301265669733,0.0272490713702407,0.010235019836916666,-6.229826515768977e-10
3.455751918948773,1.3713301265669733,0.032688537542246134,0.013486296329827606,-7.927030871990315e-10
-3.455751918948773,1.4810365366923313,0.03507427881589406,0.01225135749659767,-8.599351335181193e-10
-3.346045508823415,1.4810365366923313,0.029319749468505435,0.00975221496430691,-6.740895775597666e-10
-3.236339098698057,1.4810365366923313,0.026225009521046314,0.008524241134877656,-5.775381440448202e-10
-3.126632688572699,1.4810365366923313,0.025447728211621695,0.00834733116334958,-5.5274620991419e-10
-3.0169262784473414,1.4810365366923313,0.02689486046844706,0.009191890901275113,-5.949484325334931e-10
-2.9072198683219836,1.4810365366923313,0.030734810291847586,0.011222655091827839,-7.120210497590929e-10
-2.7975134581966254,1.4810365366923313,0.03737322639442321,0.01480589586535997,-9.24551810110863e-10
-2.6878070480712677,1.4810365366923313,0.047380196390174635,0.020508895199638853,-1.2655013113815894e-9
-2.57810063794591,1.4810365366923313,0.06134456606610916,0.02906636811320975,-1.7779719085897483e-9
-2.468394227820552,1.4810365366923313,0.07963736277990661,0.04127979083314128,-2.5090847802222704e-9
-2.358687817695194,1.4810365366923313,0.10210031175084096,0.05782205501566389,-3.4983720920145345e-9
-2.248981407569836,1.4810365366923313,0.12773364686029948,0.07895072746417431,-4.760929830927019e-9
-2.1392749974444785,1.4810365366923313,0.15451338055981836,0.10418635077253634,-6.268657856689508e-9
-2.0295685873191207,1.4810365366923313,0.17947907927820195,0.13206676620053956,-7.93599255755062e-9
-1.9198621771937627,1.4810365366923313,0.19916756108150732,0.16011061656778253,-9.617700302833043e-9
-1.8101557670684048,1.4810365366923313,0.21033632381235948,0.18508615014357818,-1.1124114795979523e-8
-1.700449356943047,1.4810365366923313,0.21077987830605546,0.20358530565564353,-1.2253872916367925e-8
-1.590742946817689,1.4810365366923313,0.19996558338755085,0.21277992814631935,-1.283740511115461e-8
-1.4810365366923313,1.4810365366923313,0.17924969810454466,0.21113850491540614,-1.2778928554224578e-8
-1.3713301265669733,1.4810365366923313,0.15157412758681954,0.19885791884801213,-1.208302366495495e-8
-1.2616237164416155,1.4810365366923313,0.12073508961602394,0.17784108660583312,-1.0855571094814387e-8
-1.1519173063162575,1.4810365366923313,0.0904748137826801,0.15121061627945256,-9.277447685085427e-9
-1.0422108961908998,1.4810365366923313,0.06370247434003232,0.122526100717856,-7.559632100861968e-9
-0.9325044860655419,1.4810365366923313,0.042073892689095296,0.09498159323375077,-5.895413143774952e-9
-0.8227980759401841,1.4810365366923313,0.025992514540130403,0.07084251155124603,-4.425340073554995e-9
-0.7130916658148262,1.4810365366923313,0.01492642304229747,0.05125129329365838,-3.223560789827884e-9
-0.6033852556894683,1.4810365366923313,0.00784938588651715,0.03636700289626189,-2.3044778099667873e-9
-0.4936788455641104,1.4810365366923313,0.003631510124822138,0.025693779005018152,-1.6415913142719951e-9
-0.38397243543875254,1.4810365366923313,0.001288044950285787,0.0184363224814312,-1.1888206443572136e-9
-0.27426602531339467,1.4810365366923313,0.00008174088240837669,0.013775396376244961,-8.975402669350596e-10
-0.1645596151880368,1.4810365366923313,-0.00047534442142525704,0.01103044960765991,-7.269951992835977e-10
-0.054853205062678934,1.4810365366923313,-0.0006651286892528554,0.009729138131572732,-6.49073587412341e-10
0.054853205062678934,1.4810365366923313,-0.0006103591825434378,0.009622837934749471,-6.497355388088155e-10
0.1645596151880368,1.4810365366923313,-0.00030220084869360137,0.01068229657631287,-7.291824973693073e-10
0.27426602531339467,1.4810365366923313,0.0004002732417254448,0.013092017842927557,-9.019105332366828e-10
0.38397243543875254,1.4810365366923313,0.0017982362797020063,0.017244243314399204,-1.1966484105702113e-9
0.4936788455641104,1.4810365366923313,0.004399170606595522,0.023716398097520998,-1.6550294381495467e-9
0.6033852556894683,1.4810365366923313,0.008957208308307398,0.03320209452525498,-2.326880025466105e-9
0.7130916658148262,1.4810365366923313,0.016465907057863372,0.046362270122943805,-3.259753123679987e-9
0.8227980759401841,1.4810365366923313,0.02804865978023513,0.0635811520367564,-4.481622274676855e-9
0.9325044860655419,1.4810365366923313,0.044702859666957,0.08465852149095256,-5.978996506228462e-9
1.0422108961908998,1.4810365366923313,0.06690557777870099,0.10853380781384457,-7.677280519646779e-9
1.1519173063162575,1.4810365366923313,0.09417562898268167,0.1331826563258676,-9.433392331170687e-9
1.2616237164416155,1.4810365366923313,0.12476866902147758,0.1558079152131736,-1.1049252027217626e-8
1.3713301265669733,1.4810365366923313,0.15569669504486097,0.1733470379162359,-1.2307615732121135e-8
1.4810365366923313,1.4810365366923313,0.18317247294199235,0.1831739697467449,-1.3021574318816675e-8
1.590742946817689,1.4810365366923313,0.20340786923822712,0.1837642182331474,-1.3081448785312588e-8
1.700449356943047,1.4810365366923313,0.21352717566164683,0.17508480637921822,-1.2482456041018608e-8
1.8101557670684048,1.4810365366923313,0.2122841381114033,0.15857446898440172,-1.1323802201479438e-8
1.9198621771937627,1.4810365366923313,0.20033509594239954,0.13673834491337053,-9.780818918669887e-9
2.0295685873191207,1.4810365366923313,0.17998877732508045,0.11251652858885507,-8.061042708340516e-9
2.1392749974444785,1.4810365366923313,0.15454634525755367,0.08864214627122947,-6.359047663440087e-9
2.248981407569836,1.4810365366923313,0.12747947160134396,0.06717283202775158,-4.82288263492503e-9
2.358687817695194,1.4810365366923313,0.10171858286282523,0.049288415774448105,-3.538894621790689e-9
2.468394227820552,1.4810365366923313,0.07923932357586833,0.03534318188393376,-2.5345555237921147e-9
2.57810063794591,1.4810365366923313,0.06099338327203419,0.025085217063203703,-1.7934612267511696e-9
2.6878070480712677,1.4810365366923313,0.047102307917829996,0.017930593849365177,-1.2746591525336637e-9
2.7975134581966254,1.4810365366923313,0.03717272107695372,0.0132027484425555,-9.298055901607594e-10
2.9072198683219836,1.4810365366923313,0.030605640974011188,0.01029394424757931,-7.148731016870524e-10
3.0169262784473414,1.4810365366923313,0.02682906029043127,0.008749093336250152,-5.962498463712995e-10
3.126632688572699,1.4810365366923313,0.025439978083462857,0.008296512231517337,-5.528929276216177e-10
3.236339098698057,1.4810365366923313,0.026274625891052138,0.008854446614778303,-5.765750290404048e-10
3.346045508823415,1.4810365366923313,0.02943090003451019,0.010533981368224643,-6.717228683006393e-10
3.455751918948773,1.4810365366923313,0.03525453287090085,0.013645800607143762,-8.554535101124028e-10
-3.455751918948773,1.590742946817689,0.03586206395825712,0.013335249029670319,-8.723062966398132e-10
-3.346045508823415,1.590742946817689,0.029958275862936364,0.010413022775956645,-6.845795215426609e-10
-3.236339098698057,1.590742946817689,0.02676765059215863,0.008883400583941591,-5.872459706013355e-10
-3.126632688572699,1.590742946817689,0.025940143492861556,0.008466584325793964,-5.627498467219993e-10
-3.0169262784473414,1.590742946817689,0.027378150221714494,0.009081910909092807,-6.064666113053674e-10
-2.9072198683219836,1.590742946817689,0.031249990041792776,0.010845197865412121,-7.266330627475615e-10
-2.7975134581966254,1.590742946817689,0.03796625890807932,0.01406973050467671,-9.444735306340934e-10
-2.6878070480712677,1.590742946817689,0.04810706960685858,0.019261863734594497,-1.2939041713067034e-9
-2.57810063794591,1.590742946817689,0.06227574876687035,0.027088461742989525,-1.8192987463749866e-9
-2.468394227820552,1.590742946817689,0.08086043564201185,0.038284904240959636,-2.5692623029094364e-9
-2.358687817695194,1.590742946817689,0.1037188316695414,0.05347766945479106,-3.584760766006667e-9
-2.248981407569836,1.590742946817689,0.12985977452303665,0.07292282385618752,-4.8818162706742996e-9
-2.1392749974444785,1.590742946817689,0.15725220334959492,0.09620957113628126,-6.432136212541906e-9
-2.0295685873191207,1.590742946817689,0.182904664407212,0.12202814463027196,-8.148228522464329e-9
-1.9198621771937627,1.590742946817689,0.2032946953739779,0.14812375748036333,-9.880834928033266e-9
-1.8101557670684048,1.590742946817689,0.21509630825936882,0.17152818868703004,-1.1434383523356573e-8
-1.700449356943047,1.590742946817689,0.21601092645070522,0.18907589710626738,-1.2600681831287375e-8
-1.590742946817689,1.590742946817689,0.20542574784989137,0.1980988592365104,-1.3204010829159785e-8
-1.4810365366923313,1.590742946817689,0.18465264741707474,0.19709960735001156,-1.31448725515515e-8
-1.3713301265669733,1.590742946817689,0.1566387465459643,0.18617281434602448,-1.242777242227433e-8
-1.2616237164416155,1.590742946817689,0.12523379117282502,0.16701010993555535,-1.1162261545627494e-8
-1.1519173063162575,1.590742946817689,0.09426608381504767,0.14246847521695305,-9.535539954863559e-9
-1.0422108961908998,1.590742946817689,0.0667400212560067,0.11585063047462625,-7.765740384080289e-9
-0.9325044860655419,1.590742946817689,0.04439388433415484,0.09015344015282761,-6.052344458939984e-9
-0.8227980759401841,1.590742946817689,0.02768717925457722,0.06753007277995532,-4.540007141062841e-9
-0.7130916658148262,1.590742946817689,0.016114339336629112,0.049093299466821505,-3.3046584808904544e-9
-0.6033852556894683,1.590742946817689,0.008650579473079194,0.03503342413743796,-2.3606147835086855e-9
-0.4936788455641104,1.590742946817689,0.00415127555652573,0.024918424377734477,-1.6801738403349198e-9
-0.38397243543875254,1.590742946817689,0.0016095140101218593,0.01802518644777132,-1.2156395612361592e-9
-0.27426602531339467,1.590742946817689,0.0002649051608026977,0.013600029388905038,-9.168352717650596e-10
-0.1645596151880368,1.590742946817689,-0.00039106468182195696,0.011015702952753751,-7.417564687473011e-10
-0.054853205062678934,1.590742946817689,-0.0006571649242813195,0.00984198783630067,-6.614088617074021e-10
0.054853205062678934,1.590742946817689,-0.0006695729192824351,0.00986602399402349,-6.612116895676756e-10
0.1645596151880368,1.590742946817689,-0.00043028947424443966,0.011094421480931045,-7.411078894667411e-10
0.27426602531339467,1.590742946817689,0.0001927458423372089,0.013754527523223968,-9.155504210670018e-10
0.38397243543875254,1.590742946817689,0.0014939421165188118,0.01829465386029523,-1.21336513232706e-9
0.4936788455641104,1.590742946817689,0.003977388385812021,0.025365333039537558,-1.6763231861643968e-9
0.6033852556894683,1.590742946817689,0.0083996506842772,0.03574859080071812,-2.3542908109130956e-9
0.7130916658148262,1.590742946817689,0.015765644766957645,0.05019783032738719,-3.2945946769336043e-9
0.8227980759401841,1.590742946817689,0.027221456790983513,0.06917019859050344,-4.524580328457706e-9
0.9325044860655419,1.590742946817689,0.04379838324367867,0.0924845810445622,-6.029730791057286e-9
1.0422108961908998,1.590742946817689,0.06601438299220849,0.11900963510877113,-7.734265936032436e-9
1.1519173063162575,1.590742946817689,0.09342752612205506,0.14653775012071654,-9.494200189918978e-9
1.2616237164416155,1.590742946817689,0.12431956513559553,0.17198255844898136,-1.1111273137687228e-8
1.3713301265669733,1.590742946817689,0.15570397267481154,0.1919293565144341,-1.2368919222183195e-8
1.4810365366923313,1.590742946817689,0.18376269446211566,0.20340935871970647,-1.3081434602213449e-8
1.590742946817689,1.590742946817689,0.20464423869711526,0.2046457526955577,-1.3140203591888167e-8
1.700449356943047,1.590742946817689,0.21538657932068725,0.1955069528270058,-1.2540770588653771e-8
1.8101557670684048,1.590742946817689,0.21465298470233504,0.1775112561741151,-1.1381791148457054e-8
1.9198621771937627,1.590742946817689,0.20302824640101247,0.15339933466221373,-9.83755987782331e-9
2.0295685873191207,1.590742946817689,0.1827875116725097,0.1264420580236008,-8.114729568853285e-9
2.1392749974444785,1.590742946817689,0.15724340474075318,0.09971997345194965,-6.4076288303072104e-9
2.248981407569836,1.590742946817689,0.12991638716624043,0.07558342630274313,-4.864778399560343e-9
2.358687817695194,1.590742946817689,0.10380465464019993,0.055405956178477433,-3.573435006232195e-9
2.468394227820552,1.590742946817689,0.08095019427373719,0.03962673223858376,-2.562016536422629e-9
2.57810063794591,1.590742946817689,0.062355059570544595,0.027988539942401632,-1.814809760802838e-9
2.6878070480712677,1.590742946817689,0.04816988338392434,0.01984491591818595,-1.2912001259857142e-9
2.7975134581966254,1.590742946817689,0.038011606802015534,0.014432336700400006,-9.428948108403112e-10
2.9072198683219836,1.590742946817689,0.03127921470699829,0.01105529113516588,-7.257632966828353e-10
3.0169262784473414,1.590742946817689,0.027393040745780504,0.009182091509105286,-6.060656265044484e-10
3.126632688572699,1.590742946817689,0.02594189748215156,0.008478082343962317,-5.627044663558678e-10
3.236339098698057,1.590742946817689,0.026756422059231042,0.008808691952182212,-5.875432362856259e-10
3.346045508823415,1.590742946817689,0.029933126140723746,0.010236165109223911,-6.853036922660483e-10
3.455751918948773,1.590742946817689,0.03582129148241467,0.013019833110139342,-8.736588535951384e-10
-3.455751918948773,1.700449356943047,0.034534848349789274,0.013679258796863896,-8.371050172484296e-10
-3.346045508823415,1.700449356943047,0.02881644750842436,0.010493222616597755,-6.575959325683112e-10
-3.236339098698057,1.700449356943047,0.025712465361112186,0.008747664964483374,-5.64742374392635e-10
-3.126632688572699,1.700449356943047,0.024882760304083557,0.008117683625409631,-5.418588217009912e-10
-3.0169262784473414,1.700449356943047,0.026230192489719067,0.008476460902895982,-5.846942791043475e-10
-2.9072198683219836,1.700449356943047,0.02991445922152873,0.009886267016701323,-7.014169904617784e-10
-2.7975134581966254,1.700449356943047,0.036330613551762744,0.012593440351351824,-9.127989301915829e-10
-2.6878070480712677,1.700449356943047,0.04604108003883047,0.01702080070280038,-1.2520054958053972e-9
-2.57810063794591,1.700449356943047,0.05963757019900489,0.023738243204026635,-1.7625141346400142e-9
-2.468394227820552,1.700449356943047,0.0775141208293936,0.03338424990235781,-2.492147377353149e-9
-2.358687817695194,1.700449356943047,0.09956396273836797,0.04651468316740617,-3.481559256168776e-9
-2.248981407569836,1.700449356943047,0.1248686414220192,0.0633776344333195,-4.747295126450446e-9
-2.1392749974444785,1.700449356943047,0.15150368962585736,0.08365368314158309,-6.262630178333062e-9
-2.0295685873191207,1.700449356943047,0.17660049869365288,0.10624516085463391,-7.942590626863755e-9
-1.9198621771937627,1.700449356943047,0.19674664991903368,0.129220658666748,-9.64097897349081e-9
-1.8101557670684048,1.700449356943047,0.20868257329601642,0.14999946906623318,-1.1165271707191948e-8
-1.700449356943047,1.700449356943047,0.21011192994630143,0.16579023340229493,-1.2309879476868346e-8
-1.590742946817689,1.700449356943047,0.20035772933814383,0.17419880103198204,-1.2901052393043955e-8
-1.4810365366923313,1.700449356943047,0.18061741539076037,0.1738318143685048,-1.2840601359975778e-8
-1.3713301265669733,1.700449356943047,0.15370124965262064,0.16468955152263076,-1.2133578503048525e-8
-1.2616237164416155,1.700449356943047,0.12332968901493165,0.14819323101676887,-1.088904263979451e-8
-1.1519173063162575,1.700449356943047,0.09323340442404324,0.1268204993584286,-9.292378810865642e-9
-1.0422108961908998,1.700449356943047,0.06636402412188337,0.10347548470780532,-7.558612978575407e-9
-0.9325044860655419,1.700449356943047,0.0444526687410719,0.08082024634933725,-5.88335462292644e-9
-0.8227980759401841,1.700449356943047,0.02798734013491864,0.06078895829841509,-4.407487111390829e-9
-0.7130916658148262,1.700449356943047,0.01651062059793517,0.044402391207584546,-3.2040845879266477e-9
-0.6033852556894683,1.700449356943047,0.009049384673141704,0.031863012261614865,-2.2859374809724997e-9
-0.4936788455641104,1.700449356943047,0.004502613189894144,0.022815392894998933,-1.625076812700188e-9
-0.38397243543875254,1.700449356943047,0.0018937278232181555,0.01663828695818811,-1.1743966372296244e-9
-0.27426602531339467,1.700449356943047,0.00047943287602047763,0.01267727019634751,-8.846816196284024e-10
-0.1645596151880368,1.700449356943047,-0.00024217699659893248,0.010387612624300671,-7.148638564782872e-10
-0.054853205062678934,1.700449356943047,-0.0005706107339357083,0.00940162810103992,-6.366095081644652e-10
0.054853205062678934,1.700449356943047,-0.0006480007249229486,0.009552162051307279,-6.355842440894377e-10
0.1645596151880368,1.700449356943047,-0.0004868364165254626,0.0108806705976993,-7.114821310230668e-10
0.27426602531339467,1.700449356943047,0.000029314701219376738,0.013645191339108857,-8.779474326356396e-10
0.38397243543875254,1.700449356943047,0.0011727392629459644,0.01832698706790542,-1.1623896966489466e-9
0.4936788455641104,1.700449356943047,0.003417717278443061,0.025617082812321827,-1.6045741211417885e-9
0.6033852556894683,1.700449356943047,0.00748368115751002,0.036348234761647454,-2.2519521351849203e-9
0.7130916658148262,1.700449356943047,0.01433478344101671,0.051332613125639005,-3.1494888572125568e-9
0.8227980759401841,1.700449356943047,0.025081302226338087,0.07108456963692708,-4.323035686371046e-9
0.9325044860655419,1.700449356943047,0.040737269401160146,0.09546074253627566,-5.758529431076909e-9
1.0422108961908998,1.700449356943047,0.06183783490735116,0.12332485480616943,-7.38361459473591e-9
1.1519173063162575,1.700449356943047,0.0880050956216953,0.15240088954892544,-9.061152189682176e-9
1.2616237164416155,1.700449356943047,0.11763316721538294,0.17946300407606794,-1.0602532601877712e-8
1.3713301265669733,1.700449356943047,0.14788173054024384,0.2009003019537806,-1.1801837063174503e-8
1.4810365366923313,1.700449356943047,0.17508333450740546,0.213528587484074,-1.2482429451177168e-8
1.590742946817689,1.700449356943047,0.1955054918770491,0.21538801216044756,-1.2540757321488627e-8
1.700449356943047,1.700449356943047,0.20624375074888232,0.20624513172500206,-1.1972075136812421e-8
1.8101557670684048,1.700449356943047,0.205944769669114,0.18762575452208122,-1.0869631611454267e-8
1.9198621771937627,1.700449356943047,0.19511065970931907,0.1623842426783036,-9.398833517026972e-9
2.0295685873191207,1.700449356943047,0.17589217079740066,0.1339781098441054,-7.75630111526926e-9
2.1392749974444785,1.700449356943047,0.1514665106146261,0.10569716698176645,-6.127383669896069e-9
2.248981407569836,1.700449356943047,0.12523464923643068,0.08007465168531491,-4.654115939861647e-9
2.358687817695194,1.700449356943047,0.10010799223383396,0.05860850729472215,-3.4202496390633996e-9
2.468394227820552,1.700449356943047,0.07807949785654039,0.04179491730711176,-2.453358835530217e-9
2.57810063794591,1.700449356943047,0.060135556425591555,0.029376855730562194,-1.7387623146847275e-9
2.6878070480712677,1.700449356943047,0.046434740134485675,0.0206715442577136,-1.2378637871679476e-9
2.7975134581966254,1.700449356943047,0.036614470122520004,0.01486289342830496,-9.04632001252903e-10
2.9072198683219836,1.700449356943047,0.03009724966887968,0.011200731754464864,-6.969584735727619e-10
3.0169262784473414,1.700449356943047,0.026323285442381845,0.00910310438190997,-5.826517966017741e-10
3.126632688572699,1.700449356943047,0.02489372405261817,0.008189598577332077,-5.416282092968183e-10
3.236339098698057,1.700449356943047,0.02564227172992884,0.008280370780126146,-5.662550289775581e-10
3.346045508823415,1.700449356943047,0.0286591685828199,0.009386782043535064,-6.613004588373883e-10
3.455751918948773,1.700449356943047,0.034279695218015827,0.011705361054488947,-8.440833275391579e-10
-3.455751918948773,1.8101557670684048,0.031342274961958634,0.013238716621561314,-7.605300313129337e-10
-3.346045508823415,1.8101557670684048,0.02610990299859719,0.009987743231600819,-5.979156111196593e-10
-3.236339098698057,1.8101557670684048,0.023258801626067867,0.008145307922539004,-5.140259780322953e-10
-3.126632688572699,1.8101557670684048,0.02247469111165025,0.007362605606480777,-4.93792838215934e-10
-3.0169262784473414,1.8101557670684048,0.023665750525362978,0.007478504824398933,-5.335085966756692e-10
-2.9072198683219836,1.8101557670684048,0.026975772921637244,0.008505165888613535,-6.408518594264168e-10
-2.7975134581966254,1.8101557670684048,0.03276600659045992,0.010617962591987091,-8.351214789148464e-10
-2.6878070480712677,1.8101557670684048,0.041555722126746214,0.01414561738420891,-1.1471329441903322e-9
-2.57810063794591,1.8101557670684048,0.05389965436220724,0.0195452853066332,-1.617414067262013e-9
-2.468394227820552,1.8101557670684048,0.07018380665073776,0.027340077833376743,-2.2908092436879635e-9
-2.358687817695194,1.8101557670684048,0.09034859052665249,0.037998422796820995,-3.2058848700722287e-9
-2.248981407569836,1.8101557670684048,0.11359873134533376,0.0517515977071578,-4.379130780218787e-9
-2.1392749974444785,1.8101557670684048,0.13821220180330926,0.06837811232786907,-5.7868317915321654e-9
-2.0295685873191207,1.8101557670684048,0.16157882333020587,0.08702085784191702,-7.350583211551687e-9
-1.9198621771937627,1.8101557670684048,0.18055161157888133,0.10612511008531886,-8.933955825130013e-9
-1.8101557670684048,1.8101557670684048,0.19208168896279598,0.12357271677942057,-1.0356172183700885e-8
-1.700449356943047,1.8101557670684048,0.19397440450133685,0.13703293849539053,-1.1423539628130364e-8
-1.590742946817689,1.8101557670684048,0.18551698298030095,0.14446683449960437,-1.1972320190789532e-8
-1.4810365366923313,1.8101557670684048,0.16773975125952495,0.1446424885850933,-1.1910546771076724e-8
-1.3713301265669733,1.8101557670684048,0.14319253153436626,0.1374835712672333,-1.1244260161857866e-8
-1.2616237164416155,1.8101557670684048,0.11530017921813805,0.12411282621009108,-1.0077694997945308e-8
-1.1519173063162575,1.8101557670684048,0.0875244081978548,0.10656076726681357,-8.586261243670457e-9
-1.0422108961908998,1.8101557670684048,0.06262313757437979,0.08724238559118812,-6.971853545867379e-9
-0.9325044860655419,1.8101557670684048,0.042232167363175005,0.06839343302291088,-5.4166291799107036e-9
-0.8227980759401841,1.8101557670684048,0.026837080114706705,0.05165545783834296,-4.050427989538141e-9
-0.7130916658148262,1.8101557670684048,0.016043950699975544,0.03791166825893991,-2.9393808567701463e-9
-0.6033852556894683,1.8101557670684048,0.00897406510995244,0.027359516833706382,-2.0936831452572635e-9
-0.4936788455641104,1.8101557670684048,0.004621670851687292,0.019724563727809154,-1.4861846059366357e-9
-0.38397243543875254,1.8101557670684048,0.0020881473948779683,0.01450386943975968,-1.0725508571562958e-9
-0.27426602531339467,1.8101557670684048,0.0006846529636027835,0.011162126381112886,-8.069209883609929e-10
-0.1645596151880368,1.8101557670684048,-0.00005811284212376214,0.009254365297401115,-6.512113018969368e-10
-0.054853205062678934,1.8101557670684048,-0.0004242302639324764,0.008486543867404023,-5.791869770246927e-10
0.054853205062678934,1.8101557670684048,-0.0005533509181750097,0.008740298191320814,-5.775088914028448e-10
0.1645596151880368,1.8101557670684048,-0.00046635302709200277,0.010085747299581416,-6.45676953743568e-10
0.27426602531339467,1.8101557670684048,-0.00006655194007162447,0.012795071688931492,-7.959025920961649e-10
0.38397243543875254,1.8101557670684048,0.0008846071521231135,0.017354846040834954,-1.0529103179612864e-9
0.4936788455641104,1.8101557670684048,0.0028102179127925397,0.024458592412067444,-1.4526560700861557e-9
0.6033852556894683,1.8101557670684048,0.0063592441080246205,0.034945513110638995,-2.0381198395647004e-9
0.7130916658148262,1.8101557670684048,0.01240970896173286,0.049645338947771095,-2.8501377993817023e-9
0.8227980759401841,1.8101557670684048,0.0219833697550157,0.06910676145684193,-3.912392264326936e-9
0.9325044860655419,1.8101557670684048,0.03602837065655527,0.09323825336192147,-5.212587021741211e-9
1.0422108961908998,1.8101557670684048,0.05507010470975172,0.12096516281159478,-6.6857281239007804e-9
1.1519173063162575,1.8101557670684048,0.07880859786730568,0.15006614165809964,-8.208054236291673e-9
1.2616237164416155,1.8101557670684048,0.10581816422563001,0.17734193997740397,-9.608830606189223e-9
1.3713301265669733,1.8101557670684048,0.13352602331625132,0.19916411567752992,-1.0701077371444434e-8
1.4810365366923313,1.8101557670684048,0.15857311929583384,0.21228541468626091,-1.1323765564119626e-8
1.590742946817689,1.8101557670684048,0.1775099172575723,0.2146542782361987,-1.1381766085172274e-8
1.700449356943047,1.8101557670684048,0.18762449004931475,0.20594601460424197,-1.0869619343489845e-8
1.8101557670684048,1.8101557670684048,0.18762293639570252,0.18762407480716864,-9.87123693896308e-9
1.9198621771937627,1.8101557670684048,0.17792557918713986,0.16252452604825499,-8.536680348725234e-9
2.0295685873191207,1.8101557670684048,0.16048637705503466,0.13412747854290769,-7.044909988707104e-9
2.1392749974444785,1.8101557670684048,0.138220786745398,0.1057691809487313,-5.564905286581379e-9
2.248981407569836,1.8101557670684048,0.11426082952009761,0.08003235428494931,-4.226240885030208e-9
2.358687817695194,1.8101557670684048,0.09129106679701786,0.05845223348754692,-3.105302376349428e-9
2.468394227820552,1.8101557670684048,0.07114914897064947,0.04154436623799557,-2.2271901267689742e-9
2.57810063794591,1.8101557670684048,0.05474370244922291,0.029055268951336363,-1.5784714056665816e-9
2.6878070480712677,1.8101557670684048,0.04222001788017129,0.02029545220046325,-1.1239567089538216e-9
2.7975134581966254,1.8101557670684048,0.03324365879170041,0.014436968151774272,-8.217430867707431e-10
2.9072198683219836,1.8101557670684048,0.027282799063814277,0.010715297224316814,-6.335512149624467e-10
3.0169262784473414,1.8101557670684048,0.023821949133010077,0.008531553628193075,-5.301650056466212e-10
3.126632688572699,1.8101557670684048,0.02249307953814486,0.0074834284096910045,-4.934153381014328e-10
3.236339098698057,1.8101557670684048,0.023141045679506693,0.007360114647970014,-5.165020234426665e-10
3.346045508823415,1.8101557670684048,0.02584582243001708,0.008127719202198274,-6.039811324687339e-10
3.455751918948773,1.8101557670684048,0.03091317259527947,0.009917896758828692,-7.719598779654113e-10
-3.455751918948773,1.9198621771937627,0.02684817225598279,0.012113183611288388,-6.552993061376133e-10
-3.346045508823415,1.9198621771937627,0.022319196715978405,0.008996608456797499,-5.155139492368788e-10
-3.236339098698057,1.9198621771937627,0.019843130296452176,0.00718471011111239,-4.4361266396397703e-10
-3.126632688572699,1.9198621771937627,0.01914359751885338,0.0063283792061974665,-4.2664625998778405e-10
-3.0169262784473414,1.9198621771937627,0.0201380666391831,0.006248126901443443,-4.6153868400733433e-10
-2.9072198683219836,1.9198621771937627,0.022949465497836507,0.00691590540710346,-5.551368236628162e-10
-2.7975134581966254,1.9198621771937627,0.02789187469800122,0.008441433077413034,-7.244741230538754e-10
-2.6878070480712677,1.9198621771937627,0.035421832592134404,0.0110610190266378,-9.967709678482262e-10
-2.57810063794591,1.9198621771937627,0.046035888507360935,0.015117552522580471,-1.407974768025122e-9
-2.468394227820552,1.9198621771937627,0.06009681143339254,0.021014109150341166,-1.998146668957812e-9
-2.358687817695194,1.9198621771937627,0.07759337216156459,0.029124094675584404,-2.8022030459928793e-9
-2.248981407569836,1.9198621771937627,0.09788199466287595,0.03965255669721891,-3.835880141300763e-9
-2.1392749974444785,1.9198621771937627,0.11950643280488456,0.05246734090413817,-5.079355394621565e-9
-2.0295685873191207,1.9198621771937627,0.14021233335431282,0.06694841725935699,-6.4638380897763525e-9
-1.9198621771937627,1.9198621771937627,0.15723743104147447,0.0819242735489222,-7.868033946589748e-9
-1.8101557670684048,1.9198621771937627,0.16786192065123876,0.09575917693847324,-9.130102701648823e-9
-1.700449356943047,1.9198621771937627,0.17008236401531332,0.10661555079789228,-1.0076069853481862e-8
-1.590742946817689,1.9198621771937627,0.1631865081560731,0.11284905189579794,-1.0558974583574354e-8
-1.4810365366923313,1.9198621771937627,0.14800864908693737,0.11342563031577214,-1.0497066632586538e-8
-1.3713301265669733,1.9198621771937627,0.12674948049181187,0.10821552276091921,-9.897442074247031e-9
-1.2616237164416155,1.9198621771937627,0.10241154823455073,0.09804632909739057,-8.85551638962756e-9
-1.1519173063162575,1.9198621771937627,0.07805360792609616,0.08448469391112823,-7.52967643097291e-9
-1.0422108961908998,1.9198621771937627,0.056127696391493107,0.0694255716005458,-6.100396944541675e-9
-0.9325044860655419,1.9198621771937627,0.038102349004420895,0.054642530330284954,-4.728803473796894e-9
-0.8227980759401841,1.9198621771937627,0.024432905586056337,0.04145235196077289,-3.5282394714175602e-9
-0.7130916658148262,1.9198621771937627,0.01479698496095527,0.030577751841085635,-2.5550894837411686e-9
-0.6033852556894683,1.9198621771937627,0.008439987564409482,0.022198881805353662,-1.8164957593658215e-9
-0.4936788455641104,1.9198621771937627,0.0044888680940209065,0.016118929821968112,-1.2872381459361204e-9
-0.38397243543875254,1.9198621771937627,0.002158344743974497,0.011955558325014081,-9.275856385076997e-10
-0.27426602531339467,1.9198621771937627,0.0008424876132078494,0.009297102638292,-6.969294768024992e-10
-0.1645596151880368,1.9198621771937627,0.00012505281299389406,0.007802264103697461,-5.617490075535136e-10
-0.054853205062678934,1.9198621771937627,-0.00024923173574684966,0.007251766868204826,-4.990065262042154e-10
0.054853205062678934,1.9198621771937627,-0.00040976156581072924,0.007572608739516059,-4.969407008288684e-10
0.1645596151880368,1.9198621771937627,-0.00038256819240977107,0.0088538991442556,-5.549393618242693e-10
0.27426602531339467,1.9198621771937627,-0.00009183975948175768,0.011364297691006844,-6.833846015116829e-10
0.38397243543875254,1.9198621771937627,0.0006608926626740647,0.015568565514582218,-9.034711971611653e-10
0.4936788455641104,1.9198621771937627,0.002234199788536842,0.022125967411906075,-1.2461301712729522e-9
0.6033852556894683,1.9198621771937627,0.0051842974797417,0.031838656596490114,-1.7484725091387876e-9
0.7130916658148262,1.9198621771937627,0.010271093030488052,0.04551160207816706,-2.4459881654836924e-9
0.8227980759401841,1.9198621771937627,0.01838856323277111,0.06370051818646671,-3.3596931070523084e-9
0.9325044860655419,1.9198621771937627,0.030379853418218673,0.0863712350475704,-4.479885788721827e-9
1.0422108961908998,1.9198621771937627,0.046734173993352605,0.11256526404621875,-5.751526817310282e-9
1.1519173063162575,1.9198621771937627,0.06723061756445828,0.14022593777575162,-7.068598303905382e-9
1.2616237164416155,1.9198621771937627,0.09066413779489246,0.16633623540475162,-8.283804753261848e-9
1.3713301265669733,1.9198621771937627,0.11481181783905399,0.18742450285663742,-9.23480367176488e-9
1.4810365366923313,1.9198621771937627,0.136737168552246,0.20033619942608166,-9.780776411005832e-9
1.590742946817689,1.9198621771937627,0.15339816792994038,0.20302936275159267,-9.837526598888147e-9
1.700449356943047,1.9198621771937627,0.1623831415774605,0.1951117323311771,-9.398811090521875e-9
1.8101557670684048,1.9198621771937627,0.16252353595904598,0.17792655832194645,-8.536669413028442e-9
1.9198621771937627,1.9198621771937627,0.15416680668368699,0.15416765668663143,-7.38142966194566e-9
2.0295685873191207,1.9198621771937627,0.13902144785995868,0.12717693456660145,-6.089076229343071e-9
2.1392749974444785,1.9198621771937627,0.11964902116245243,0.10017385827147814,-4.806998007977903e-9
2.248981407569836,1.9198621771937627,0.09880101480433358,0.0756551572456777,-3.6480554480022853e-9
2.358687817695194,1.9198621771937627,0.07882982705689778,0.055104165129532416,-2.6785118706351696e-9
2.468394227820552,1.9198621771937627,0.06133792025178285,0.03901682936265397,-1.9198351311477957e-9
2.57810063794591,1.9198621771937627,0.047109738994976245,0.027146028754341675,-1.3599954738763298e-9
2.6878070480712677,1.9198621771937627,0.036261655458713585,0.01882511109128257,-9.681938098471399e-10
2.7975134581966254,1.9198621771937627,0.028493274155758763,0.01325518056242437,-7.079665256815026e-10
2.9072198683219836,1.9198621771937627,0.023335015925943794,0.009698171668468621,-5.461234728332265e-10
3.0169262784473414,1.9198621771937627,0.020333912628140306,0.007572647049412479,-4.574090637504691e-10
3.126632688572699,1.9198621771937627,0.019166639984752917,0.006480296744272827,-4.261799507049302e-10
3.236339098698057,1.9198621771937627,0.019695521760087806,0.00619724350679402,-4.466710057382528e-10
3.346045508823415,1.9198621771937627,0.0219877479291419,0.006655732983824038,-5.230033298803116e-10
3.455751918948773,1.9198621771937627,0.026308355833455182,0.007928987563882895,-6.694048752808879e-10
-3.455751918948773,2.0295685873191207,0.02176098167956746,0.01051185148752309,-5.370318495456772e-10
-3.346045508823415,2.0295685873191207,0.018044360614582845,0.007692500726779282,-4.2270570550784203e-10
-3.236339098698057,2.0295685873191207,0.0160066104457842,0.006021341512851594,-3.640831126167088e-10
-3.126632688572699,2.0295685873191207,0.01541607774162902,0.005170360714484554,-3.5055019824425937e-10
-3.0169262784473414,2.0295685873191207,0.01620212182953141,0.004958134827518947,-3.796711972592348e-10
-2.9072198683219836,2.0295685873191207,0.018464671812549426,0.005329738417913502,-4.5724761650600687e-10
-2.7975134581966254,2.0295685873191207,0.022463697036823185,0.0063411440754200955,-5.975858332479822e-10
-2.6878070480712677,2.0295685873191207,0.028581715300387885,0.008147637441797053,-8.235792551408716e-10
-2.57810063794591,2.0295685873191207,0.037242939856585874,0.010988380751700319,-1.1655994815173987e-9
-2.468394227820552,2.0295685873191207,0.04877309133042214,0.015154248562573108,-1.6577551900653908e-9
-2.358687817695194,2.0295685873191207,0.06320122708962844,0.02092557538909217,-2.3301911511453e-9
-2.248981407569836,2.0295685873191207,0.08004033933695348,0.02847375236940005,-3.1972044664541066e-9
-2.1392749974444785,2.0295685873191207,0.09812484770818646,0.03773714365146841,-4.243122381231146e-9
-2.0295685873191207,2.0295685873191207,0.11560470628345657,0.04830389649367062,-5.4104512259289805e-9
-1.9198621771937627,2.0295685873191207,0.1301709898291774,0.05935204192364344,-6.596368798406083e-9
-1.8101557670684048,2.0295685873191207,0.13950963793798232,0.06969786342339072,-7.662695436505551e-9
-1.700449356943047,2.0295685873191207,0.14187464642028907,0.07797764877806306,-8.460439862578717e-9
-1.590742946817689,2.0295685873191207,0.13659118382720278,0.0829381113126334,-8.863943953829612e-9
-1.4810365366923313,2.0295685873191207,0.12429335470093363,0.08375531095960731,-8.804168324938466e-9
-1.3713301265669733,2.0295685873191207,0.10678809317973505,0.08027013507277748,-8.288936703682026e-9
-1.2616237164416155,2.0295685873191207,0.0865834301888426,0.07304499721754568,-7.4017488874145165e-9
-1.1519173063162575,2.0295685873191207,0.06625523077847788,0.0632124652576436,-6.279029761413479e-9
-1.0422108961908998,2.0295685873191207,0.04788096417260133,0.05217221446551963,-5.074438681751392e-9
-0.9325044860655419,2.0295685873191207,0.032716282633705684,0.04125224804141894,-3.92352144523711e-9
-0.8227980759401841,2.0295685873191207,0.021166295007186448,0.03145199520486706,-2.9201973443526708e-9
-0.7130916658148262,2.0295685873191207,0.012981107054970352,0.02333282795047865,-2.10991035233532e-9
-0.6033852556894683,2.0295685873191207,0.0075441206529036145,0.01705091506040011,-1.4969126008179678e-9
-0.4936788455641104,2.0295685873191207,0.004134145160676216,0.012477524660904876,-1.0588619642551422e-9
-0.38397243543875254,2.0295685873191207,0.0020982192712749085,0.00934100075934515,-7.618488019264791e-10
-0.27426602531339467,2.0295685873191207,0.00092930886751061,0.007344424757128272,-5.716608332539952e-10
-0.1645596151880368,2.0295685873191207,0.00027637270839133777,0.0062424984509431795,-4.602440772244476e-10
-0.054853205062678934,2.0295685873191207,-0.00007845154574691359,0.005883525943200937,-4.083724248517273e-10
0.054853205062678934,2.0295685873191207,-0.0002485510231611445,0.006231788213314578,-4.0619908131533933e-10
0.1645596151880368,2.0295685873191207,-0.0002616083602033207,0.007384633919319768,-4.5308498489507465e-10
0.27426602531339467,2.0295685873191207,-0.00006123703968697334,0.00959177814360886,-5.574391729462613e-10
0.38397243543875254,2.0295685873191207,0.0005099525386203325,0.013274199140740477,-7.365730881128685e-10
0.4936788455641104,2.0295685873191207,0.0017415626703983231,0.019027412407069403,-1.0158613655136817e-9
0.6033852556894683,2.0295685873191207,0.004087729883913588,0.027580769722998454,-1.4259116873360789e-9
0.7130916658148262,2.0295685873191207,0.008174796060506372,0.03967763884242501,-1.9962768278702914e-9
0.8227980759401841,2.0295685873191207,0.014747484977388177,0.05585301905862036,-2.7449868073015082e-9
0.9325044860655419,2.0295685873191207,0.024519216777824936,0.07612579666883225,-3.6651589679914665e-9
1.0422108961908998,2.0295685873191207,0.03792127980054043,0.09968734028996934,-4.71270691221326e-9
1.1519173063162575,2.0295685873191207,0.05480205718538608,0.12472566470107632,-5.80119526027989e-9
1.2616237164416155,2.0295685873191207,0.07418830152824936,0.1485280171284264,-6.809264513352176e-9
1.3713301265669733,2.0295685873191207,0.09424399445453006,0.1679243061523746,-7.60193816229382e-9
1.4810365366923313,2.0295685873191207,0.1125155520385624,0.1799896917876177,-8.060998160641653e-9
1.590742946817689,2.0295685873191207,0.12644108940845417,0.18278843531973732,-8.114691696370357e-9
1.700449356943047,2.0295685873191207,0.1339771962126097,0.17589305660288929,-7.756272013548227e-9
1.8101557670684048,2.0295685873191207,0.13412665802736135,0.16048718392592742,-7.0448909067488685e-9
1.9198621771937627,2.0295685873191207,0.1271762315032021,0.13902214664568893,-6.089067125514269e-9
2.0295685873191207,2.0295685873191207,0.11456537449458688,0.11456595098039066,-5.019152968244178e-9
2.1392749974444785,2.0295685873191207,0.09845090717669118,0.09008149959899375,-3.958282715488259e-9
2.248981407569836,2.0295685873191207,0.08114090671734137,0.0678634518357708,-3.000435448707872e-9
2.358687817695194,2.0295685873191207,0.06459672033966711,0.04926765101662149,-2.2003843747064877e-9
2.468394227820552,2.0295685873191207,0.050142049324031816,0.03473850045649764,-1.5754310113413883e-9
2.57810063794591,2.0295685873191207,0.03841298246341031,0.024038981191023677,-1.115079497487903e-9
2.6878070480712677,2.0295685873191207,0.02948992661011319,0.016551269209985522,-7.934429849254521e-10
2.7975134581966254,2.0295685873191207,0.023110910858220632,0.011540568116535466,-5.801538034699849e-10
2.9072198683219836,2.0295685873191207,0.018878289803441684,0.008329930295464865,-4.4771853585645616e-10
3.0169262784473414,2.0295685873191207,0.016411839861393558,0.006384806344343473,-3.7530181913603133e-10
3.126632688572699,2.0295685873191207,0.01544073519762498,0.005333920090958408,-3.500566468639388e-10
3.236339098698057,2.0295685873191207,0.015848593839435404,0.00495792421544205,-3.6731948212243015e-10
3.346045508823415,2.0295685873191207,0.017689003320578864,0.0051691909390324895,-4.306255872721376e-10
3.455751918948773,2.0295685873191207,0.021180626093817975,0.005994676740732792,-5.519324129676928e-10
-3.455751918948773,2.1392749974444785,0.016746944701507845,0.008690169338525733,-4.2035476488511136e-10
-3.346045508823415,2.1392749974444785,0.013846003622656705,0.006270777107274906,-3.310502453765518e-10
-3.236339098698057,2.1392749974444785,0.012251653757556375,0.004815458019034891,-2.854060581619633e-10
-3.126632688572699,2.1392749974444785,0.011778403661274667,0.004032948282796982,-2.750966164935531e-10
-3.0169262784473414,2.1392749974444785,0.012368564613924595,0.0037535391111734023,-2.9827372082652515e-10
-2.9072198683219836,2.1392749974444785,0.014099611242016948,0.0039088815448600385,-3.5962310733494984e-10
-2.7975134581966254,2.1392749974444785,0.017176925012471204,0.004516032454016622,-4.706141327331936e-10
-2.6878070480712677,2.1392749974444785,0.021906572499336377,0.005666213057709023,-6.496294908259204e-10
-2.57810063794591,2.1392749974444785,0.028634844692419163,0.007513191741187898,-9.211705981337914e-10
-2.468394227820552,2.1392749974444785,0.03764076322198587,0.01025242847944419,-1.3129635816067076e-9
-2.358687817695194,2.1392749974444785,0.04898032731770614,0.014081179931766484,-1.8498443297987333e-9
-2.248981407569836,2.1392749974444785,0.0623087273850143,0.019133752718220473,-2.544147711946998e-9
-2.1392749974444785,2.1392749974444785,0.07674081306152358,0.025396454663294644,-3.384080307644588e-9
-2.0295685873191207,2.1392749974444785,0.09083092161560694,0.0326220513328338,-4.323731532529518e-9
-1.9198621771937627,2.1392749974444785,0.10273799315961607,0.040277827476832784,-5.2798218158622845e-9
-1.8101557670684048,2.1392749974444785,0.11058166810549942,0.04756536999051837,-6.139657560133571e-9
-1.700449356943047,2.1392749974444785,0.11290767732167703,0.05353544072088906,-6.781406575173676e-9
-1.590742946817689,2.1392749974444785,0.10910865498702792,0.05728685369012491,-7.102547265602777e-9
-1.4810365366923313,2.1392749974444785,0.09963508256083012,0.05819597015452139,-7.047551452143974e-9
-1.3713301265669733,2.1392749974444785,0.08589966103561372,0.05609577162360868,-6.624389127518615e-9
-1.2616237164416155,2.1392749974444785,0.0699014636140399,0.05133132328576411,-5.9028976706620995e-9
-1.1519173063162575,2.1392749974444785,0.053712183200456586,0.04466482791441069,-4.9952783229278985e-9
-1.0422108961908998,2.1392749974444785,0.03901377202934312,0.037066799334590145,-4.026368856380191e-9
-0.9325044860655419,2.1392749974444785,0.026832788908419357,0.02947545630093182,-3.1049014991013646e-9
-0.8227980759401841,2.1392749974444785,0.01751384174605338,0.02260982687626817,-2.30501297909802e-9
-0.7130916658148262,2.1392749974444785,0.010874381878224445,0.016885736459657956,-1.6614976356549294e-9
-0.6033852556894683,2.1392749974444785,0.006434372423383167,0.012433317417300518,-1.1763086772004216e-9
-0.4936788455641104,2.1392749974444785,0.003625455622304591,0.009178471348931884,-8.305900550675815e-10
-0.38397243543875254,2.1392749974444785,0.0019294047790712782,0.00694205957767448,-5.967311696858379e-10
-0.27426602531339467,2.1392749974444785,0.0009411919538812089,0.005523907146177219,-4.4723502332089105e-10
-0.1645596151880368,2.1392749974444785,0.0003782644574790077,0.00475933369777584,-3.597064386802462e-10
-0.054853205062678934,2.1392749974444785,0.0000633487729638036,0.004551884586228999,-3.1884473750479203e-10
0.054853205062678934,2.1392749974444785,-0.0000979121882437714,0.004892955555705502,-3.167942084873754e-10
0.1645596151880368,2.1392749974444785,-0.00013187197137000915,0.005878585493693887,-3.5295734130552647e-10
0.27426602531339467,2.1392749974444785,1.5380029283668974e-6,0.007728770057103633,-4.338478270214663e-10
0.38397243543875254,2.1392749974444785,0.0004219307027875704,0.010806839974314492,-5.72986663324726e-10
0.4936788455641104,2.1392749974444785,0.001353212357367798,0.01562613475336581,-7.902914867657929e-10
0.6033852556894683,2.1392749974444785,0.0031499549108446765,0.0228198987163766,-1.1099440221096213e-9
0.7130916658148262,2.1392749974444785,0.0063053552067309,0.03304369149656526,-1.555566755268023e-9
0.8227980759401841,2.1392749974444785,0.011411475663937274,0.046788092281578944,-2.1420830526031054e-9
0.9325044860655419,2.1392749974444785,0.019043376345882393,0.06411288971870602,-2.865145794228585e-9
1.0422108961908998,2.1392749974444785,0.0295606714507895,0.0843696638097681,-3.6911962861263525e-9
1.1519173063162575,2.1392749974444785,0.04286479910598695,0.1060327683738254,-4.552917341749119e-9
1.2616237164416155,2.1392749974444785,0.058200692814425276,0.12676808991863628,-5.354538590296443e-9
1.3713301265669733,2.1392749974444785,0.07411408899520629,0.14380450412633713,-5.98836551179982e-9
1.4810365366923313,2.1392749974444785,0.08864137167734201,0.15454707444727567,-6.359003990041856e-9
1.590742946817689,2.1392749974444785,0.099719204960778,0.15724414012445898,-6.4075895422899265e-9
1.700449356943047,2.1392749974444785,0.10569644243788531,0.1514672144537665,-6.1273509460724185e-9
1.8101557670684048,2.1392749974444785,0.10576853103955243,0.13822142629325537,-5.564880736774747e-9
1.9198621771937627,2.1392749974444785,0.10017330250837864,0.11964957346429402,-4.80698232607768e-9
2.0295685873191207,2.1392749974444785,0.09008104514641962,0.0984513613756694,-3.958275457405236e-9
2.1392749974444785,2.1392749974444785,0.077234483534276,0.0772348403740494,-3.117470247226972e-9
2.248981407569836,2.1392749974444785,0.06348531979179137,0.05801191576584919,-2.359548771646569e-9
2.358687817695194,2.1392749974444785,0.050392634800654944,0.04196012251257289,-1.7277806962923137e-9
2.468394227820552,2.1392749974444785,0.03899477389326868,0.029452761235315397,-1.2353704552381384e-9
2.57810063794591,2.1392749974444785,0.02977756319789602,0.020267861966893314,-8.734470959004259e-10
2.6878070480712677,2.1392749974444785,0.02278662830269493,0.013855778962134638,-6.211010664114447e-10
2.7975134581966254,2.1392749974444785,0.017800863418738027,0.009570373780372394,-4.540802091973495e-10
2.9072198683219836,2.1392749974444785,0.014497031794805212,0.006819527878903142,-3.505702794032173e-10
3.0169262784473414,2.1392749974444785,0.012569680049678173,0.005135764427392681,-2.941179617563239e-10
3.126632688572699,2.1392749974444785,0.011802032354243062,0.004191324877617112,-2.7462697307217843e-10
3.236339098698057,2.1392749974444785,0.012100166732595626,0.0037854114133253902,-2.8848482283572174e-10
3.346045508823415,2.1392749974444785,0.013504785808876426,0.0038238545282215882,-3.385770804345545e-10
3.455751918948773,2.1392749974444785,0.016188053841566324,0.004301678888000319,-4.3449441440579495e-10
-3.455751918948773,2.248981407569836,0.012294234153883647,0.006884397665114162,-3.160825169309933e-10
-3.346045508823415,2.248981407569836,0.010131192988232517,0.004902211162677275,-2.491022249584418e-10
-3.236339098698057,2.248981407569836,0.008940094280494248,0.0036966700903952212,-2.1498056026331147e-10
-3.126632688572699,2.248981407569836,0.008578551728998535,0.0030215517677470143,-2.0743844229148545e-10
-3.0169262784473414,2.248981407569836,0.009001487487481297,0.0027278206542820918,-2.251250054430276e-10
-2.9072198683219836,2.248981407569836,0.010266469284945802,0.0027447544990087157,-2.7166556591101676e-10
-2.7975134581966254,2.248981407569836,0.012529020690154165,0.0030648681323197373,-3.5587775521622733e-10
-2.6878070480712677,2.248981407569836,0.016023905497087418,0.0037335682649592824,-4.919170487616142e-10
-2.57810063794591,2.248981407569836,0.021022093167747245,0.004840486741545146,-6.987335345737256e-10
-2.468394227820552,2.248981407569836,0.027752073047243097,0.006506792052353944,-9.979226455597567e-10
-2.358687817695194,2.248981407569836,0.03628280904073404,0.008861770388537754,-1.4090657703136333e-9
-2.248981407569836,2.248981407569836,0.046385915353331746,0.012003749367017737,-1.9422784283684713e-9
-2.1392749974444785,2.248981407569836,0.05742136261757389,0.015946202939147017,-2.5890441804343745e-9
-2.0295685873191207,2.248981407569836,0.06830968538301908,0.020559481807034624,-3.314172304647034e-9
-1.9198621771937627,2.248981407569836,0.07764584872309957,0.025529164287705495,-4.052973519297343e-9
-1.8101557670684048,2.248981407569836,0.08396591102529467,0.03035749185137407,-4.717359690376011e-9
-1.700449356943047,2.248981407569836,0.08610851515558979,0.03442772753583577,-5.211896379753167e-9
-1.590742946817689,2.248981407569836,0.08355196549986825,0.037129648243898326,-5.456497365052826e-9
-1.4810365366923313,2.248981407569836,0.07659314103732617,0.038014263971653,-5.408445809262918e-9
-1.3713301265669733,2.248981407569836,0.06628593559771716,0.03692315923432555,-5.0752550564969745e-9
-1.2616237164416155,2.248981407569836,0.05415544778750972,0.034039186308007736,-4.512853715721299e-9
-1.1519173063162575,2.248981407569836,0.04179891069786297,0.02983498463295965,-3.809613374761156e-9
-1.0422108961908998,2.248981407569836,0.030523451463062616,0.024939828858541287,-3.062668587489048e-9
-0.9325044860655419,2.248981407569836,0.021136072986339776,0.019978855191136864,-2.3555588417323303e-9
-0.8227980759401841,2.248981407569836,0.01391952853759753,0.015443550707349953,-1.7443284264923031e-9
-0.7130916658148262,2.248981407569836,0.008749113062125415,0.01162919750708704,-1.2544560633320767e-9
-0.6033852556894683,2.248981407569836,0.005267867604768171,0.008640879213864909,-8.863456678678827e-10
-0.4936788455641104,2.248981407569836,0.0030467756961278973,0.006444389016012328,-6.248057618160607e-10
-0.38397243543875254,2.248981407569836,0.001691427692982391,0.004931429237405445,-4.483082225760493e-10
-0.27426602531339467,2.248981407569836,0.000891388835150157,0.003976601289550241,-3.356763634415616e-10
-0.1645596151880368,2.248981407569836,0.0004284461512707688,0.0034772464501039374,-2.697753888770277e-10
-0.054853205062678934,2.248981407569836,0.00016432479739865642,0.0033780922314455755,-2.3893520126848367e-10
0.054853205062678934,2.248981407569836,0.00002403866052113463,0.003687747394435653,-2.3715289454440125e-10
0.1645596151880368,2.248981407569836,-0.000015445654574121467,0.004494080545718714,-2.6391427368141485e-10
0.27426602531339467,2.248981407569836,0.00007337966744646327,0.005982154200938539,-3.240695715250874e-10
0.38397243543875254,2.248981407569836,0.0003782830745609044,0.008452577522657571,-4.2776736406541227e-10
0.4936788455641104,2.248981407569836,0.001066018033371953,0.012330012653917508,-5.900368561795322e-10
0.6033852556894683,2.248981407569836,0.00240273587086514,0.01814220917496323,-8.292552027000522e-10
0.7130916658148262,2.248981407569836,0.004761129159687131,0.026443805053800305,-1.1636042979851213e-9
0.8227980759401841,2.248981407569836,0.008591992386266734,0.03766482579022252,-1.6049956468033866e-9
0.9325044860655419,2.248981407569836,0.014337861868516375,0.051890088931495805,-2.151044085907383e-9
1.0422108961908998,2.248981407569836,0.022282249507414642,0.06862191566298269,-2.777320380620285e-9
1.1519173063162575,2.248981407569836,0.03236198680154496,0.08662549967743009,-3.433487931470136e-9
1.2616237164416155,2.248981407569836,0.04401013549689713,0.10396942924959938,-4.046859722328655e-9
1.3713301265669733,2.248981407569836,0.0561169500598869,0.11832472932036077,-4.534701100733507e-9
1.4810365366923313,2.248981407569836,0.06717224226149851,0.12748003380741918,-4.822842694651719e-9
1.590742946817689,2.248981407569836,0.07558284095099464,0.12991695336296727,-4.86474037442175e-9
1.700449356943047,2.248981407569836,0.080074100008413,0.125235190047796,-4.6540824805152425e-9
1.8101557670684048,2.248981407569836,0.08003186002354515,0.11426131964345916,-4.226213531910439e-9
1.9198621771937627,2.248981407569836,0.07565473543886574,0.09880143673734276,-3.6480353807211152e-9
2.0295685873191207,2.248981407569836,0.06786310789156008,0.0811412524710397,-3.000422972576633e-9
2.1392749974444785,2.248981407569836,0.05801164664333195,0.0634855903856826,-2.3595431164480374e-9
2.248981407569836,2.248981407569836,0.04752503187342099,0.04752523513012738,-1.782926278837138e-9
2.358687817695194,2.248981407569836,0.037588468000329577,0.03423740245057112,-1.3033933377037954e-9
2.468394227820552,2.248981407569836,0.0289781149017804,0.02391821485974785,-9.305568884898641e-10
2.57810063794591,2.248981407569836,0.022044660982371036,0.016365917466658983,-6.571850477005148e-10
2.6878070480712677,2.248981407569836,0.0168055768364996,0.011109769932350178,-4.67014272739763e-10
2.7975134581966254,2.248981407569836,0.013080496079101256,0.007604215288710765,-3.4141032362322576e-10
2.9072198683219836,2.248981407569836,0.010616619366027983,0.005352807637874487,-2.637281972667216e-10
3.0169262784473414,2.248981407569836,0.009178353951551279,0.003964417434903561,-2.2147617073642323e-10
3.126632688572699,2.248981407569836,0.008599316934388477,0.0031631516099335675,-2.0702584785370348e-10
3.236339098698057,2.248981407569836,0.008806912486462072,0.0027753972952507177,-2.1768445379599655e-10
3.346045508823415,2.248981407569836,0.009830748895633942,0.0027107859087407253,-2.557046250087347e-10
3.455751918948773,2.248981407569836,0.011800753338653717,0.0029457828152663814,-3.2846233372074707e-10
-3.455751918948773,2.358687817695194,0.008661101834070647,0.0052666947007628355,-2.3011625417679316e-10
-3.346045508823415,2.358687817695194,0.007111551225652117,0.003703757249147221,-1.815312457645324e-10
-3.236339098698057,2.358687817695194,0.006257101077423609,0.002745561892160891,-1.568613572366928e-10
-3.126632688572699,2.358687817695194,0.0059924421187147955,0.0021922433690011174,-1.5152347128746801e-10
-3.0169262784473414,2.358687817695194,0.006283735643814813,0.0019193671454463663,-1.6456025864891588e-10
-2.9072198683219836,2.358687817695194,0.007172280607234668,0.00186125955777332,-1.9867745252796776e-10
-2.7975134581966254,2.358687817695194,0.008771676496157517,0.001997583495788747,-2.6041976301099945e-10
-2.6878070480712677,2.358687817695194,0.01125558998105307,0.0023442171007642507,-3.6030904128347974e-10
-2.57810063794591,2.358687817695194,0.014828438583120749,0.002946752701989571,-5.124852946528091e-10
-2.468394227820552,2.358687817695194,0.019670088600712003,0.003873208740606055,-7.331610856614601e-10
-2.358687817695194,2.358687817695194,0.025851287161715888,0.0052016913729685645,-1.037190153208023e-9
-2.248981407569836,2.358687817695194,0.03323091010678795,0.006999231031644813,-1.4324942482213388e-9
-2.1392749974444785,2.358687817695194,0.04136618882286265,0.009290691416325497,-1.913106822265531e-9
-2.0295685873191207,2.358687817695194,0.049482796301477186,0.012022018307638715,-2.4529597589251217e-9
-1.9198621771937627,2.358687817695194,0.05654884834413825,0.015029222452609884,-3.0035705207709373e-9
-1.8101557670684048,2.358687817695194,0.06146626556464392,0.018029983212440398,-3.4985676369836405e-9
-1.700449356943047,2.358687817695194,0.06334063660295175,0.020653393514297146,-3.865936182290142e-9
-1.590742946817689,2.358687817695194,0.061741074148031636,0.02251147699063657,-4.045432683286165e-9
-1.4810365366923313,2.358687817695194,0.05684619578795584,0.023296255124698996,-4.005426153946834e-9
-1.3713301265669733,2.358687817695194,0.04940895866631474,0.02286853057111928,-3.752530144257582e-9
-1.2616237164416155,2.358687817695194,0.04054862417746931,0.021301645266088225,-3.3298346337196083e-9
-1.1519173063162575,2.358687817695194,0.031452590473030326,0.018860343168674014,-2.8043598936100533e-9
-1.0422108961908998,2.358687817695194,0.023102482022707427,0.01592351694359811,-2.248925724465667e-9
-0.9325044860655419,2.358687817695194,0.016113067276563045,0.012883486364050322,-1.725412035469276e-9
-0.8227980759401841,2.358687817695194,0.010710387618084854,0.010060249512424707,-1.274691179865839e-9
-0.7130916658148262,2.358687817695194,0.006815864846407847,0.00765596443846423,-9.147622936911404e-10
-0.6033852556894683,2.358687817695194,0.004174946816498173,0.005753300885272442,-6.451614620144042e-10
-0.4936788455641104,2.358687817695194,0.002475650609417932,0.004344252399287172,-4.541428153675975e-10
-0.38397243543875254,2.358687817695194,0.0014282205137049033,0.003370346051608956,-3.2553324077165546e-10
-0.27426602531339467,2.358687817695194,0.0008027520812153267,0.002759483216825293,-2.436017023949716e-10
-0.1645596151880368,2.358687817695194,0.000436366128097309,0.0024530138865648437,-1.956971843689731e-10
-0.054853205062678934,2.358687817695194,0.00022490727109883034,0.0024237897510726004,-1.7322953640118433e-10
0.054853205062678934,2.358687817695194,0.00011104565737405931,0.002689556386071904,-1.7177392776408784e-10
0.1645596151880368,2.358687817695194,0.00007598618859179203,0.0033263013941127427,-1.9091503595039527e-10
0.27426602531339467,2.358687817695194,0.00013828461445190713,0.004483989519908457,-2.341485148132927e-10
0.38397243543875254,2.358687817695194,0.00036076101554561235,0.006402926259651342,-3.088440015883154e-10
0.4936788455641104,2.358687817695194,0.0008640674766780382,0.009422768982188237,-4.259739531595197e-10
0.6033852556894683,2.358687817695194,0.0018416986198838007,0.013968697103791457,-5.990533165009526e-10
0.7130916658148262,2.358687817695194,0.0035656355105593623,0.02049384939496928,-8.416264525579198e-10
0.8227980759401841,2.358687817695194,0.006366266688414777,0.02936067567711736,-1.1628837337518405e-9
0.9325044860655419,2.358687817695194,0.010569812193853754,0.040663811298332915,-1.561767097590927e-9
1.0422108961908998,2.358687817695194,0.0163876222981916,0.05403410507204817,-2.0211287227178687e-9
1.1519173063162575,2.358687817695194,0.02377664272484229,0.06850335092800584,-2.5045800641776417e-9
1.2616237164416155,2.358687817695194,0.03232064733803971,0.08252407266212647,-2.9587453598267643e-9
1.3713301265669733,2.358687817695194,0.0411983520958481,0.09420276116901191,-3.3221097192615012e-9
1.4810365366923313,2.358687817695194,0.04928798193013573,0.10171900471636201,-3.538859913443382e-9
1.590742946817689,2.358687817695194,0.05540552534266396,0.10380507901104645,-3.573400506051705e-9
1.700449356943047,2.358687817695194,0.05860810134321088,0.10010839681208998,-3.4202175883124575e-9
1.8101557670684048,2.358687817695194,0.0584518701834706,0.09129143250229514,-3.105274801185054e-9
1.9198621771937627,2.358687817695194,0.055103855688599254,0.07883014086859653,-2.6784900547527357e-9
2.0295685873191207,2.358687817695194,0.04926739939459448,0.06459697653677741,-2.2003688524008247e-9
2.1392749974444785,2.358687817695194,0.04195992631426226,0.05039283448590258,-1.7277712524577105e-9
2.248981407569836,2.358687817695194,0.034237254870917666,0.03758861734527602,-1.303389181306347e-9
2.358687817695194,2.358687817695194,0.026964933463625253,0.026965041419398993,-9.512901404107321e-10
2.468394227820552,2.358687817695194,0.020698365385128304,0.018745896759853952,-6.782176365655035e-10
2.57810063794591,2.358687817695194,0.015677626247191195,0.012753499697537161,-4.784882021852122e-10
2.6878070480712677,2.358687817695194,0.011900618855015725,0.008597803329510642,-3.398696341722074e-10
2.7975134581966254,2.358687817695194,0.00922484000712717,0.005833740809738366,-2.48512451068994e-10
2.9072198683219836,2.358687817695194,0.0074592253541407956,0.004059564188094936,-1.9212981899885406e-10
3.0169262784473414,2.358687817695194,0.006428446725900091,0.002959838795942484,-1.6154563580936254e-10
3.126632688572699,2.358687817695194,0.0060094219601583634,0.0023112987788054136,-1.5118237347774843e-10
3.236339098698057,2.358687817695194,0.006148160506350984,0.001970642942867419,-1.5909589227633414e-10
3.346045508823415,2.358687817695194,0.006865472105533247,0.0018576877415502153,-1.8698039687750634e-10
3.455751918948773,2.358687817695194,0.008255947696021362,0.001940804574987966,-2.4031227875698224e-10
-3.455751918948773,2.468394227820552,0.005899835952993378,0.003929820466733989,-1.6390514119557498e-10
-3.346045508823415,2.468394227820552,0.0048255103349606285,0.0027318219359387117,-1.2948695848197245e-10
-3.236339098698057,2.468394227820552,0.004232742842671234,0.0019933909163229614,-1.1206534311636318e-10
-3.126632688572699,2.468394227820552,0.004045966474477763,0.0015571225926268165,-1.0837376916011943e-10
-3.0169262784473414,2.468394227820552,0.004240649738998341,0.0013229643016859083,-1.1774871095521222e-10
-2.9072198683219836,2.468394227820552,0.004845700756661556,0.0012340930392824856,-1.4215692555399895e-10
-2.7975134581966254,2.468394227820552,0.00594187832716565,0.0012654673123447169,-1.8633205742246695e-10
-2.6878070480712677,2.468394227820552,0.007654169292809283,0.001416040610303791,-2.578927566290745e-10
-2.57810063794591,2.468394227820552,0.010132557066853572,0.0017038010085773788,-3.671097844118454e-10
-2.468394227820552,2.468394227820552,0.013514427287345672,0.002161763829887918,-5.25817756523439e-10
-2.358687817695194,2.468394227820552,0.01786535252091989,0.0028324238326216875,-7.449494753702934e-10
-2.248981407569836,2.468394227820552,0.023104808254442867,0.003758019390705328,-1.0304785809378547e-9
-2.1392749974444785,2.468394227820552,0.028937939333007826,0.004964771168705407,-1.3782941229306678e-9
-2.0295685873191207,2.468394227820552,0.03482710772676488,0.006441750298706981,-1.7695560503017127e-9
-1.9198621771937627,2.468394227820552,0.04003712307067922,0.008119379206230758,-2.168892489218255e-9
-1.8101557670684048,2.468394227820552,0.04376770751579106,0.009857268029711898,-2.5276802630147532e-9
-1.700449356943047,2.468394227820552,0.045348584556932824,0.011452641922981103,-2.79312087000938e-9
-1.590742946817689,2.468394227820552,0.04443386358488018,0.012675430823839658,-2.9211993449185236e-9
-1.4810365366923313,2.468394227820552,0.04111773377768287,0.01332416173560966,-2.8891672873565533e-9
-1.3713301265669733,2.468394227820552,0.03591820715045669,0.013283850583299396,-2.7025372113798074e-9
-1.2616237164416155,2.468394227820552,0.029631450121282682,0.012561930292616163,-2.393507784331783e-9
-1.1519173063162575,2.468394227820552,0.023115920158631703,0.011286043565130712,-2.011439547908167e-9
-1.0422108961908998,2.468394227820552,0.01709070429546966,0.009664806091126337,-1.609400343896561e-9
-0.9325044860655419,2.468394227820552,0.012014382646137595,0.007929126204461723,-1.2319925270926069e-9
-0.8227980759401841,2.468394227820552,0.00806511148107884,0.006277827696249031,-9.082548949046476e-10
-0.7130916658148262,2.468394227820552,0.00519861877192611,0.004845113666210453,-6.505883817786717e-10
-0.6033852556894683,2.468394227820552,0.00323982210769598,0.0036945915944630787,-4.5815711901403544e-10
-0.4936788455641104,2.468394227820552,0.001968374798479316,0.0028333833647346267,-3.221672741950121e-10
-0.38397243543875254,2.468394227820552,0.0011769379819651757,0.002235221899332128,-2.3080605525763187e-10
-0.27426602531339467,2.468394227820552,0.000699422690064521,0.0018631921801091742,-1.72697947739206e-10
-0.1645596151880368,2.468394227820552,0.00041716945572127084,0.001687589190966938,-1.3874541598089818e-10
-0.054853205062678934,2.468394227820552,0.00025366555849138815,0.0016988840275666917,-1.2278881481465193e-10
0.054853205062678934,2.468394227820552,0.0001663382638467186,0.001918321725944128,-1.2165196627833552e-10
0.1645596151880368,2.468394227820552,0.0001406797797276143,0.0024090671379970534,-1.3501450651931535e-10
0.27426602531339467,2.468394227820552,0.00018929987829037335,0.003289459090349845,-1.6533740630937654e-10
0.38397243543875254,2.468394227820552,0.0003566750476692404,0.004746974738650716,-2.1784546562486629e-10
0.4936788455641104,2.468394227820552,0.0007286056354738734,0.007046832977959738,-3.003585054284219e-10
0.6033852556894683,2.468394227820552,0.001442711573773466,0.010523279003551721,-4.225769699439663e-10
0.7130916658148262,2.468394227820552,0.0026923208849318793,0.015537017933149062,-5.943429255694799e-10
0.8227980759401841,2.468394227820552,0.004712119902179151,0.02238431033962882,-8.225533257993911e-10
0.9325044860655419,2.468394227820552,0.007733502923512454,0.03115807785179232,-1.1069367367166905e-9
1.0422108961908998,2.468394227820552,0.011905318983592901,0.04159032789129683,-1.435761530499402e-9
1.1519173063162575,2.468394227820552,0.017193490249890586,0.05293809892320445,-1.7833594115335138e-9
1.2616237164416155,2.468394227820552,0.02329508964035441,0.06398983520322898,-2.111484799505181e-9
1.3713301265669733,2.468394227820552,0.029615119637211522,0.07324350937014476,-2.375522729913815e-9
1.4810365366923313,2.468394227820552,0.035342870754330194,0.0792396343631158,-2.534526470643339e-9
1.590742946817689,2.468394227820552,0.0396264230214244,0.0809505066891649,-2.5619866783621603e-9
1.700449356943047,2.468394227820552,0.041794625954825484,0.07807979523527422,-2.4533299280982135e-9
1.8101557670684048,2.468394227820552,0.04154410572178002,0.07114941714555018,-2.227164001833426e-9
1.9198621771937627,2.468394227820552,0.039016607855528886,0.06133814967427321,-1.919813231998635e-9
2.0295685873191207,2.468394227820552,0.03473832079880202,0.05014223595070875,-1.5754142400348226e-9
2.1392749974444785,2.468394227820552,0.029452621612441224,0.03899491876618086,-1.2353588950408945e-9
2.248981407569836,2.468394227820552,0.023918110247672163,0.028978222781020004,-9.305501161294139e-10
2.358687817695194,2.468394227820552,0.018745820569879935,0.020698443012891206,-6.782147135564465e-10
2.468394227820552,2.468394227820552,0.014318362243445664,0.014318416777601622,-4.829735205519325e-10
2.57810063794591,2.468394227820552,0.010791972909109805,0.00968594316077599,-3.4050302594873516e-10
2.6878070480712677,2.468394227820552,0.008152821139436495,0.006485906567480653,-2.418422684336008e-10
2.7975134581966254,2.468394227820552,0.006291163193376164,0.004364414067267456,-1.7695383266319586e-10
2.9072198683219836,2.468394227820552,0.005066443781225386,0.0030047545867510966,-1.369878993226492e-10
3.0169262784473414,2.468394227820552,0.004351851088182385,0.002159355148981284,-1.1536514235230277e-10
3.126632688572699,2.468394227820552,0.004059009029633563,0.001652747380589485,-1.081039082036217e-10
3.236339098698057,2.468394227820552,0.004149043780915136,0.0013706843023423838,-1.1383257487659892e-10
3.346045508823415,2.468394227820552,0.004636275906289607,0.001245839012146774,-1.337909544436855e-10
3.455751918948773,2.468394227820552,0.005587747932353832,0.0012454245560291335,-1.7194124162650537e-10
-3.455751918948773,2.57810063794591,0.003923098140799729,0.0028968244513504515,-1.1581020517570373e-10
-3.346045508823415,2.57810063794591,0.003195577685750919,0.0019928462509013266,-9.168130404163533e-11
-3.236339098698057,2.57810063794591,0.002794391138197827,0.0014339797273198774,-7.950299403189365e-11
-3.126632688572699,2.57810063794591,0.002666447881857787,0.0010984138735437947,-7.697413756738158e-11
-3.0169262784473414,2.57810063794591,0.0027944651831141405,0.0009075692869470054,-8.363963558202792e-11
-2.9072198683219836,2.57810063794591,0.003198482545409129,0.0008144448638892793,-1.0090983929532393e-10
-2.7975134581966254,2.57810063794591,0.003935068878277273,0.0007941169387805302,-1.3216319878772698e-10
-2.6878070480712677,2.57810063794591,0.005092799801112853,0.0008372221159288046,-1.8284081410371855e-10
-2.57810063794591,2.57810063794591,0.006780030841438646,0.000946067881776763,-2.6029498998922374e-10
-2.468394227820552,2.57810063794591,0.00909994798359118,0.0011324476139281101,-3.7302896709057176e-10
-2.358687817695194,2.57810063794591,0.012109950843631378,0.0014158477509389669,-5.289456372903345e-10
-2.248981407569836,2.57810063794591,0.01576895657975082,0.0018203419922163296,-7.324362297222997e-10
-2.1392749974444785,2.57810063794591,0.019886544324871486,0.0023682971822425354,-9.806677900292549e-10
-2.0295685873191207,2.57810063794591,0.02409767116168919,0.0030697406197805104,-1.260183233806056e-9
-1.9198621771937627,2.57810063794591,0.027888432695284647,0.003908545664203662,-1.5455449420276324e-9
-1.8101557670684048,2.57810063794591,0.03068532212765795,0.004830184476417048,-1.8016911695201143e-9
-1.700449356943047,2.57810063794591,0.03199330916448341,0.005738611378230944,-1.9905519108021075e-9
-1.590742946817689,2.57810063794591,0.03153863721269781,0.006508825768777097,-2.08051270655929e-9
-1.4810365366923313,2.57810063794591,0.029359089324482564,0.0070153766895388325,-2.055489216334916e-9
-1.3713301265669733,2.57810063794591,0.02580035208599886,0.007168062470167338,-1.9199110062179114e-9
-1.2616237164416155,2.57810063794591,0.021417185339581993,0.006940153109104424,-1.6973993287316969e-9
-1.1519173063162575,2.57810063794591,0.016820374822927663,0.006376432100380261,-1.4236945060364103e-9
-1.0422108961908998,2.57810063794591,0.012530391688267481,0.005577771723146226,-1.1368600635539017e-9
-0.9325044860655419,2.57810063794591,0.008886832723540634,0.004670022554687341,-8.685763679475156e-10
-0.8227980759401841,2.57810063794591,0.006030131996114681,0.0037709941143828475,-6.392031600202519e-10
-0.7130916658148262,2.57810063794591,0.003940014748825332,0.002967527711209899,-4.5718656161222726e-10
-0.6033852556894683,2.57810063794591,0.0024994636437489144,0.0023076777735998853,-3.216140914783644e-10
-0.4936788455641104,2.57810063794591,0.0015556790934045028,0.0018058258441595346,-2.2602868600223036e-10
-0.38397243543875254,2.57810063794591,0.0009624035199202037,0.001454791851115938,-1.6193680109962555e-10
-0.27426602531339467,2.57810063794591,0.0006011029397429265,0.0012392348402511756,-1.2123097762207352e-10
-0.1645596151880368,2.57810063794591,0.0003863035682058045,0.0011471672387183816,-9.745957209664202e-11
-0.054853205062678934,2.57810063794591,0.00026247230012689033,0.001179171879872163,-8.626585318478874e-11
0.054853205062678934,2.57810063794591,0.0001985201984702172,0.0013566667160684483,-8.540147527959924e-11
0.1645596151880368,2.57810063794591,0.00018373473554413738,0.0017309962145239445,-9.462621257307763e-11
0.27426602531339467,2.57810063794591,0.00022704572440173927,0.0023943223652486004,-1.1565331700137682e-10
0.38397243543875254,2.57810063794591,0.00036019444655808054,0.0034912183605510963,-1.5214357855161675e-10
0.4936788455641104,2.57810063794591,0.0006440993947177274,0.005226382813111192,-2.0960301853542584e-10
0.6033852556894683,2.57810063794591,0.0011758161000727401,0.007859325054396104,-2.9490759920897114e-10
0.7130916658148262,2.57810063794591,0.0020907239957361806,0.011673100241992296,-4.1511334127053434e-10
0.8227980759401841,2.57810063794591,0.0035518389232133823,0.016905274866249997,-5.753083686527161e-10
0.9325044860655419,2.57810063794591,0.005717911518204739,0.023640258671609196,-7.756247449863807e-10
1.0422108961908998,2.57810063794591,0.008687445830138852,0.03168453495792362,-1.0081325947652875e-9
1.1519173063162575,2.57810063794591,0.012428265299729522,0.04047288488100941,-1.2549412516105196e-9
1.2616237164416155,2.57810063794591,0.016717859492127896,0.049067220662916584,-1.4889929358941068e-9
1.3713301265669733,2.57810063794591,0.021128750170936537,0.056291601779011165,-1.6783622998339798e-9
1.4810365366923313,2.57810063794591,0.02508499685585857,0.060993610734786555,-1.7934381410511513e-9
1.590742946817689,2.57810063794591,0.027988320826039984,0.06235528818857015,-1.8147848640515107e-9
1.700449356943047,2.57810063794591,0.029376649190826047,0.06013577381920708,-1.7387372860944161e-9
1.8101557670684048,2.57810063794591,0.029055084352616164,0.05474389813665525,-1.5784478238356492e-9
1.9198621771937627,2.57810063794591,0.027145871999501192,0.047109905979319744,-1.3599748341364126e-9
2.0295685873191207,2.57810063794591,0.024038854320833376,0.03841311787113707,-1.115062750467466e-9
2.1392749974444785,2.57810063794591,0.020267763652556794,0.029777667928233102,-8.734346891581257e-10
2.248981407569836,2.57810063794591,0.016365844067065108,0.02204473865571648,-6.571767383750649e-10
2.358687817695194,2.57810063794591,0.012753446459439337,0.01567768189861214,-4.784834247567593e-10
2.468394227820552,2.57810063794591,0.009685905224899951,0.010792011829110146,-3.4050101713895e-10
2.57810063794591,2.57810063794591,0.0072597173315764076,0.0072597442828933,-2.400159602317098e-10
2.6878070480712677,2.57810063794591,0.00545503748969712,0.004829891105715477,-1.705639592237962e-10
2.7975134581966254,2.57810063794591,0.0041885641045414064,0.0032249649843478275,-1.2496836811898282e-10
2.9072198683219836,2.57810063794591,0.0033585959939939763,0.0021988154743887703,-9.693531697815838e-11
3.0169262784473414,2.57810063794591,0.0028750996135104533,0.00156001296263568,-8.180430920330661e-11
3.126632688572699,2.57810063794591,0.002675904339055331,0.0011729381671458068,-7.676623464507315e-11
3.236339098698057,2.57810063794591,0.0027337019315468664,0.000948417551413671,-8.086406327531548e-11
3.346045508823415,2.57810063794591,0.0030583331018482684,0.0008318997433233385,-9.499224540646112e-11
3.455751918948773,2.57810063794591,0.0036966414335390723,0.0007932118945811039,-1.2197965706083058e-10
-3.455751918948773,2.6878070480712677,0.0025767393276035014,0.002143870434282858,-8.264683035164033e-11
-3.346045508823415,2.6878070480712677,0.0020900498823108963,0.0014617712205435382,-6.5609767185143e-11
-3.236339098698057,2.6878070480712677,0.0018223581175261894,0.0010398122278798697,-5.703189288018551e-11
-3.126632688572699,2.6878070480712677,0.0017367200384937871,0.0007839179920605239,-5.528441896981984e-11
-3.0169262784473414,2.6878070480712677,0.0018212247068298696,0.0006328148595642125,-6.005342783384909e-11
-2.9072198683219836,2.6878070480712677,0.002089917135982221,0.0005485070996511795,-7.235364456008309e-11
-2.7975134581966254,2.6878070480712677,0.0025824945704756314,0.0005084712427980301,-9.460460713428542e-11
-2.6878070480712677,2.6878070480712677,0.0033617789603616133,0.0005002253000019471,-1.3070344242679943e-10
-2.57810063794591,2.6878070480712677,0.004506136906146675,0.0005181606465915151,-1.8592386658022875e-10
-2.468394227820552,2.6878070480712677,0.006093127436462578,0.0005622574616106065,-2.6637987692382237e-10
-2.358687817695194,2.6878070480712677,0.008171821745170626,0.0006381065056911012,-3.777755148634543e-10
-2.248981407569836,2.6878070480712677,0.01072553549180669,0.0007572458967517455,-5.233104661411803e-10
-2.1392749974444785,2.6878070480712677,0.013634000884665213,0.0009362284219127468,-7.009914558542274e-10
-2.0295685873191207,2.6878070480712677,0.016651561461799712,0.0011925840872408717,-9.01153306490099e-10
-1.9198621771937627,2.6878070480712677,0.01942041327175417,0.0015367669442976377,-1.1054566220747297e-9
-1.8101557670684048,2.6878070480712677,0.021529845710188584,0.001961662866191677,-1.288595157661332e-9
-1.700449356943047,2.6878070480712677,0.022613357144018825,0.002434301949854247,-1.4231202744019456e-9
-1.590742946817689,2.6878070480712677,0.022453364060832634,0.0028957185927118876,-1.4863377889584584e-9
-1.4810365366923313,2.6878070480712677,0.021051774008430717,0.003272367920042098,-1.4668842945875227e-9
-1.3713301265669733,2.6878070480712677,0.01863434777747607,0.003496605346494976,-1.3682684690125013e-9
-1.2616237164416155,2.6878070480712677,0.015585139237631506,0.0035279882074334915,-1.2077936931836897e-9
-1.1519173063162575,2.6878070480712677,0.012338678996149426,0.003365752322824924,-1.0113319001692211e-9
-1.0422108961908998,2.6878070480712677,0.009273567439788435,0.0030471056565915004,-8.062081332388393e-10
-0.9325044860655419,2.6878070480712677,0.006643971039230874,0.002633192059214557,-6.149715385365961e-10
-0.8227980759401841,2.6878070480712677,0.004562575233268899,0.002190042754204641,-4.5194720101754404e-10
-0.7130916658148262,2.6878070480712677,0.0030251885837635083,0.001772619502205322,-3.229197150563662e-10
-0.6033852556894683,2.6878070480712677,0.0019551520057618423,0.0014167374840689205,-2.2703804613243006e-10
-0.4936788455641104,2.6878070480712677,0.0012469430982882037,0.001139133466383054,-1.5957136512752962e-10
-0.38397243543875254,2.6878070480712677,0.0007972344921703523,0.0009429199249530027,-1.1440704893866949e-10
-0.27426602531339467,2.6878070480712677,0.0005210541843661029,0.0008250724558477085,-8.575521147141316e-11
-0.1645596151880368,2.6878070480712677,0.00035647707724039345,0.0007837412020367246,-6.902880572918005e-11
-0.054853205062678934,2.6878070480712677,0.00026299568205582656,0.0008248096331035888,-6.113741658113694e-11
0.054853205062678934,2.6878070480712677,0.00021792631958216324,0.0009683324573990829,-6.048504589978992e-11
0.1645596151880368,2.6878070480712677,0.00021363057313562248,0.0012559015941943565,-6.689302584073076e-11
0.27426602531339467,2.6878070480712677,0.0002569557070646033,0.0017595281895791167,-8.156025355955665e-11
0.38397243543875254,2.6878070480712677,0.0003712987310111038,0.0025911716860930927,-1.0706334234965309e-10
0.4936788455641104,2.6878070480712677,0.0006007476416221734,0.003909427041552393,-1.4729498783866424e-10
0.6033852556894683,2.6878070480712677,0.001014397638173695,0.0059163230337542895,-2.0714615873301812e-10
0.7130916658148262,2.6878070480712677,0.0017070389948380255,0.008834105321262236,-2.9168747885804924e-10
0.8227980759401841,2.6878070480712677,0.0027906251782160336,0.012852433795946175,-4.046673482416274e-10
0.9325044860655419,2.6878070480712677,0.004370964004296689,0.018044610073188385,-5.463902628954909e-10
1.0422108961908998,2.6878070480712677,0.0065080919617854045,0.02426884552988385,-7.114662383539416e-10
1.1519173063162575,2.6878070480712677,0.009167578068908906,0.031091928417798436,-8.873689665012119e-10
1.2616237164416155,2.6878070480712677,0.012180739952394357,0.03778452679929248,-1.0548891794803783e-9
1.3713301265669733,2.6878070480712677,0.015237638137989376,0.04342447835471874,-1.191127845662221e-9
1.4810365366923313,2.6878070480712677,0.01793043747461972,0.04710247585666253,-1.2746418538711612e-9
1.590742946817689,2.6878070480712677,0.01984476002571066,0.048170052276909785,-1.2911803883020045e-9
1.700449356943047,2.6878070480712677,0.020671397148441635,0.04643490070078977,-1.2378429982418115e-9
1.8101557670684048,2.6878070480712677,0.020295320676923467,0.042220162270959066,-1.1239363571780014e-9
1.9198621771937627,2.6878070480712677,0.01882499946197953,0.03626177846161556,-9.681752656531817e-10
2.0295685873191207,2.6878070480712677,0.016551178981161756,0.029490026123258423,-7.934272752696536e-10
2.1392749974444785,2.6878070480712677,0.013855709188906563,0.022786705053439715,-6.210887984470226e-10
2.248981407569836,2.6878070480712677,0.011109717988790433,0.016805633573615066,-4.670054412625468e-10
2.358687817695194,2.6878070480712677,0.008597765785420586,0.011900659358937079,-3.3986388616596974e-10
2.468394227820552,2.6878070480712677,0.006485879922154762,0.008152849354555982,-2.4183903490904157e-10
2.57810063794591,2.6878070480712677,0.004829872257761279,0.0054550569462287445,-1.7056264517076314e-10
2.6878070480712677,2.6878070480712677,0.003607284470723666,0.0036072980183842404,-1.2137035126924545e-10
2.7975134581966254,2.6878070480712677,0.0027547828915284274,0.002391803595843638,-8.911898042446298e-11
2.9072198683219836,2.6878070480712677,0.002198945233896402,0.0016171041492519284,-6.931697880616094e-11
3.0169262784473414,2.6878070480712677,0.0018761963100762382,0.0011351426939867155,-5.864944315793486e-11
3.126632688572699,2.6878070480712677,0.0017431698291644326,0.0008412342491898025,-5.512530601263499e-11
3.236339098698057,2.6878070480712677,0.0017809758273328632,0.0006661387323055257,-5.8073289124598027e-11
3.346045508823415,2.6878070480712677,0.001996557860722231,0.0005663801463372836,-6.814050062045607e-11
3.455751918948773,2.6878070480712677,0.0024227360033579007,0.0005158554173607297,-8.735374337938417e-11
-3.455751918948773,2.7975134581966254,0.0016959349871494154,0.0016246337597649026,-6.09212660786923e-11
-3.346045508823415,2.7975134581966254,0.0013699202367976311,0.0011001253055735365,-4.8527071575509007e-11
-3.236339098698057,2.7975134581966254,0.0011916998934970997,0.0007762308384739285,-4.229845033260071e-11
-3.126632688572699,2.7975134581966254,0.0011354431896939536,0.0005790880303059297,-4.105146376911367e-11
-3.0169262784473414,2.7975134581966254,0.0011930756394530754,0.0004603541653161347,-4.456339399057374e-11
-2.9072198683219836,2.7975134581966254,0.001374826652984606,0.00038935241269494303,-5.358293648193013e-11
-2.7975134581966254,2.7975134581966254,0.001709224004198708,0.00034660260264707704,-6.98871935799969e-11
-2.6878070480712677,2.7975134581966254,0.002241815443310429,0.00031923396903022286,-9.633714312395902e-11
-2.57810063794591,2.7975134581966254,0.003030566070003191,0.00029827137044624954,-1.3680641710624164e-10
-2.468394227820552,2.7975134581966254,0.004135120062162815,0.000277702714834257,-1.957908509798989e-10
-2.358687817695194,2.7975134581966254,0.0055977131076789255,0.0002551828821994303,-2.774913111791566e-10
-2.248981407569836,2.7975134581966254,0.007416357235398737,0.00023389408124535951,-3.8426954890660725e-10
-2.1392749974444785,2.7975134581966254,0.009516137441943254,0.00022437735698084896,-5.146577886083747e-10
-2.0295685873191207,2.7975134581966254,0.011730358442514096,0.0002444223162423459,-6.615183106156719e-10
-1.9198621771937627,2.7975134581966254,0.013805974056912295,0.00031514215643456325,-8.11299779093777e-10
-1.8101557670684048,2.7975134581966254,0.015442868052664236,0.00045289667983199923,-9.453141741611049e-10
-1.700449356943047,2.7975134581966254,0.0163630419405087,0.0006595255148572135,-1.0433354197952882e-9
-1.590742946817689,2.7975134581966254,0.016388878330760855,0.0009157652167741262,-1.0887263850872797e-9
-1.4810365366923313,2.7975134581966254,0.01549966946927156,0.0011825522893642816,-1.0732942954533309e-9
-1.3713301265669733,2.7975134581966254,0.013841041921288212,0.0014113627767196107,-9.998540112174381e-10
-1.2616237164416155,2.7975134581966254,0.011682019169429233,0.001559661181577971,-8.813484057151877e-10
-1.1519173063162575,2.7975134581966254,0.009338130656387878,0.00160438507505117,-7.369183345137809e-10
-1.0422108961908998,2.7975134581966254,0.007092238359926129,0.0015474726179374914,-5.866310241395278e-10
-0.9325044860655419,2.7975134581966254,0.005140947776572598,0.0014119367374986255,-4.469229973082245e-10
-0.8227980759401841,2.7975134581966254,0.003578277784448723,0.0012317380599573208,-3.2812959012244736e-10
-0.7130916658148262,2.7975134581966254,0.002410817904670571,0.0010408317922640442,-2.3432113736322757e-10
-0.6033852556894683,2.7975134581966254,0.0015889394356835393,0.0008656755429624163,-1.64746633436047e-10
-0.4936788455641104,2.7975134581966254,0.0010387584557961375,0.0007227268080120849,-1.1586960395066487e-10
-0.38397243543875254,2.7975134581966254,0.0006856705961483933,0.000620052258176229,-8.319027449332425e-11
-0.27426602531339467,2.7975134581966254,0.0004671740996360125,0.0005611949534752592,-6.247522714008386e-11
-0.1645596151880368,2.7975134581966254,0.0003371499241567561,0.0005497782390623123,-5.03834325605787e-11
-0.054853205062678934,2.7975134581966254,0.0002652500559614199,0.000594241219516506,-4.466826978829011e-11
0.054853205062678934,2.7975134581966254,0.00023460020611303526,0.0007129284797522909,-4.416869734541473e-11
0.1645596151880368,2.7975134581966254,0.00023990790843633183,0.0009401290281706018,-4.874973168200736e-11
0.27426602531339467,2.7975134581966254,0.00028703532290890544,0.0013334038047362988,-5.927308264434134e-11
0.38397243543875254,2.7975134581966254,0.0003943119042148657,0.0019814888195448972,-7.759995879381976e-11
0.4936788455641104,2.7975134581966254,0.0005951160052468732,0.003010040550688465,-1.0655326707770252e-10
0.6033852556894683,2.7975134581966254,0.0009402541350192306,0.004579659108195312,-1.4969907214876232e-10
0.7130916658148262,2.7975134581966254,0.0014973598735143604,0.006868089670378594,-2.107680666281475e-10
0.8227980759401841,2.7975134581966254,0.002343438554962123,0.010028769473666651,-2.9257749001310174e-10
0.9325044860655419,2.7975134581966254,0.003547006250311527,0.014124205051501021,-3.9548639883812964e-10
1.0422108961908998,2.7975134581966254,0.005139422640174273,0.019046487751229458,-5.157281650347567e-10
1.1519173063162575,2.7975134581966254,0.007081324324427556,0.024454646130464774,-6.443003439798867e-10
1.2616237164416155,2.7975134581966254,0.00923731804688437,0.02976879588604774,-7.672240238953965e-10
1.3713301265669733,2.7975134581966254,0.011375459328800668,0.034251469721957285,-8.676824987674525e-10
1.4810365366923313,2.7975134581966254,0.013202634601131899,0.03717284855593638,-9.297935407714952e-10
1.590742946817689,2.7975134581966254,0.014432222877609778,0.03801173520488755,-9.428801246713636e-10
1.700449356943047,2.7975134581966254,0.014862785777093563,0.03661459229762301,-9.046155872993733e-10
1.8101557670684048,2.7975134581966254,0.014436871759456224,0.03324376867546702,-8.217261801557463e-10
1.9198621771937627,2.7975134581966254,0.013255098687859963,0.028493367717863403,-7.079505766338645e-10
2.0295685873191207,2.7975134581966254,0.011540501938812554,0.023110986473845324,-5.801397383320417e-10
2.1392749974444785,2.7975134581966254,0.009570322646077899,0.017800921648717754,-4.5406872359321504e-10
2.248981407569836,2.7975134581966254,0.007604177280672797,0.013080539040050469,-3.41401623117632e-10
2.358687817695194,2.7975134581966254,0.00583371340180203,0.009224870603206009,-2.485063752000194e-10
2.468394227820552,2.7975134581966254,0.004364394674814674,0.006291184446582533,-1.7694998938333484e-10
2.57810063794591,2.7975134581966254,0.0032249513174812364,0.004188578711732175,-1.2496625956259777e-10
2.6878070480712677,2.7975134581966254,0.0023917938136724355,0.0027547930229579526,-8.911812563947019e-11
2.7975134581966254,2.7975134581966254,0.0018156656495929135,0.0018156729320528736,-6.563216940411176e-11
2.9072198683219836,2.7975134581966254,0.001442683138482285,0.0012194329186782777,-5.1222766371365747e-11
3.0169262784473414,2.7975134581966254,0.0012274379815164938,0.0008494191774890227,-4.34708931178196e-11
3.126632688572699,2.7975134581966254,0.0011394816249486904,0.0006234265395574385,-4.0927594755109376e-11
3.236339098698057,2.7975134581966254,0.0011658136244127597,0.00048696167497438807,-4.310895661708419e-11
3.346045508823415,2.7975134581966254,0.0013116476819896089,0.0004052458379833701,-5.0494807120327057e-11
3.455751918948773,2.7975134581966254,0.001600566967294996,0.0003562810686272856,-6.457457149295492e-11
-3.455751918948773,2.9072198683219836,0.001137367177746882,0.001289302713358255,-4.7593040511210993e-11
-3.346045508823415,2.9072198683219836,0.0009153078562488518,0.0008692882072977865,-3.8046360333054974e-11
-3.236339098698057,2.9072198683219836,0.0007954304526756964,0.0006110085824788978,-3.325453009749707e-11
-3.126632688572699,2.9072198683219836,0.000759271309878523,0.0004542625016235682,-3.230930193526271e-11
-3.0169262784473414,2.9072198683219836,0.0008014394478571053,0.0003596384665147825,-3.5043332710475716e-11
-2.9072198683219836,2.9072198683219836,0.0009299335981786687,0.0003018474903476123,-4.203837972172053e-11
-2.7975134581966254,2.9072198683219836,0.0011663284898533427,0.0002642041355005739,-5.466959263761284e-11
-2.6878070480712677,2.9072198683219836,0.0015452789672915782,0.0002346218919407826,-7.51485334463814e-11
-2.57810063794591,2.9072198683219836,0.0021117878339434707,0.00020313935660619376,-1.0646844040076986e-10
-2.468394227820552,2.9072198683219836,0.0029140151783412322,0.00016101896381140283,-1.5210264753436065e-10
-2.358687817695194,2.9072198683219836,0.003989654750428534,0.00010151903328175192,-2.152941700785116e-10
-2.248981407569836,2.9072198683219836,0.005345815597317056,0.00002222116251379084,-2.9785683555022535e-10
-2.1392749974444785,2.9072198683219836,0.00693623223658693,-0.00007186987758602426,-3.986277878967326e-10
-2.0295685873191207,2.9072198683219836,0.008644416939868636,-0.00016616088762376165,-5.120378444162244e-10
-1.9198621771937627,2.9072198683219836,0.01028415901475193,-0.00023746021809473074,-6.275425188176365e-10
-1.8101557670684048,2.9072198683219836,0.011625955757735751,-0.0002595786305508588,-7.306348217411829e-10
-1.700449356943047,2.9072198683219836,0.012448110181777421,-0.0002126781927531806,-8.056667642059034e-10
-1.590742946817689,2.9072198683219836,0.012597873962260971,-0.00009267712354024942,-8.398441490864439e-10
-1.4810365366923313,2.9072198683219836,0.01203903293549814,0.00008425692432269347,-8.2697935999132e-10
-1.3713301265669733,2.9072198683219836,0.010864931984774033,0.0002852976207892853,-7.694316555423297e-10
-1.2616237164416155,2.9072198683219836,0.009270511612703237,0.0004715933568905993,-6.773629712686358e-10
-1.1519173063162575,2.9072198683219836,0.007495523920815704,0.0006109937248707895,-5.656449813748465e-10
-1.0422108961908998,2.9072198683219836,0.0057627192976356795,0.0006870204137056205,-4.49764701176969e-10
-0.9325044860655419,2.9072198683219836,0.004233406452203753,0.0007007939148070557,-3.423230661610266e-10
-0.8227980759401841,2.9072198683219836,0.002991101222542387,0.0006666096270838525,-2.5117104099706133e-10
-0.7130916658148262,2.9072198683219836,0.0020503078022661558,0.0006045989473930809,-1.7932900390343898e-10
-0.6033852556894683,2.9072198683219836,0.0013791909626551754,0.0005341685605258929,-1.2613128564601533e-10
-0.4936788455641104,2.9072198683219836,0.0009241816415509144,0.00047033773493703184,-8.880575604313518e-11
-0.38397243543875254,2.9072198683219836,0.000628868530258997,0.0004231976809433716,-6.387181500930664e-11
-0.27426602531339467,2.9072198683219836,0.00044485210807459395,0.00039959823204815275,-4.807424884610903e-11
-0.1645596151880368,2.9072198683219836,0.0003358860863691741,0.00040603401826103954,-3.88524310380306e-11
-0.054853205062678934,2.9072198683219836,0.0002779973694899038,0.0004521657818478831,-3.448715905950486e-11
0.054853205062678934,2.9072198683219836,0.00025806714227163735,0.0005549765868254823,-3.408938295491534e-11
0.1645596151880368,2.9072198683219836,0.0002725350202061281,0.0007438817867171112,-3.755267911952423e-11
0.27426602531339467,2.9072198683219836,0.00032706576904884053,0.0010669702200101702,-4.5530548623863576e-11
0.38397243543875254,2.9072198683219836,0.0004373538176051382,0.001597754446978746,-5.944019614619739e-11
0.4936788455641104,2.9072198683219836,0.0006306077842272752,0.0024401770068517865,-8.143815895082784e-11
0.6033852556894683,2.9072198683219836,0.0009464774941659444,0.0037272761425990557,-1.1426146183726726e-10
0.7130916658148262,2.9072198683219836,0.0014352811044931449,0.005606769836463214,-1.6079609865826683e-10
0.8227980759401841,2.9072198683219836,0.0021508025899307534,0.008206950792260448,-2.232610858340922e-10
0.9325044860655419,2.9072198683219836,0.0031355448803869366,0.011581429727958375,-3.0202442196508583e-10
1.0422108961908998,2.9072198683219836,0.00439902744395066,0.015642732533715332,-3.9430554134300966e-10
1.1519173063162575,2.9072198683219836,0.005894444051056655,0.020109409156204523,-4.932848244459942e-10
1.2616237164416155,2.9072198683219836,0.007503819705087636,0.02450025786993055,-5.882554599684342e-10
1.3713301265669733,2.9072198683219836,0.009043160080697266,0.028201646590299768,-6.662343177143981e-10
1.4810365366923313,2.9072198683219836,0.010293857001656685,0.030605742656821602,-7.148658991151802e-10
1.590742946817689,2.9072198683219836,0.011055203523902997,0.03127931739784093,-7.257532352866747e-10
1.700449356943047,2.9072198683219836,0.011200648578948662,0.03009734758266981,-6.969462472417032e-10
1.8101557670684048,2.9072198683219836,0.010715222509795121,0.027282887262335163,-6.335378766736399e-10
1.9198621771937627,2.9072198683219836,0.009698108044629672,0.02333509110096147,-5.461102264847639e-10
2.0295685873191207,2.9072198683219836,0.0083298787729893,0.018878350593376593,-4.4770639626157127e-10
2.1392749974444785,2.9072198683219836,0.006819488022270451,0.014497078615027264,-3.505600098402395e-10
2.248981407569836,2.9072198683219836,0.005352778000647722,0.01061665390077264,-2.637200874344714e-10
2.358687817695194,2.9072198683219836,0.0040595428254071,0.007459249932955626,-1.9212385762162887e-10
2.468394227820552,2.9072198683219836,0.003004739491760585,0.00506646083440478,-1.3698385785063105e-10
2.57810063794591,2.9072198683219836,0.00219880486148913,0.0033586076920666995,-9.693280336384169e-11
2.6878070480712677,2.9072198683219836,0.001617096580242362,0.0021989533232989337,-6.93156170482323e-11
2.7975134581966254,2.9072198683219836,0.0012194273115528965,0.0014426889270563006,-5.1222219825050597e-11
2.9072198683219836,2.9072198683219836,0.0009646551897132821,0.0009646596190234839,-4.0122298604165774e-11
3.0169262784473414,2.9072198683219836,0.0008192787044498548,0.0006692816728099283,-3.415525295317329e-11
3.126632688572699,2.9072198683219836,0.0007613792514302903,0.0004895010066868771,-3.2208559658328945e-11
3.236339098698057,2.9072198683219836,0.0007819601606404649,0.00038092450096401147,-3.391352671779091e-11
3.346045508823415,2.9072198683219836,0.0008853432160410293,0.00031501938347347535,-3.964452697331408e-11
3.455751918948773,2.9072198683219836,0.0010894005786727776,0.0002732158389149093,-5.055476480150811e-11
-3.455751918948773,3.0169262784473414,0.0007910783988485496,0.0010962578897358954,-4.0424659171305055e-11
-3.346045508823415,3.0169262784473414,0.0006348117242670099,0.0007381519070825088,-3.241269118338039e-11
-3.236339098698057,3.0169262784473414,0.0005524567736619584,0.0005193536062678829,-2.839358018450963e-11
-3.126632688572699,3.0169262784473414,0.0005302481067341119,0.00038783531651305416,-2.7609413073923644e-11
-3.0169262784473414,3.0169262784473414,0.000564677141575835,0.00030968123635088636,-2.992257770772014e-11
-2.9072198683219836,3.0169262784473414,0.0006626680077430494,0.00026314388845631657,-3.5823051393758104e-11
-2.7975134581966254,3.0169262784473414,0.0008419091548621412,0.00023370102514692253,-4.6465270216525245e-11
-2.6878070480712677,3.0169262784473414,0.0011308773579557967,0.0002103753808854497,-6.370331020501274e-11
-2.57810063794591,3.0169262784473414,0.0015672888634478074,0.00018331347867230448,-9.004371087726476e-11
-2.468394227820552,3.0169262784473414,0.0021930917119900722,0.00014271069409617137,-1.2839082531510004e-10
-2.358687817695194,3.0169262784473414,0.0030441363436511716,0.0000793210890652808,-1.8144831253827376e-10
-2.248981407569836,3.0169262784473414,0.004134007249714408,-0.000013297884066606602,-2.507095958788341e-10
-2.1392749974444785,3.0169262784473414,0.005434582276138581,-0.0001352123823303924,-3.3515662597669027e-10
-2.0295685873191207,3.0169262784473414,0.006860035606530924,-0.0002765975020390262,-4.3006349783464293e-10
-1.9198621771937627,3.0169262784473414,0.008263917404981575,-0.00041654204348074613,-5.265336430748668e-10
-1.8101557670684048,3.0169262784473414,0.009457458364825765,-0.0005262965671297987,-6.123760352971797e-10
-1.700449356943047,3.0169262784473414,0.010249693718162268,-0.0005773148070677388,-6.744993730212201e-10
-1.590742946817689,3.0169262784473414,0.010498743652541961,-0.0005515525788886955,-7.022737079365182e-10
-1.4810365366923313,3.0169262784473414,0.010154995983891628,-0.0004493073544568982,-6.906592962471758e-10
-1.3713301265669733,3.0169262784473414,0.009277505053918408,-0.00029032172142304724,-6.417887584223014e-10
-1.2616237164416155,3.0169262784473414,0.008015951585172872,-0.00010717576779974234,-5.642917426731953e-10
-1.1519173063162575,3.0169262784473414,0.006566140093669501,0.00006586815888617002,-4.706678627570959e-10
-1.0422108961908998,3.0169262784473414,0.0051180145003158995,0.0002032407867276608,-3.7385160809103035e-10
-0.9325044860655419,3.0169262784473414,0.0038156363656390666,0.0002934388782951968,-2.843031289990333e-10
-0.8227980759401841,3.0169262784473414,0.0027397636079637697,0.0003384024196611742,-2.0848492485354975e-10
-0.7130916658148262,3.0169262784473414,0.0019121418192501248,0.0003488843698089513,-1.488289570793569e-10
-0.6033852556894683,3.0169262784473414,0.0013128885745104166,0.00033891080048147504,-1.0471466716736183e-10
-0.4936788455641104,3.0169262784473414,0.0009008960746095341,0.0003216965054677984,-7.379416815025269e-11
-0.38397243543875254,3.0169262784473414,0.0006303145902996191,0.00030790916200523885,-5.315346177526409e-11
-0.27426602531339467,3.0169262784473414,0.0004605967225574011,0.00030602922996361085,-4.008119172931729e-11
-0.1645596151880368,3.0169262784473414,0.00036083464913367437,0.0003241447277860176,-3.24504491745585e-11
-0.054853205062678934,3.0169262784473414,0.00031049263661341644,0.00037268867653274425,-2.8835096148923517e-11
0.054853205062678934,3.0169262784473414,0.0002986086366116987,0.00046800551993622793,-2.8497395524081093e-11
0.1645596151880368,3.0169262784473414,0.00032289946168584453,0.0006368996188816268,-3.134733791987365e-11
0.27426602531339467,3.0169262784473414,0.0003894887780182006,0.0009222329182309481,-3.792368882035019e-11
0.38397243543875254,3.0169262784473414,0.0005133543444962834,0.0013889806980994436,-4.939822054010612e-11
0.4936788455641104,3.0169262784473414,0.0007189961878992831,0.0021287481282939273,-6.755869128016734e-11
0.6033852556894683,3.0169262784473414,0.0010401696826684548,0.0032586957469096676,-9.468293705496011e-11
0.7130916658148262,3.0169262784473414,0.001516896067816852,0.004908924989669867,-1.3318870312195585e-10
0.8227980759401841,3.0169262784473414,0.0021877743541419137,0.007192471649246136,-1.8496282196828195e-10
0.9325044860655419,3.0169262784473414,0.0030765563490389,0.010156567410746695,-2.5037752079959397e-10
1.0422108961908998,3.0169262784473414,0.004174519672391467,0.013723953324919689,-3.2719928849678226e-10
1.1519173063162575,3.0169262784473414,0.005423958012649287,0.017646043788235862,-4.098221293574733e-10
1.2616237164416155,3.0169262784473414,0.006711221252987943,0.0214977852872891,-4.89361034333724e-10
1.3713301265669733,3.0169262784473414,0.007877385994346401,0.024737399947171446,-5.549676794502911e-10
1.4810365366923313,3.0169262784473414,0.008749020881034589,0.026829147412068988,-5.96247140202677e-10
1.590742946817689,3.0169262784473414,0.009182018321053021,0.027393129054569042,-6.060600042656628e-10
1.700449356943047,3.0169262784473414,0.00910303451527861,0.026323369921770475,-5.826436694222892e-10
1.8101557670684048,3.0169262784473414,0.008531490548091627,0.023822025454332894,-5.301552634395801e-10
1.9198621771937627,3.0169262784473414,0.0075725930835010904,0.020333977849180382,-4.573986571443367e-10
2.0295685873191207,3.0169262784473414,0.006384762462363953,0.0164118927227961,-3.7529180978157495e-10
2.1392749974444785,3.0169262784473414,0.005135730360630454,0.012569720844351429,-2.9410913635063984e-10
2.248981407569836,3.0169262784473414,0.003964392029774766,0.009178384092190107,-2.2146894214369883e-10
2.358687817695194,3.0169262784473414,0.0029598204455564834,0.0064284682048212005,-1.6154009380153767e-10
2.468394227820552,3.0169262784473414,0.002159342168837199,0.004351866001034383,-1.153611850143732e-10
2.57810063794591,3.0169262784473414,0.0015600038397147575,0.0028751098409752927,-8.180168022987877e-11
2.6878070480712677,3.0169262784473414,0.0011351362020854332,0.0018762033701360216,-5.864782639565524e-11
2.7975134581966254,3.0169262784473414,0.0008494143906569885,0.0012274430130036688,-4.347002337083683e-11
2.9072198683219836,3.0169262784473414,0.0006692779194847113,0.0008192825273052975,-3.415489831064267e-11
3.0169262784473414,3.0169262784473414,0.0005685585304476059,0.0005685617379244097,-2.914833364909761e-11
3.126632688572699,3.0169262784473414,0.0005307278927652435,0.00041725207187181016,-2.752153279578229e-11
3.236339098698057,3.0169262784473414,0.0005494675768881709,0.00032711284108374525,-2.896824354827951e-11
3.346045508823415,3.0169262784473414,0.0006288284195728999,0.00027361962270449757,-3.3804693311094425e-11
3.455751918948773,3.0169262784473414,0.0007835312866057669,0.0002406980445640961,-4.29994958368006e-11
-3.455751918948773,3.126632688572699,0.0005796695343589877,0.0010177538870721522,-3.807666432587703e-11
-3.346045508823415,3.126632688572699,0.00046440108420205714,0.000686534410098859,-3.0576992760683597e-11
-3.236339098698057,3.126632688572699,0.000406279419684478,0.00048579098809680966,-2.681514998112769e-11
-3.126632688572699,3.126632688572699,0.0003943648808771728,0.00036700295510033,-2.608522870362756e-11
-3.0169262784473414,3.126632688572699,0.0004265226403298278,0.0002988077839968038,-2.8259833926083666e-11
-2.9072198683219836,3.126632688572699,0.0005095063720525303,0.0002613479361415453,-3.37973111411323e-11
-2.7975134581966254,3.126632688572699,0.0006594334356244339,0.00024154894259303605,-4.377562396774837e-11
-2.6878070480712677,3.126632688572699,0.0009022142331627487,0.0002295095826271582,-5.992371757222031e-11
-2.57810063794591,3.126632688572699,0.0012727994259451112,0.00021594812721431394,-8.457515861693549e-11
-2.468394227820552,3.126632688572699,0.0018114868035021422,0.00019078092341436254,-1.2042715002297255e-10
-2.358687817695194,3.126632688572699,0.002555389151425254,0.00014314921299634958,-1.699780097490916e-10
-2.248981407569836,3.126632688572699,0.0035241705517767797,0.00006326587389895847,-2.3458179886429176e-10
-2.1392749974444785,3.126632688572699,0.004701826663658851,-0.00005395822529025412,-3.1323503209626513e-10
-2.0295685873191207,3.126632688572699,0.006020199633200744,-0.00020451691114853083,-4.014701240721841e-10
-1.9198621771937627,3.126632688572699,0.007353118565904457,-0.00037229176110969986,-4.909446321699207e-10
-1.8101557670684048,3.126632688572699,0.008529535232992208,-0.0005299839550012412,-5.70286013724941e-10
-1.700449356943047,3.126632688572699,0.00936780777726031,-0.0006453614256535225,-6.273458115838015e-10
-1.590742946817689,3.126632688572699,0.009722938638508276,-0.000691427899046308,-6.523344460093727e-10
-1.4810365366923313,3.126632688572699,0.009529648728222226,-0.0006563173558540689,-6.407096988375605e-10
-1.3713301265669733,3.126632688572699,0.00882304776938829,-0.000548015505108699,-5.946038852261415e-10
-1.2616237164416155,3.126632688572699,0.0077275441897800955,-0.00039137298737394527,-5.221477391084695e-10
-1.1519173063162575,3.126632688572699,0.006419020041760251,-0.00021896033854040473,-4.349979699364015e-10
-1.0422108961908998,3.126632688572699,0.005076713939594972,-0.00006036876620927017,-3.4514291164661204e-10
-0.9325044860655419,3.126632688572699,0.003843390147971199,0.00006533563194003125,-2.6222233802733474e-10
-0.8227980759401841,3.126632688572699,0.002805325118126798,0.00015177547088145095,-1.9214608962085655e-10
-0.7130916658148262,3.126632688572699,0.001992983485082972,0.00020284249377835583,-1.3709260766534004e-10
-0.6033852556894683,3.126632688572699,0.0013953149205299313,0.0002282054641340298,-9.64328367592665e-11
-0.4936788455641104,3.126632688572699,0.000978350689569941,0.00023918687622223126,-6.796226450535292e-11
-0.38397243543875254,3.126632688572699,0.0007011441450998242,0.00024635020971155476,-4.8971802904095724e-11
-0.27426602531339467,3.126632688572699,0.0005261049678399921,0.00025901932136669474,-3.695162811801975e-11
-0.1645596151880368,3.126632688572699,0.0004239777853006296,0.0002863665816703422,-2.993763933588009e-11
-0.054853205062678934,3.126632688572699,0.00037522866553473894,0.0003396678986649019,-2.6614575940244606e-11
0.054853205062678934,3.126632688572699,0.00036974558943056175,0.00043556344811680617,-2.6302321106709547e-11
0.1645596151880368,3.126632688572699,0.0004062274001276667,0.0006003795157763852,-2.8917378040727026e-11
0.27426602531339467,3.126632688572699,0.0004919451174002994,0.0008754955227196744,-3.495535165574243e-11
0.38397243543875254,3.126632688572699,0.0006429053697510043,0.0013231379866806465,-4.5495829976635593e-11
0.4936788455641104,3.126632688572699,0.0008838201971540356,0.0020306663387259834,-6.21891657094642e-11
0.6033852556894683,3.126632688572699,0.001246675629841937,0.0031094806731950856,-8.714453789658572e-11
0.7130916658148262,3.126632688572699,0.0017662557620105668,0.004682903810164293,-1.2261212401290522e-10
0.8227980759401841,3.126632688572699,0.002471151773921303,0.006857517621260434,-1.70368418157818e-10
0.9325044860655419,3.126632688572699,0.003370128502597919,0.009676759382040082,-2.308078016904913e-10
1.0422108961908998,3.126632688572699,0.004436442064715754,0.013065229280936399,-3.019266668277676e-10
1.1519173063162575,3.126632688572699,0.005595994854266428,0.016784522643287166,-3.785967789271538e-10
1.2616237164416155,3.126632688572699,0.006727038308787355,0.02042898640460915,-4.5262726032502254e-10
1.3713301265669733,3.126632688572699,0.0076771257089874425,0.02348333617528571,-5.139592865882614e-10
1.4810365366923313,3.126632688572699,0.008296445376267354,0.02544005969001214,-5.528944281574244e-10
1.590742946817689,3.126632688572699,0.008478014338624803,0.025941980559587248,-5.627030959243218e-10
1.700449356943047,3.126632688572699,0.008189533212749182,0.024893803860612573,-5.416240997369037e-10
1.8101557670684048,3.126632688572699,0.007483369001022276,0.022493151930402692,-4.934091434039001e-10
1.9198621771937627,3.126632688572699,0.006480245592938113,0.01916670208864102,-4.2617252261900607e-10
2.0295685873191207,3.126632688572699,0.005333878242889459,0.015440785720502665,-3.5004892387502373e-10
2.1392749974444785,3.126632688572699,0.004191292202954715,0.011802071483112813,-2.746197687655827e-10
2.248981407569836,3.126632688572699,0.0031631271147187084,0.008599345940771087,-2.070196861159168e-10
2.358687817695194,3.126632688572699,0.0023112810046539644,0.006009442692577891,-1.51177459006141e-10
2.468394227820552,3.126632688572699,0.0016527347631549562,0.004059023458668354,-1.0810024663604478e-10
2.57810063794591,3.126632688572699,0.0011729292809538922,0.002675914248147029,-7.676366183331784e-11
2.6878070480712677,3.126632688572699,0.0008412279269869786,0.0017431766666492839,-5.512361227200113e-11
2.7975134581966254,3.126632688572699,0.0006234218933052406,0.0011394864821707331,-4.092655316208227e-11
2.9072198683219836,3.126632688572699,0.0004894973895864122,0.0007613829158132113,-3.2207987850103176e-11
3.0169262784473414,3.126632688572699,0.0004172490146477887,0.000530730933032269,-2.7521291777639345e-11
3.126632688572699,3.126632688572699,0.0003933128672151079,0.0003933157257229735,-2.60013568293381e-11
3.236339098698057,3.126632688572699,0.00041316094472321706,0.0003136808416725572,-2.7363434326570235e-11
3.346045508823415,3.126632688572699,0.0004810897893663807,0.00026934609003288144,-3.190372027976271e-11
3.455751918948773,3.126632688572699,0.0006106037508954539,0.00024579096958630433,-4.052699462912118e-11
-3.455751918948773,3.236339098698057,0.0004518333235044231,0.0010420435656284875,-4.010272962231415e-11
-3.346045508823415,3.236339098698057,0.00036172411674107585,0.0007062801542745279,-3.2192142018511866e-11
-3.236339098698057,3.236339098698057,0.00031973233568537737,0.0005045632237870863,-2.82225564533084e-11
-3.126632688572699,3.236339098698057,0.00031638886074589103,0.00038761572518233005,-2.7451459128861183e-11
-3.0169262784473414,3.236339098698057,0.00035065484177652294,0.0003239698526011567,-2.9744452614919453e-11
-2.9072198683219836,3.236339098698057,0.00042993246327378983,0.00029418570646938465,-3.5583124066620314e-11
-2.7975134581966254,3.236339098698057,0.0005707208389940489,0.0002860041977927113,-4.6099959353368414e-11
-2.6878070480712677,3.236339098698057,0.0007994516082633798,0.0002905466188875282,-6.310948817570342e-11
-2.57810063794591,3.236339098698057,0.0011523615187954042,0.0002994181736499445,-8.90561770378398e-11
-2.468394227820552,3.236339098698057,0.0016725787989687055,0.00030273168379221874,-1.267562129477623e-10
-2.358687817695194,3.236339098698057,0.002402309167974103,0.00028840656762936013,-1.7880099180758724e-10
-2.248981407569836,3.236339098698057,0.003368816236006305,0.00024332918104069678,-2.4656135336545426e-10
-2.1392749974444785,3.236339098698057,0.00456544360764927,0.00015673652323060791,-3.289183378787919e-10
-2.0295685873191207,3.236339098698057,0.005932997476593496,0.0000252728079560287,-4.2111800852007164e-10
-1.9198621771937627,3.236339098698057,0.007350569345031784,-0.00014221368024145645,-5.143676227135907e-10
-1.8101557670684048,3.236339098698057,0.00864520163861285,-0.00032304746464672466,-5.967516663110684e-10
-1.700449356943047,3.236339098698057,0.009624235014452644,-0.00048463277587748555,-6.556136501745247e-10
-1.590742946817689,3.236339098698057,0.010123669681465669,-0.0005937441558006265,-6.808349413758852e-10
-1.4810365366923313,3.236339098698057,0.010055723336087027,-0.0006277620480965892,-6.678260461995267e-10
-1.3713301265669733,3.236339098698057,0.009435885371037895,-0.0005826113922464287,-6.18968926460739e-10
-1.2616237164416155,3.236339098698057,0.008377467257836434,-0.0004734788019422464,-5.428614675839771e-10
-1.1519173063162575,3.236339098698057,0.007056298266127024,-0.0003282085024947012,-4.517074813151223e-10
-1.0422108961908998,3.236339098698057,0.005661230860427321,-0.00017703736386073376,-3.579845287392247e-10
-0.9325044860655419,3.236339098698057,0.004350132433408375,-0.00004358455331189906,-2.716737139071834e-10
-0.8227980759401841,3.236339098698057,0.0032250112499008026,0.00005964105816789198,-1.988528883656998e-10
-0.7130916658148262,3.236339098698057,0.002329026710941008,0.00013088957122805599,-1.4172177363949712e-10
-0.6033852556894683,3.236339098698057,0.0016591573662114764,0.00017584590271931563,-9.957739971130919e-11
-0.4936788455641104,3.236339098698057,0.0011849937823841888,0.0002037408207259232,-7.009822149822709e-11
-0.38397243543875254,3.236339098698057,0.0008659291848849086,0.00022457850370999138,-5.0453683223504464e-11
-0.27426602531339467,3.236339098698057,0.000663010218924297,0.00024810528319611216,-3.80303041662422e-11
-0.1645596151880368,3.236339098698057,0.0005451990159252437,0.00028443345852524073,-3.0786954420287255e-11
-0.054853205062678934,3.236339098698057,0.0004916358235337165,0.0003460329210072735,-2.7358725528114913e-11
0.054853205062678934,3.236339098698057,0.0004918442526723946,0.00045093048344132543,-2.7040727892512634e-11
0.1645596151880368,3.236339098698057,0.0005453523619351909,0.0006271206538589326,-2.974719055066563e-11
0.27426602531339467,3.236339098698057,0.0006614608644009919,0.0009181005458397942,-3.5993304365634915e-11
0.38397243543875254,3.236339098698057,0.0008591248963752894,0.0013888207120103017,-4.69013795899656e-11
0.4936788455641104,3.236339098698057,0.0011661843541054282,0.0021299942221873628,-6.41890683401175e-11
0.6033852556894683,3.236339098698057,0.0016165456757967717,0.0032567359843590554,-9.005583865434597e-11
0.7130916658148262,3.236339098698057,0.0022436412644178667,0.004895727652174937,-1.2685592116687405e-10
0.8227980759401841,3.236339098698057,0.0030690636532367723,0.007155325456129669,-1.7646234473644995e-10
0.9325044860655419,3.236339098698057,0.004087181645567931,0.010077582247577464,-2.393239321996088e-10
1.0422108961908998,3.236339098698057,0.0052497085308821955,0.01358112798196711,-3.134057379935995e-10
1.1519173063162575,3.236339098698057,0.006457323429980508,0.01741648510778167,-3.9342293485511437e-10
1.2616237164416155,3.236339098698057,0.007566134437858304,0.02116294633152761,-4.708863143160213e-10
1.3713301265669733,3.236339098698057,0.008412859429717232,0.02428916441011473,-5.35323077532901e-10
1.4810365366923313,3.236339098698057,0.008854377224005215,0.026274710150853673,-5.765805940333157e-10
1.590742946817689,3.236339098698057,0.008808620866150418,0.02675650821193757,-5.875460864362969e-10
1.700449356943047,3.236339098698057,0.008280301963674061,0.025642354859933998,-5.662549873441947e-10
1.8101557670684048,3.236339098698057,0.007360051650404548,0.023141121425187306,-5.16499495950562e-10
1.9198621771937627,3.236339098698057,0.006197188874294728,0.01969558703679418,-4.4666665505177505e-10
2.0295685873191207,3.236339098698057,0.004957879200050168,0.015848647186003546,-3.673142380533623e-10
2.1392749974444785,3.236339098698057,0.0037853760197544936,0.012100208235406917,-2.88479442590861e-10
2.248981407569836,3.236339098698057,0.002775370583449238,0.00880694338803199,-2.1767955233481517e-10
2.358687817695194,3.236339098698057,0.001970623439447449,0.006148182684376815,-1.5909179702788823e-10
2.468394227820552,3.236339098698057,0.0013706703823568485,0.004149059271249319,-1.1382937344442401e-10
2.57810063794591,3.236339098698057,0.0009484077079692969,0.002733712596938255,-8.086170600295206e-11
2.6878070480712677,3.236339098698057,0.0006661317153350605,0.0017809831929223947,-5.807164135413628e-11
2.7975134581966254,3.236339098698057,0.00048695652385005207,0.0011658188465287073,-4.3107853658214124e-11
2.9072198683219836,3.236339098698057,0.0003809205111455577,0.0007819640767203468,-3.391281927587336e-11
3.0169262784473414,3.236339098698057,0.00032710950028716224,0.0005494707915459456,-2.8967828136217122e-11
3.126632688572699,3.236339098698057,0.00031367775788708816,0.000413163924867717,-2.7363241121743098e-11
3.236339098698057,3.236339098698057,0.0003373148971986848,0.00033731806644688367,-2.879917430833462e-11
3.346045508823415,3.236339098698057,0.00040307980216639525,0.00029973962767314456,-3.35867237884549e-11
3.455751918948773,3.236339098698057,0.0005249004786451896,0.00028662962016010507,-4.267657657385654e-11
-3.455751918948773,3.346045508823415,0.00037473142164854903,0.001174025567103875,-4.694845044412449e-11
-3.346045508823415,3.346045508823415,0.0002995512493158763,0.0008015818626005435,-3.761243362121816e-11
-3.236339098698057,3.346045508823415,0.0002690327990110583,0.0005797387728927199,-3.2922990072029035e-11
-3.126632688572699,3.346045508823415,0.0002740861938960199,0.0004541245118002176,-3.2004858236279327e-11
-3.0169262784473414,3.346045508823415,0.0003146683790774188,0.0003905343523278024,-3.4697865240740366e-11
-2.9072198683219836,3.346045508823415,0.0003997161531646817,0.0003685942601246709,-4.156645031427528e-11
-2.7975134581966254,3.346045508823415,0.0005480609084060776,0.00037643133366051587,-5.3939738201176646e-11
-2.6878070480712677,3.346045508823415,0.0007897761170633661,0.00040639684510542727,-7.394564442101542e-11
-2.57810063794591,3.346045508823415,0.001166674929640693,0.0004515614558587247,-1.0444481000557171e-10
-2.468394227820552,3.346045508823415,0.0017298615229530078,0.0005028748761398702,-1.4872001828820924e-10
-2.358687817695194,3.346045508823415,0.0025317688723148065,0.0005473469071975076,-2.097683632698577e-10
-2.248981407569836,3.346045508823415,0.00361081430456658,0.0005680763607356254,-2.891302084903624e-10
-2.1392749974444785,3.346045508823415,0.004969509838021125,0.0005470008902762351,-3.8540965080838263e-10
-2.0295685873191207,3.346045508823415,0.006551526413563681,0.0004704477462171017,-4.929565184871865e-10
-1.9198621771937627,3.346045508823415,0.008227957729134889,0.00033593973694256854,-6.014294669925979e-10
-1.8101557670684048,3.346045508823415,0.009804291084598793,0.00015706029123812703,-6.969039859083814e-10
-1.700449356943047,3.346045508823415,0.011054155997916964,-0.00003709430188940941,-7.646770621219656e-10
-1.590742946817689,3.346045508823415,0.01177414627782738,-0.0002092961814265876,-7.930877812117876e-10
-1.4810365366923313,3.346045508823415,0.011841461556229494,-0.00032611894899107433,-7.769676672875203e-10
-1.3713301265669733,3.346045508823415,0.011250993427869673,-0.00036911662086621614,-7.192631507751956e-10
-1.2616237164416155,3.346045508823415,0.010115669781486626,-0.00033993043707420106,-6.301006634859552e-10
-1.1519173063162575,3.346045508823415,0.008630319332643875,-0.0002572780670741428,-5.237200334864966e-10
-1.0422108961908998,3.346045508823415,0.007015437943273744,-0.0001481230222449316,-4.1460413010771524e-10
-0.9325044860655419,3.346045508823415,0.0054637647174436595,-0.00003783012891031014,-3.142882560105975e-10
-0.8227980759401841,3.346045508823415,0.004107112242312101,0.00005648623275925969,-2.297603227466305e-10
-0.7130916658148262,3.346045508823415,0.0030086711820301528,0.00012786454197252837,-1.6351426376098877e-10
-0.6033852556894683,3.346045508823415,0.002174968895664226,0.0001776990295151075,-1.146918894492227e-10
-0.4936788455641104,3.346045508823415,0.0015767885327191385,0.0002124649374626253,-8.057266345003894e-11
-0.38397243543875254,3.346045508823415,0.0011696417592785315,0.00024090501427013957,-5.7857087502020954e-11
-0.27426602531339467,3.346045508823415,0.0009087170552906042,0.00027268704819211195,-4.350527517448313e-11
-0.1645596151880368,3.346045508823415,0.0007573945157473056,0.00031874820491569313,-3.514641019625869e-11
-0.054853205062678934,3.346045508823415,0.0006908432906670953,0.00039320126908557677,-3.119722275651826e-11
0.054853205062678934,3.346045508823415,0.000696878455359604,0.0005166979848489096,-3.0841702943710386e-11
0.1645596151880368,3.346045508823415,0.0007758257708922969,0.000721243288908999,-3.398289646645153e-11
0.27426602531339467,3.346045508823415,0.0009402675560104008,0.0010563047490616667,-4.1222061788331876e-11
0.38397243543875254,3.346045508823415,0.0012145677953935145,0.0015953450892494197,-5.38667489519834e-11
0.4936788455641104,3.346045508823415,0.0016331428447297046,0.0024403986179812476,-7.391835472707331e-11
0.6033852556894683,3.346045508823415,0.0022357243276146005,0.003720148734973488,-1.0394111656444882e-10
0.7130916658148262,3.346045508823415,0.0030577430391329516,0.005575072827953326,-1.4668292361991186e-10
0.8227980759401841,3.346045508823415,0.004115054475223581,0.008123616575323475,-2.043377359678411e-10
0.9325044860655419,3.346045508823415,0.00538497864042237,0.01140858544442477,-2.774524342913365e-10
1.0422108961908998,3.346045508823415,0.0067895937532818,0.015334076220323007,-3.6369811676206787e-10
1.1519173063162575,3.346045508823415,0.008190446076706593,0.019617099869953875,-4.569769493367737e-10
1.2616237164416155,3.346045508823415,0.009403277584399686,0.02378595506183066,-5.474623029216863e-10
1.3713301265669733,3.346045508823415,0.01023494593420322,0.02724915926310425,-6.22994078200434e-10
1.4810365366923313,3.346045508823415,0.010533900822890118,0.029430995556764893,-6.717326070382335e-10
1.590742946817689,3.346045508823415,0.010236082094338305,0.029933224171365024,-6.853108011628528e-10
1.700449356943047,3.346045508823415,0.00938670116612991,0.028659263553966155,-6.613046273779011e-10
1.8101557670684048,3.346045508823415,0.008127644671941993,0.02584590933703973,-6.039824352460643e-10
1.9198621771937627,3.346045508823415,0.0066556679075556865,0.021987823164528332,-5.230022959851199e-10
2.0295685873191207,3.346045508823415,0.005169136943611226,0.017689065095826156,-4.306230320244575e-10
2.1392749974444785,3.346045508823415,0.003823811774966817,0.013504834100418889,-3.3857378706203534e-10
2.248981407569836,3.346045508823415,0.002710753417377819,0.00983078502439156,-2.5570121280765745e-10
2.358687817695194,3.346045508823415,0.001857663858695782,0.006865498155008548,-1.8697730299818693e-10
2.468394227820552,3.346045508823415,0.0012458218610131282,0.004636294177184488,-1.3378838792030279e-10
2.57810063794591,3.346045508823415,0.0008318875517435335,0.003058345724430319,-9.499023854823985e-11
2.6878070480712677,3.346045508823415,0.0005663714241034891,0.0019965665949876784,-6.813899769940457e-11
2.7975134581966254,3.346045508823415,0.00040523942743174717,0.0013116538717727843,-5.049371424453719e-11
2.9072198683219836,3.346045508823415,0.0003150144284285399,0.0008853478392593848,-3.9643745426178045e-11
3.0169262784473414,3.346045508823415,0.00027361549765477866,0.0006288321830297487,-3.380413798274168e-11
3.126632688572699,3.346045508823415,0.00026934231703015674,0.0004810932360415011,-3.190334780210635e-11
3.236339098698057,3.346045508823415,0.000299735793370493,0.00040308341864568934,-3.358652283158223e-11
3.346045508823415,3.346045508823415,0.0003712296117309976,0.0003712339371202037,-3.921759217286741e-11
3.455751918948773,3.346045508823415,0.0004998245877510225,0.0003718172218220282,-4.991227103932211e-11
-3.455751918948773,3.455751918948773,0.00032738476273625757,0.0014354227145338978,-5.999399967700908e-11
-3.346045508823415,3.455751918948773,0.00026008901352570077,0.0009892310420501146,-4.792732074924977e-11
-3.236339098698057,3.455751918948773,0.00023862030909226718,0.0007255331309993805,-4.185648924898491e-11
-3.126632688572699,3.455751918948773,0.0002532091904822252,0.0005799915477711214,-4.0651786244964155e-11
-3.0169262784473414,3.455751918948773,0.0003048384812222675,0.0005128239213022908,-4.4103019305151425e-11
-2.9072198683219836,3.455751918948773,0.0004050701916611505,0.0005014574437116516,-5.29321113849901e-11
-2.7975134581966254,3.455751918948773,0.0005773466015924603,0.0005343320534225463,-6.884303148163226e-11
-2.6878070480712677,3.455751918948773,0.0008590680004815749,0.0006058189219047411,-9.456157525847969e-11
-2.57810063794591,3.455751918948773,0.001302871686335807,0.0007117528847952994,-1.3374308821881287e-10
-2.468394227820552,3.455751918948773,0.001974486357974501,0.0008452446961818188,-1.9056326655553235e-10
-2.358687817695194,3.455751918948773,0.0029438101232137763,0.0009930727978341835,-2.688000039566263e-10
-2.248981407569836,3.455751918948773,0.004266497841826172,0.0011337759686225863,-3.703303341068276e-10
-2.1392749974444785,3.455751918948773,0.0059564862251844895,0.0012390448319463902,-4.932503992922943e-10
-2.0295685873191207,3.455751918948773,0.007955684612001133,0.0012794669303904274,-6.302252253051477e-10
-1.9198621771937627,3.455751918948773,0.01011342250709542,0.00123380440606416,-7.679817866715344e-10
-1.8101557670684048,3.455751918948773,0.012190748674753742,0.0010984462775072688,-8.887721591674391e-10
-1.700449356943047,3.455751918948773,0.013898902469406178,0.0008921773509835279,-9.739739275510528e-10
-1.590742946817689,3.455751918948773,0.01496692228146998,0.0006526246869646597,-1.0089383677483466e-9
-1.4810365366923313,3.455751918948773,0.015216800442031242,0.00042473198895015465,-9.873212672775744e-10
-1.3713301265669733,3.455751918948773,0.014616312241729507,0.0002461348821367771,-9.130670152249221e-10
-1.2616237164416155,3.455751918948773,0.013286806919323319,0.00013622517732516434,-7.991567364459828e-10
-1.1519173063162575,3.455751918948773,0.011463239361403437,0.00009351583015168499,-6.636917578017876e-10
-1.0422108961908998,3.455751918948773,0.009424960081937411,0.00010118634823077025,-5.250028042511068e-10
-0.9325044860655419,3.455751918948773,0.00742597854953224,0.00013669409211457262,-3.976458450710707e-10
-0.8227980759401841,3.455751918948773,0.005648318850533708,0.0001804266453503743,-2.90412196461004e-10
-0.7130916658148262,3.455751918948773,0.004187344355786022,0.000220354492794941,-2.064151154688998e-10
-0.6033852556894683,3.455751918948773,0.003063454933622739,0.000252524780705769,-1.4453800808132689e-10
-0.4936788455641104,3.455751918948773,0.002247253599760033,0.00027912421296736743,-1.0131574182045688e-10
-0.38397243543875254,3.455751918948773,0.0016858921228356256,0.0003061618043668645,-7.255537305943943e-11
-0.27426602531339467,3.455751918948773,0.0013233251806024683,0.0003421573143546683,-5.439657231598449e-11
-0.1645596151880368,3.455751918948773,0.001112556821585973,0.0003984193362207967,-4.383025973414556e-11
-0.054853205062678934,3.455751918948773,0.0010213653402979302,0.000491041893740462,-3.884875168953805e-11
0.054853205062678934,3.455751918948773,0.0010341396116700942,0.0006446549892854272,-3.8419697978575584e-11
0.1645596151880368,3.455751918948773,0.0011520721563116818,0.000897969079871699,-4.242489356782314e-11
0.27426602531339467,3.455751918948773,0.0013928458124207552,0.001310891161779324,-5.163419182236534e-11
0.38397243543875254,3.455751918948773,0.001789630738124245,0.001972085239510121,-6.771621176120124e-11
0.4936788455641104,3.455751918948773,0.0023879482951433533,0.0030040418673051308,-9.322215048512827e-11
0.6033852556894683,3.455751918948773,0.003238072465645743,0.004560188954884162,-1.3141767708779728e-10
0.7130916658148262,3.455751918948773,0.004380719543533761,0.006806453527427121,-1.8579904888932353e-10
0.8227980759401841,3.455751918948773,0.005825622139360898,0.009880369350861819,-2.591558244044445e-10
0.9325044860655419,3.455751918948773,0.007526611381792297,0.013827252706564557,-3.521872758704969e-10
1.0422108961908998,3.455751918948773,0.009362080878566933,0.018526206874920004,-4.619518014642443e-10
1.1519173063162575,3.455751918948773,0.011133215944738307,0.02363472380693336,-5.807416283976075e-10
1.2616237164416155,3.455751918948773,0.012590149249496491,0.028589251640942143,-6.961299193336545e-10
1.3713301265669733,3.455751918948773,0.013486202796161067,0.03268864511210109,-7.927182243960829e-10
1.4810365366923313,3.455751918948773,0.013645698266657291,0.03525465002487912,-8.554674676974905e-10
1.590742946817689,3.455751918948773,0.013019727161318339,0.03582141202767005,-8.736705213452378e-10
1.700449356943047,3.455751918948773,0.011705257322288089,0.03427981236653535,-8.440919456453866e-10
1.8101557670684048,3.455751918948773,0.009917800651655949,0.030913280183694537,-7.719653839777241e-10
1.9198621771937627,3.455751918948773,0.007928903162976876,0.02630844934851542,-6.6940757624534e-10
2.0295685873191207,3.455751918948773,0.005994606285094779,0.021180703214217302,-5.519329559361408e-10
2.1392749974444785,3.455751918948773,0.004301622750059367,0.01618811440664218,-4.3449353316626915e-10
2.248981407569836,3.455751918948773,0.002945739878606404,0.011800798863448519,-3.284607429793196e-10
2.358687817695194,3.455751918948773,0.001940772813664492,0.008255980673703697,-2.403104538278855e-10
2.468394227820552,3.455751918948773,0.0012454016080364538,0.005587771165215744,-1.719395095051146e-10
2.57810063794591,3.455751918948773,0.0007931954922643767,0.0036966575466083574,-1.2197816606600298e-10
2.6878070480712677,3.455751918948773,0.0005158436297397483,0.0024227471849130305,-8.735251692988666e-11
2.7975134581966254,3.455751918948773,0.00035627238001901195,0.0016005749002872141,-6.457356849752516e-11
2.9072198683219836,3.455751918948773,0.0002732091186574296,0.0010894064944235674,-5.05539456867668e-11
3.0169262784473414,3.455751918948773,0.00024069246129830064,0.0007835360772838559,-4.299881620466878e-11
3.126632688572699,3.455751918948773,0.0002457858865659458,0.0006106081000725502,-4.05264252603503e-11
3.236339098698057,3.455751918948773,0.0002866244890082452,0.0005249049933371226,-4.2676131075183865e-11
3.346045508823415,3.455751918948773,0.0003718114782151613,0.0004998299325582459,-4.991199489302878e-11
3.455751918948773,3.455751918948773,0.0005213552886829088,0.0005213623304452464,-6.366419289536088e-11
